course_skill,best_esco,score
wind energy,wind energy,1.0
history,history,1.0
data mining,data mining,1.0
healthcare administration,healthcare administration,1.0
health psychology,health psychology,1.0
data quality assessment,data quality assessment,1.0
health education,health education,1.0
data science,data science,1.0
data storage,data storage,1.0
management consulting,management consulting,1.0
data warehouse,data warehouse,1.0
manufacturing processes,manufacturing processes,1.0
asset management,asset management,1.0
market analysis,market analysis,1.0
database (dbms),database,1.0
market research,market research,1.0
marketing analytics,marketing analytics,1.0
marketing mix,marketing mix,1.0
graphic design,graphic design,1.0
mathematics,mathematics,1.0
grammar,grammar,1.0
matlab,MATLAB,1.0
solar energy,solar energy,1.0
pricing strategies,pricing strategies,1.0
mergers and acquisitions (m&a),mergers and acquisitions,1.0
microeconomics,microeconomics,1.0
renewable energy,renewable energy,1.0
software metrics,software metrics,1.0
reproductive health,reproductive health,1.0
communication,communication,1.0
project management,project management,1.0
research design,research design,1.0
human anatomy,human anatomy,1.0
semantics,semantics,1.0
strategic planning,strategic planning,1.0
quantitative analysis,quantitative analysis,1.0
international law,international law,1.0
crisis intervention,crisis intervention,1.0
statistics,statistics,1.0
contract law,contract law,1.0
content marketing strategy,content marketing strategy,1.0
information extraction,information extraction,1.0
lean manufacturing,lean manufacturing,1.0
public relations,public relations,1.0
public health,public health,1.0
customer service,customer service,1.0
legal research,legal research,1.0
linguistics,linguistics,1.0
psychology,psychology,1.0
computer science,computer science,1.0
computer programming,computer programming,1.0
psychiatry,psychiatry,1.0
psychiatric disorders,psychiatric disorders,1.0
computer forensics,computer forensics,1.0
web services,web services,1.0
logistics,logistics,1.0
competition law,competition law,1.0
machine learning,machine learning,1.0
algorithms,algorithms,1.0
data ethics,data ethics,1.0
depreciation,depreciation,1.0
javascript,JavaScript,1.0
business communication,business communication,1.0
fraud detection,fraud detection,1.0
politics,politics,1.0
business intelligence,business intelligence,1.0
typography,typography,1.0
policy analysis,policy analysis,1.0
blockchain,blockchain,1.0
business analytics,business analytics,1.0
business analysis,business analysis,1.0
embedded systems,embedded systems,1.0
accounting,accounting,1.0
natural language processing,natural language processing,1.0
social justice,social justice,1.0
personal development,personal development,1.0
pp&e accounting,accounting,1.0
ethics,ethics,1.0
financial markets,financial markets,1.0
economics,economics,1.0
financial management,financial management,1.0
financial analysis,financial analysis,1.0
risk identification,risk identification,1.0
neurology,neurology,1.0
risk management,risk management,1.0
biology,biology,1.0
blockchain platforms,blockchain platforms,1.0
devops,DevOps,1.0
photography,photography,1.0
design thinking,design thinking,1.0
mobile marketing,mobile marketing,1.0
smart contract,smart contract,1.0
pedagogy,pedagogy,1.0
palliative care,palliative care,1.0
motivate employees,motivate employees,1.0
fundamental analysis,fundamental analysis,1.0
business intelligence (bi),business intelligence,1.0
game theory,game theory,1.0
environmental policy,environmental policy,1.0
dei strategic planning,strategic planning,0.998
customer relationship management (crm),customer relationship management,0.994
internet of things (iot),Internet of Things,0.988
computer graphics (cg),computer graphics,0.985
ai communication,communication,0.982
analyze financial statements,financial statements,0.973
earth economics,economics,0.967
design-thinking,design thinking,0.959
typescript typing,TypeScript,0.954
javascript async/await,JavaScript,0.954
graph algorithms,algorithms,0.954
javascript coding,JavaScript,0.953
bayesian statistics,statistics,0.951
greedy algorithms,algorithms,0.95
cell biology,biology,0.946
natural language processing with bert,natural language processing,0.938
plant biology,biology,0.938
quadrotor hardware components,hardware components,0.936
javascript syntax,JavaScript,0.936
javascript promises,JavaScript,0.936
renewable energy techologies,renewable energy,0.934
server-side javascript,JavaScript,0.932
recursive algorithms,algorithms,0.931
sorting algorithms,algorithms,0.93
javascript variables,JavaScript,0.927
organizational anthropology,anthropology,0.927
blockchain oracles,blockchain,0.927
discrete mathematics,mathematics,0.926
web services flask,web services,0.924
typescript syntax,TypeScript,0.924
machine learning regression,machine learning,0.921
applied mathematics,mathematics,0.921
optimization algorithms,algorithms,0.92
creating financial statements,financial statements,0.92
agile communication,communication,0.92
cobol coding,COBOL,0.92
machine learning fluency,machine learning,0.919
graphs algorithms,algorithms,0.915
disaster recovery plans,manage disaster recovery plans,0.915
cancer biology,biology,0.907
encryption algorithms,algorithms,0.907
generally accepted accounting principles,national generally accepted accounting principles,0.907
project management triangle,project management,0.905
graph database,database,0.901
human–computer interaction,human-computer interaction,0.9
asynchronous javascript,JavaScript,0.898
database indexing,database,0.898
bioinformatics algorithms,algorithms,0.895
networking hardware,ICT networking hardware,0.895
generative machine learning,machine learning,0.894
waterfall project management,project management,0.894
unsupervised machine learning,machine learning,0.893
molecular biology,biology,0.888
health policy analysis,policy analysis,0.886
functional javascript,JavaScript,0.885
lasso (statistics),statistics,0.882
marketing mix optimization,marketing mix,0.881
human computer interaction,human-computer interaction,0.881
database servers,database,0.879
virtual private network (vpn),implement a virtual private network,0.878
marketing channel,channel marketing,0.878
relational database management system (rdbms),operate relational database management system,0.874
string (computer science),computer science,0.873
dimensionality reduction,perform dimensionality reduction,0.873
arrays in javascript,JavaScript,0.873
machine learning operations (mlops),machine learning,0.872
website wireframe,create website wireframe,0.872
it asset management,asset management,0.872
legal project management,project management,0.87
algorithms on strings,algorithms,0.87
key performance indicators,track key performance indicators,0.869
communication efficace,communication,0.868
risk management plan,risk management,0.868
decentralization algorithms,algorithms,0.867
behavioral economics,economics,0.865
glossary of computer graphics,computer graphics,0.865
strategic thinking,apply strategic thinking,0.865
procurement,e-procurement,0.864
cobol divisions,COBOL,0.863
machine learning concepts,machine learning,0.861
software project management,project management,0.861
social media marketing,apply social media marketing,0.859
machine learning experiment tracking,machine learning,0.858
health economics,economics,0.855
threat intelligence,conduct threat intelligence,0.855
supportive communication,communication,0.854
machine learning pipeline fundamentals,machine learning,0.853
machine learning dataset fundamentals,machine learning,0.853
branding communication,communication,0.852
forensic accounting,perform forensic accounting,0.851
systems and design thinking,design thinking,0.85
embedded systems engineering,embedded systems,0.85
video conferencing,video conferencing tool,0.849
cloud asset management,asset management,0.849
security principles,data security principles,0.849
data clustering algorithms,algorithms,0.847
data cleansing,perform data cleansing,0.846
cloud architecture,design cloud architecture,0.846
teaching strategies,apply teaching strategies,0.846
consensus mechanisms,blockchain consensus mechanisms,0.845
database optimization,database,0.845
conflict management,apply conflict management,0.844
sustainable energy,promote sustainable energy,0.842
public health research,public health,0.842
psychological first aid,first aid,0.842
visualization (computer graphics),computer graphics,0.842
react (javascript library),JavaScript,0.841
computational biology,biology,0.84
market risk management,risk management,0.84
video editing,perform video editing,0.84
cloud cost management,cost management,0.839
blockchain mechanics,blockchain,0.838
machine learning pipeline creation,machine learning,0.838
machine learning modeling,machine learning,0.838
corporate governance,implement corporate governance,0.836
amazon web services basics,web services,0.836
crisis management,apply crisis management,0.835
change management,apply change management,0.835
summary statistics,statistics,0.835
quantitative research,conduct quantitative research,0.833
inferential statistics,statistics,0.832
penetration testing,penetration testing tool,0.831
marketing strategy,plan marketing strategy,0.831
information privacy,ensure information privacy,0.831
audio editing,audio editing software,0.83
javascript methods,JavaScript,0.829
data science strategy,data science,0.829
user interface,design user interface,0.829
social psychology,psychology,0.829
behavioral psychology,psychology,0.828
qualitative research,conduct qualitative research,0.828
real estate,real estate market,0.827
digital marketing,plan digital marketing,0.826
analysis of algorithms,algorithms,0.826
artificial neural network,artificial neural networks,0.825
emotional intelligence,have emotional intelligence,0.825
effective communication,communication,0.823
financial risk,manage financial risk,0.822
divide and conquer algorithms,algorithms,0.821
smart contracts,implement smart contracts,0.821
recommender systems,build recommender systems,0.82
digital marketing kpis,plan digital marketing,0.82
software testing,plan software testing,0.819
basis of accounting,accounting,0.819
cloud-based machine learning,machine learning,0.819
six sigma,six sigma methods,0.818
javascript data structures,JavaScript,0.818
search algorithms,algorithms,0.818
business case,develop business case,0.817
gcp infrastructure,ICT infrastructure,0.816
decision support system,utilise decision support system,0.816
wind energy engineering,wind energy,0.814
software architecture,define software architecture,0.813
automated machine learning,machine learning,0.813
computer network,design computer network,0.812
case management,apply case management,0.812
ethical hacking,ethical hacking principles,0.811
technology strategy,define technology strategy,0.809
supply chain risk management,supply chain management,0.808
machine learning interpretation,machine learning,0.807
supply chain,supply chain management,0.807
machine learning use cases,machine learning,0.806
media planning and strategies,media planning,0.806
brand identity,define brand identity,0.806
resource management,human resource management,0.805
database normalization,database,0.805
talent management,talent management strategies,0.805
international relations,build international relations,0.804
machine learning classification,machine learning,0.804
data warehouse architecture,data warehouse,0.803
user interface design (ui design),design user interface,0.803
configuration management,project configuration management,0.803
lean project management,project management,0.803
management accounting,accounting,0.802
credit score,consult credit score,0.802
image processing,digital image processing,0.801
machine learning applied to finance,machine learning,0.801
implement responsible machine learning,machine learning,0.8
database management,database management systems,0.799
project risk management,risk management,0.799
database security,maintain database security,0.798
database scalability,database,0.798
mixed methods market research,market research,0.797
research methodology,scientific research methodology,0.797
javascript package management,JavaScript,0.797
customer experience,manage the customer experience,0.797
relational database management syste (rdbms),operate relational database management system,0.796
data science roadmaps,data science,0.796
big data,analyse big data,0.795
data architecture,manage ICT data architecture,0.794
knowledge of human behavior,apply knowledge of human behaviour,0.794
personality development,personality development theories,0.792
content creation,digital content creation,0.792
understand operational risk key risk indicators (kris),key risk indicators,0.791
manage azure resources for machine learning,machine learning,0.791
managing machine learning production systems,machine learning,0.789
bond market,monitor bond market,0.789
relational data models,data models,0.786
software design,create software design,0.786
integration testing,execute integration testing,0.785
zero trust algorithms,algorithms,0.785
accounting software,accounting,0.784
understanding smart contract risk,smart contract,0.783
content marketing,content marketing strategy,0.783
identity management (idm),digital identity management,0.782
human resources (hr),hire human resources,0.782
communication design,communication,0.782
email marketing,execute email marketing,0.782
artificial intelligence (ai),principles of artificial intelligence,0.78
database fundamentals,database,0.78
brand marketing,brand marketing techniques,0.78
artificial intelligence (a.i.),principles of artificial intelligence,0.78
risk analysis,perform risk analysis,0.779
domain name system (dns),domain name service,0.779
content development,content development processes,0.779
probability and statistics,statistics,0.777
environmental impact assessment,assess environmental impact,0.777
email marketing analytics,marketing analytics,0.776
financial accounting,accounting,0.775
basic algorithms,algorithms,0.775
disaster recovery,manage disaster recovery plans,0.773
intellectual property,manage intellectual property rights,0.773
geographic information system (gis),geographic information systems,0.773
business accounting,accounting,0.773
accounting analysis,accounting,0.771
c++ copy and move semantics,semantics,0.771
information security (infosec),ensure information security,0.77
data analysis,perform data analysis,0.77
pricing economics,economics,0.77
business psychology,psychology,0.77
database (db) design,database,0.77
planning and project management,project management,0.769
business ethics,ethics,0.769
natural language toolkit (nltk),natural language processing,0.768
object-oriented design,object-oriented modelling,0.767
copywriting,perform copywriting,0.767
mental health,promote mental health,0.765
cloud migration,migration,0.765
quantitative data visualization,manage quantitative data,0.764
computer programs/algorithms,algorithms,0.763
customer satisfaction,guarantee customer satisfaction,0.762
e-commerce,e-commerce systems,0.761
cost–benefit analysis,provide cost benefit analysis reports,0.761
business processes and requirements,business processes,0.76
automated machine learning (automl),machine learning,0.76
market (economics),economics,0.759
competition,competition law,0.756
embedded c,embedded systems,0.756
data cleansing (pembersihan data),perform data cleansing,0.756
social media,social media management,0.755
safety,ICT safety,0.755
employment,employment law,0.754
machine learning engineering for production,machine learning,0.754
devops documentation,DevOps,0.754
cloud architecture proficiency,design cloud architecture,0.753
public health interventions,public health,0.751
consensus algorithms,algorithms,0.751
return on investment,advise on investment,0.751
search algorithms in c++,algorithms,0.751
insurance,insurance law,0.75
analytics,data analytics,0.75
backups,perform backups,0.75
cyber-security regulation,cyber security,0.748
justice,social justice,0.748
machine learning ops troubleshooting,machine learning,0.748
art history,history,0.747
information security analyst,ensure information security,0.747
customer psychology,psychology,0.747
machine learning framework fundamentals,machine learning,0.747
contracts,manage contracts,0.747
fashion e-commerce,e-commerce systems,0.747
devops engineering,DevOps,0.746
surveillance,surveillance methods,0.746
health care,health care system,0.746
legal issues of artificial intelligence,principles of artificial intelligence,0.745
financial services,offer financial services,0.745
business strategy,business strategy concepts,0.745
javascript functions,JavaScript,0.744
understanding corporate financial statements,financial statements,0.741
communication strategy,communication,0.741
customer engagement,apply customer engagement strategy,0.741
statistics for marketing,statistics,0.741
multimedia,multimedia systems,0.741
data science methodology,data science,0.74
inclusion,promote inclusion,0.74
journalism,digital journalism,0.74
scala programming,Scala,0.738
network security,ICT network security risks,0.738
confidentiality,information confidentiality,0.738
computer vision,develop computer vision system,0.737
user-centered design,use methodologies for user-centered design,0.737
forecasting,financial forecasting,0.737
process control,statistical process control,0.737
aws database services,database,0.737
nosql databases,use databases,0.736
classification algorithms,algorithms,0.736
search engine optimization,conduct search engine optimisation,0.735
search engine optimization (seo),conduct search engine optimisation,0.735
data collection,manage data collection systems,0.735
expertise in data science,data science,0.734
blockchain (database),blockchain,0.734
engineering,data engineering,0.732
cloud services,develop with cloud services,0.732
balance sheet,perform balance sheet operations,0.732
machine learning (ml) algorithms,machine learning,0.731
cost-benefit analysis,provide cost benefit analysis reports,0.731
communication skills,apply technical communication skills,0.73
anatomy,human anatomy,0.73
federal tax returns,inspect tax returns,0.73
css frameworks,software frameworks,0.73
organizational structure,organisational structure,0.729
business process,business process modelling,0.729
data science use cases,data science,0.729
object-oriented programming (oop),object-oriented modelling,0.728
cobol structure,COBOL,0.728
environmental economics,economics,0.728
marketing plan,execute marketing plan,0.728
copyright,copyright legislation,0.728
software design pattern,use software design patterns,0.728
javascript exception handling,JavaScript,0.728
machine learning system architectures,machine learning,0.727
science,data science,0.727
feedforward neural networks,artificial neural networks,0.727
oltp databases,use databases,0.726
cloud database,database,0.726
encryption algorithms and techniques,algorithms,0.726
methodology,5S methodology,0.725
brand communication,communication,0.725
professional development,manage personal professional development,0.725
describe features of natural language processing (nlp) workloads on azure,natural language processing,0.725
application to personal finances,manage personal finances,0.724
test automation,tools for ICT test automation,0.724
data cleansing and exploration,perform data cleansing,0.723
• create simple javascript code,JavaScript,0.723
logistics planning,logistics,0.723
null character,assess character,0.723
orchestrator user interface,design user interface,0.723
quantitative data analysis,manage quantitative data,0.723
financial statement analysis,financial analysis,0.722
bookkeeping,bookkeeping regulations,0.722
unity (user interface),design user interface,0.722
data security,data security principles,0.721
react design patterns,blockchain design patterns,0.721
continuous improvement,continuous improvement philosophies,0.721
screenwriting,screenwriting theories,0.72
transformation and loading (etl),"data extraction, transformation and loading tools",0.719
extraction,information extraction,0.719
statistical analysis,statistical analysis system software,0.719
graphics,design graphics,0.718
ai algorithms in python,algorithms,0.718
customer experience (cx) design,manage the customer experience,0.717
marketing digital,plan digital marketing,0.717
machine learning model lifecycle,machine learning,0.716
hr lifecycle,procurement lifecycle,0.716
ai terminology,legal terminology,0.716
basic statistics,statistics,0.716
research technology trends,monitor technology trends,0.716
nosql and big data,analyse big data,0.715
privileged identity management,digital identity management,0.715
strategies in teaching,apply teaching strategies,0.715
troubleshooting,perform ICT troubleshooting,0.715
python programming,Python (computer programming),0.715
data science business context,data science,0.714
consulting,management consulting,0.714
statistical modeling fundamentals,statistical modeling techniques,0.713
classification,medication classification,0.713
manufacturing process,manufacturing processes,0.712
open source,operate open source software,0.712
data mining algorithms,algorithms,0.711
infrastructure as a service,ICT infrastructure,0.71
nlp models,data models,0.71
swift programming,Swift (computer programming),0.709
social media marketing strategy,apply social media marketing,0.709
science communication,communication,0.708
list comprehension,product comprehension,0.708
recurrent neural networks,artificial neural networks,0.707
data architecture fluency,manage ICT data architecture,0.707
user interface techniques,design user interface,0.707
scope (project management),project management,0.706
evaluation,plan evaluation,0.706
machine learning model evaluation and optimization,machine learning,0.705
data warehousing,implement data warehousing techniques,0.705
asset accounting,accounting,0.705
google analytics,data analytics,0.704
unit testing,perform software unit testing,0.703
technical communication,apply technical communication skills,0.703
lean six sigma,six sigma methods,0.703
human resources management,hire human resources,0.703
embedded system design,system design,0.702
schedule (project management),project management,0.702
forensics,computer forensics,0.702
simulation,computer simulation,0.702
azure blob storage,data storage,0.702
research methods,investigation research methods,0.701
disease surveillance,surveillance methods,0.701
blockchain technology implementation,develop blockchain technology,0.7
probabilistic neural networks,artificial neural networks,0.699
business case analysis,develop business case,0.699
credit risk,apply credit risk policy,0.698
general statistics,statistics,0.698
financial ratio analyses & forecasting techniques,financial forecasting,0.698
social return on investment (sroi),advise on investment,0.697
problem solving,apply problem solving in social service,0.697
cloud infrastructure,ICT infrastructure,0.697
object-oriented python,object-oriented modelling,0.697
real estate finance,real estate market,0.696
leadership,leadership principles,0.696
stock,stock market,0.696
qualitative and quantitative research,conduct quantitative research,0.696
feedback loops,manage feedback,0.695
database application,database,0.695
java programming,Java (computer programming),0.695
child psychology,psychology,0.694
interaction (statistics),statistics,0.694
sql databases in azure,use databases,0.694
workflow of machine learning projects,machine learning,0.694
object-oriented programming basics,object-oriented modelling,0.693
convolutional neural networks,artificial neural networks,0.693
investment,investment analysis,0.693
data quality,data quality assessment,0.693
teamwork,teamwork principles,0.693
javascript object methods,JavaScript,0.692
informatics,medical informatics,0.692
gan evaluation,plan evaluation,0.692
health system analysis,perform system analysis,0.692
privacy,maintain privacy,0.69
agile frameworks,software frameworks,0.69
education,education law,0.69
implement climate-aware investment decisions,make investment decisions,0.689
ethical issues of artificial intelligence,principles of artificial intelligence,0.689
visual communication,communication,0.689
innovation,innovation processes,0.688
infrastructure as code,ICT infrastructure,0.688
sensor manufacturing,manufacturing processes,0.687
six sigma green belt,six sigma methods,0.687
advertising,advertising techniques,0.687
skills management,own management skills,0.687
object-oriented analysis and design,object-oriented modelling,0.686
resilience,organisational resilience,0.686
usability,application usability,0.685
data infrastructure basics,ICT infrastructure,0.685
sustainability,corporate sustainability,0.685
supply chain sourcing,supply chain management,0.685
warehouse management,identify software for warehouse management,0.684
data analysis with r,perform data analysis,0.684
option pricing and risk management,risk management,0.684
sampling statistics,statistics,0.684
foreign currency risk management,risk management,0.684
c programming,web programming,0.683
english grammar,grammar,0.683
azure log analytics,data analytics,0.683
emergency,emergency psychology,0.683
network security with azure,ICT network security risks,0.682
analyze metrics,software metrics,0.682
monitor and troubleshoot azure solutions,troubleshoot,0.682
accounting cycle,accounting,0.682
supply chain strategy,supply chain management,0.681
financial statement,financial statements,0.681
intellectual property integration,manage intellectual property rights,0.681
human rights and allyship,promote human rights,0.68
asset,asset management,0.68
accounting analytics,accounting,0.68
t5+bert models,data models,0.679
debugging,ICT debugging tools,0.679
computer-aided engineering (cae),utilise computer-aided software engineering tools,0.678
risk management of supply chain finance,supply chain management,0.678
social media bidding,social media management,0.678
digital collaboration,digital communication and collaboration,0.677
deploy and operationalize machine learning solutions,machine learning,0.676
digital supply chain,supply chain management,0.676
control flow in javascript,JavaScript,0.675
financial mismanagement,financial management,0.675
behavioral design patterns,blockchain design patterns,0.675
public health surveillance,public health,0.675
pricing,market pricing,0.675
product life cycles,product life-cycle,0.675
microsoft azure,Microsoft Visual C++,0.674
evidence-based practice,evidence-based approach in general practice,0.673
market-based pricing,market pricing,0.673
psoc programming,web programming,0.673
project,project management,0.672
web development tools,database development tools,0.672
flash loans,analyse loans,0.671
service-oriented architecture,service-oriented modelling,0.67
development,social development,0.67
self-awareness,disorders affecting self-awareness,0.67
form recognition,image recognition,0.67
information design,design information system,0.67
debt,debt systems,0.67
object-oriented javascript,object-oriented modelling,0.669
application security,web application security threats,0.668
big data fluency,analyse big data,0.668
economy,political economy,0.667
training neural networks,artificial neural networks,0.667
manufacturing engineer,manufacturing processes,0.667
workflow,develop ICT workflow,0.667
music,study music,0.666
cybersecurity risk management,risk management,0.666
r programming,web programming,0.666
operating system security,manage system security,0.665
tech leadership,leadership principles,0.664
humanitarian,manage humanitarian aid,0.664
graphic arts,graphic design,0.664
finance,public finance,0.664
planning,media planning,0.664
notation,musical notation,0.663
cloud storage,manage cloud data and storage,0.663
social engineering,execute social engineering tests,0.663
unified modeling language (uml),unified modelling language,0.663
supply chain planning,supply chain management,0.662
documentation,documentation types,0.662
pythonic design patterns,blockchain design patterns,0.662
scrum methodology,5S methodology,0.661
governance,internet governance,0.661
cognitive bias,cognitive psychology,0.66
electronic circuits,electronic business,0.66
media literacy,media and information literacy,0.66
programming language concepts,translate language concepts,0.66
agile metrics,software metrics,0.659
option terminology,legal terminology,0.659
vectors,attack vectors,0.659
learning,machine learning,0.659
sql queries,test ICT queries,0.658
queries,test ICT queries,0.658
private equity,private law,0.658
electricity systems,electricity market,0.657
process assessment,assessment processes,0.657
microsoft excel,Microsoft Visual C++,0.657
building data science teams,data science,0.657
cloud architecture model types,design cloud architecture,0.657
user interface automation,design user interface,0.656
agile leadership,leadership principles,0.656
metadata,manage content metadata,0.655
natural language extraction,natural language processing,0.655
staff management,manage staff,0.655
analytic frameworks,software frameworks,0.655
tiktok advertising,advertising techniques,0.655
business and process analysis,business analysis,0.655
statistical methods,apply control process statistical methods,0.654
migration and innovation,migration,0.654
web service,web services,0.654
banking,banking activities,0.654
relational database,operate relational database management system,0.654
cognos analytics,data analytics,0.653
natural language generation,natural language processing,0.653
ibm cognos analytics,data analytics,0.653
open web application security project (owasp),web application security threats,0.652
cyber attack,cyber attack counter-measures,0.652
technology,computer technology,0.651
ai governance,internet governance,0.651
column structure,information structure,0.65
computer vision fluency,develop computer vision system,0.65
read legal documents,revise legal documents,0.65
private blockchain,blockchain,0.65
microsoft excel vba,Microsoft Visual C++,0.65
transparency,ensure information transparency,0.649
sel in curriculum,curriculum standards,0.649
microsoft word,Microsoft Visual C++,0.649
competitiveness,ensure price competitiveness,0.649
object-oriented design patterns,object-oriented modelling,0.649
computer-aided manufaturing,use computer-aided translation,0.649
cloud migration strategy,migration,0.648
competition (economics),economics,0.648
qualitative and quantitative data analysis,manage quantitative data,0.648
generate data protection regulation (gdpr),data protection,0.648
accounting terminology,accounting,0.647
serial line internet protocol (slip),maintain internet protocol configuration,0.647
medical device,advise on medical device features,0.647
cloud security in azure,cloud security and compliance,0.647
embedded software,embedded systems,0.647
music notation,musical notation,0.647
cloud compliance,cloud security and compliance,0.647
dolor assessment,assessment processes,0.647
manufacturing process management,manufacturing processes,0.646
cost,cost management,0.646
digital marketing metrics,plan digital marketing,0.646
data analysis process,perform data analysis,0.646
inacsl standards,quality standards,0.645
financial aid management,financial management,0.645
target audience,meet expectations of target audience,0.645
language,sign language,0.645
facial recognition,image recognition,0.645
leadership dynamics,leadership principles,0.644
team management,manage a team,0.643
ai transparency,ensure information transparency,0.642
azure synapse analytics,data analytics,0.642
binary classification,medication classification,0.642
blockchain transactions,blockchain,0.641
api development,social development,0.641
computing,scientific computing,0.641
botanical safety,ICT safety,0.641
business analysis skills and knowledge,business analysis,0.641
fundraising,manage fundraising activities,0.64
robot operating system,operating systems,0.64
python syntax and semantics,semantics,0.64
web application,web application security threats,0.64
cloud security in aws,cloud security and compliance,0.639
supervision,supervision of persons,0.639
e-commerce strategy,e-commerce systems,0.639
inductive transfer,risk transfer,0.638
servant leadership,leadership principles,0.638
entity recognition,image recognition,0.637
prototype,develop software prototype,0.636
positive psychology,psychology,0.636
cloud security strategy,information security strategy,0.636
email marketing strategy,execute email marketing,0.635
agile supply chain planning,supply chain management,0.635
sensor architecture,information architecture,0.635
midi programming,computer programming,0.635
financial data analysis,financial analysis,0.635
image pre-processing,digital image processing,0.634
visualisation des données (dataviz),data visualisation software,0.634
critical thinking,design thinking,0.633
ethica hacking,ethical hacking principles,0.633
markup language,use markup languages,0.633
content management,use content management system software,0.633
use linkedin campaign manager to optimize b2b advertising campaigns,coordinate advertising campaigns,0.633
information technology (it) architecture,information architecture,0.633
hidden markov models,data models,0.633
accessibility,ICT accessibility standards,0.632
deep learning,machine learning,0.632
health insurance,insurance law,0.632
sustainable eating,sustainable technologies,0.632
social media branding,social media management,0.632
artifical intelligence,business intelligence,0.631
data and data architecture strategy,manage ICT data architecture,0.631
process capability,financial capability,0.631
dynamic programming,computer programming,0.63
android activity lifecycle,procurement lifecycle,0.63
mathematical logic,mathematical modelling,0.63
data generating process,process data,0.63
competence (human resources),hire human resources,0.63
predictive analytics,data analytics,0.63
database architecture,database,0.629
regular expression (regex),utilise regular expressions,0.628
serverless architecture,information architecture,0.628
writing,writing techniques,0.627
implement azure security,implement ICT security policies,0.627
natural language entity extraction,natural language processing,0.626
marketing,marketing management,0.626
creating metrics,software metrics,0.626
expense control,control of expenses,0.626
linear programming (lp),computer programming,0.625
metadata management,manage content metadata,0.624
cluster models,data models,0.624
corporate accouting,corporate law,0.624
business ecosystem,ecosystem management,0.624
computer-aided design (cad),use computer-aided translation,0.623
application programming interfaces (api),design application interfaces,0.623
global strategy,integrate marketing strategies with the global strategy,0.623
hardware description language (hdl),use interface description language,0.622
data visualization software,data visualisation software,0.622
digital image keypoint descriptors,digital image processing,0.622
organizational culture,advise on organisational culture,0.622
energy,wind energy,0.621
bias detection,fraud detection,0.621
basic descriptive statistics,statistics,0.621
accounts payable management,manage accounts,0.621
mobile data management,mobile device management,0.621
google analytics dashboards,data analytics,0.621
aerospace engineering,data engineering,0.621
market segmentation,customer segmentation,0.621
management,risk management,0.62
curriculum design,curriculum standards,0.62
software metric,software metrics,0.62
risk management: scenario and sensitivity analysis,risk management,0.62
ux research,market research,0.62
computer troubleshooting,perform ICT troubleshooting,0.62
budget,update budget,0.62
defining leadership,leadership principles,0.62
ui design,software UI design patterns,0.62
policy development,foreign affairs policy development,0.619
corporate branding,corporate law,0.619
scratch (programming language),Scratch (computer programming),0.619
exploratory data analysis,perform data analysis,0.618
network troubleshooting,perform ICT troubleshooting,0.618
business competition,competition law,0.617
sharing insights with stakeholders,communicate with stakeholders,0.617
feature engineering,data engineering,0.617
marketing kpis,marketing management,0.617
database administration,database,0.617
unreal engine (user interface),design user interface,0.617
emergency medicine,emergency psychology,0.617
financial risk modeling,manage financial risk,0.616
public health and wellness healthcare organization operations,public health,0.616
audit,audit techniques,0.616
microsoft excel macro,Microsoft Visual C++,0.615
schedule,create media schedule,0.615
segmentation analysis,customer segmentation,0.615
internet,internet governance,0.615
multitier architecture,information architecture,0.615
analysis,market analysis,0.615
kernel programming,computer programming,0.614
hardware,hardware components,0.614
exploratory data analysis (eda),perform data analysis,0.614
wireframe,create website wireframe,0.613
innovation pipeline,innovation processes,0.613
logic programming,computer programming,0.613
mathematical induction,mathematical modelling,0.613
agile governance,internet governance,0.613
networking,ICT networking hardware,0.613
competitive lifecycle,procurement lifecycle,0.611
activation metrics,software metrics,0.611
feature extraction,information extraction,0.61
general data protection regulation (gdpr),data protection,0.61
music mixing,study music,0.61
setting up your development environment,integrated development environment software,0.61
interactive storytelling,interactive media,0.61
data lifecycle management,procurement lifecycle,0.609
display advertising,advertising techniques,0.609
c++ libraries,use software libraries,0.609
meta learning,machine learning,0.609
application design,design application interfaces,0.608
scripting,use scripting programming,0.608
monitoring and logging,cloud monitoring and reporting,0.608
accounting for liabilities and equity,accounting,0.608
administrative controls,manage administrative systems,0.608
marketing content development,content development processes,0.608
screen scraping,screen clients,0.607
deployment pipelines,solution deployment,0.606
experiment metrics,software metrics,0.606
business kpis,business analysis,0.606
agile methodologies,ICT sales methodologies,0.606
use qualitative and quantitative research methodologies,conduct quantitative research,0.605
systems thinking,design thinking,0.605
mathematical optimization,mathematical modelling,0.605
reformer models,data models,0.605
industry 4.0,publishing industry,0.605
system administration,education administration,0.605
microservices architecture design,design cloud architecture,0.605
spam detection,fraud detection,0.604
network security fundamentals,ICT network security risks,0.603
intercultural communication,communication,0.603
engineering management,data engineering,0.603
abstract thinking,design thinking,0.603
data structure,information structure,0.603
design,system design,0.601
interactive visualization,interactive media,0.601
cloud security fluency,cloud security and compliance,0.601
advocacy,supervise advocacy work,0.6
mechanical engineering,data engineering,0.6
leadership & management,leadership principles,0.6
named-entity recognition,image recognition,0.599
dependency injection,dependency on drugs,0.599
tableau interactive dashboards,interactive media,0.599
bayesian game,game theory,0.599
python programming skills,Python (computer programming),0.599
environmental law,environmental policy,0.598
inventory,maintain parts inventory,0.598
ios app development,social development,0.598
it security analyst,manage IT security compliances,0.598
contact tracing,contact customers,0.598
risk,risk management,0.598
gis applications,blockchain applications,0.597
job intelligence,business intelligence,0.597
healthcare data,manage healthcare users' data,0.597
programming paradigms,computer programming,0.596
color theory,systems theory,0.596
cybersecurity,handle cybersecurity incidents,0.596
business,business analysis,0.596
visionary leadership,leadership principles,0.596
aws availability zones,ensure equipment availability,0.596
startup company,company policies,0.596
engineering design,data engineering,0.596
model performance analysis,ICT performance analysis methods,0.596
camera calibration,operate a camera,0.595
cloud resource allocation,deploy cloud resource,0.595
indigenous studies,legal studies,0.595
inclusive leadership,leadership principles,0.595
negotiation,perform political negotiation,0.595
microsoft powerpoint,Microsoft Visual C++,0.595
food safety,comply with food safety and hygiene,0.594
create oracle sql databases,use databases,0.594
electrical engineering,data engineering,0.594
anatomy of metastasis,human anatomy,0.594
quality,quality standards,0.594
disruptive innovation,innovation processes,0.594
spreadsheet software,use spreadsheets software,0.594
design leadership,leadership principles,0.594
interfaces,design application interfaces,0.593
workflow of data science projects,data science,0.593
heuristic evaluation,plan evaluation,0.593
reports,present reports,0.592
basic coding,Visual Basic,0.592
reactive programming,computer programming,0.592
types of data,types of media,0.591
cybersecurity grc,handle cybersecurity incidents,0.591
software,CAD software,0.591
stakeholder identification,risk identification,0.591
cloud databases,use databases,0.591
basic react,Visual Basic,0.591
korean language,sign language,0.591
channel management,channel marketing,0.591
organisational alignment,organisational policies,0.59
• coaching,develop a coaching style,0.59
coaching,develop a coaching style,0.59
alexa skill deployment,solution deployment,0.59
application security basics,web application security threats,0.59
copyright protection,copyright legislation,0.589
managing stakeholders,communicate with stakeholders,0.589
hospitality management,manage hospitality revenue,0.589
marketing intelligence,business intelligence,0.589
project management skills and knowledge,project management,0.589
develop for azure storage,data storage,0.589
regression models,data models,0.589
popular music,study music,0.588
customer loyalty,customer service,0.588
evidence-based practices,evidence-based approach in general practice,0.588
learning to learn,machine learning,0.588
environmental health,environmental policy,0.587
go interfaces,design application interfaces,0.587
describe fundamental principles of machine learning on azure,machine learning,0.587
consumer neuroscience,consumer law,0.587
declare and initialize different types of variables,translate different types of texts,0.587
attention models,data models,0.586
technical pm interview,interview techniques,0.586
image segmentation,customer segmentation,0.586
distribution and logistics,logistics,0.586
investment management,investment analysis,0.586
sales metrics,software metrics,0.586
social marketing,apply social media marketing,0.586
e-commerce platforms,e-commerce systems,0.586
mobile app styling,mobile marketing,0.586
data gathering,gather data,0.586
embedded engineering,embedded systems,0.585
hardware design,design ICT hardware placement,0.585
design systems,system design,0.585
press release,draft press releases,0.585
financial engineering,data engineering,0.584
culture organisationnelle,advise on organisational culture,0.584
information engineering,data engineering,0.584
teaching,apply teaching strategies,0.584
managing accounts receivable and accounts payable with blockchain,manage accounts,0.584
alpha research,market research,0.584
business plan,develop online sales business plan,0.584
structured problem solving method,apply problem solving in social service,0.584
health informatics,medical informatics,0.584
decentralized applications,decentralized application frameworks,0.584
user interviews,document interviews,0.584
front-end development,implement front-end website design,0.583
algorithmic problem solving,apply problem solving in social service,0.583
face detection,fraud detection,0.582
creating a compelling project business case,develop business case,0.582
energy storage,data storage,0.582
github portfolios,review investment portfolios,0.581
data and databases,use databases,0.581
diversity and inclusion,promote inclusion,0.581
international humanitarian law,international law,0.581
emergency management,emergency psychology,0.581
80/20 rule of social media,social media management,0.581
relationships,build business relationships,0.581
architecture diagramming,information architecture,0.58
mems hardware,hardware components,0.58
data security fundamentals,data security principles,0.58
bash scripting,use scripting programming,0.58
sustainable design,sustainable technologies,0.579
federated learning,machine learning,0.579
team dynamics,manage a team,0.578
common law,Common Lisp,0.578
data analysis interview,perform data analysis,0.578
customer analytics,data analytics,0.577
life insurance,insurance law,0.577
b2b sales,sales strategies,0.577
viral strategies,sales strategies,0.577
sales,sales strategies,0.577
data validation in spreadsheets,use spreadsheets software,0.577
search engine ad ranking,conduct search engine optimisation,0.577
double-entry bookkeeping system,bookkeeping regulations,0.577
user research,execute ICT user research activities,0.577
accounts receivable management,manage accounts,0.577
gaussian mixture models,data models,0.576
image classification,medication classification,0.575
cloud communication protocols,ICT communications protocols,0.575
process mining,data mining,0.575
random forest models,data models,0.575
backend development,social development,0.575
survey design,survey techniques,0.575
healthcare,healthcare analytics,0.574
music theory,musical theory,0.574
learning how to learn,machine learning,0.574
portfolio de trabajo,develop investment portfolio,0.573
softcore processor design,design process,0.573
school health,school psychology,0.573
define leadership,leadership principles,0.573
strategic mindset,strategic planning,0.573
innovation management,innovation processes,0.573
software development,oversee development of software,0.572
filtering in google analytics,data analytics,0.572
marketing metrics,software metrics,0.572
human resources best practices,hire human resources,0.572
data normalization,normalise data,0.572
decision-making,apply decision making within social work,0.572
computer-aided manufacturing,use computer-aided translation,0.572
pain management,risk management,0.572
software design for softcore processors,create software design,0.571
components of gans,blockchain components,0.571
leadership development,leadership principles,0.571
market efficiency,energy efficiency,0.571
sas va,SAS language,0.571
healthcare terminology,legal terminology,0.57
penetration test,penetration testing tool,0.57
data pre-processing,digital data processing,0.57
swot analysis,market analysis,0.57
code debugging,ICT debugging tools,0.57
effective written communication,communication,0.57
ensemble learning,machine learning,0.57
cloud engineering,data engineering,0.57
organization development,social development,0.57
z systems,systems theory,0.569
read,read books,0.569
viral marketing,marketing management,0.569
sustainable business,sustainable technologies,0.569
interpretation,perform bilateral interpretation,0.569
digital leadership,leadership principles,0.569
tiktok marketing,marketing management,0.569
zero trust pillars,build trust,0.569
using qualitative and quantitative data analysis approaches,manage quantitative data,0.569
spring managed components,blockchain components,0.568
essay writing,writing techniques,0.568
interface de comando,design user interface,0.568
formal verification,verify formal ICT specifications,0.568
foreign policy,foreign affairs policy development,0.568
materials,medical devices materials,0.568
probabilistic models,data models,0.568
select (sql),select photos,0.567
data extraction,information extraction,0.567
cybersecurity analyst,handle cybersecurity incidents,0.567
microservices debugging,ICT debugging tools,0.566
graph theory,systems theory,0.566
character strengths and virtues,assess character,0.566
distributed data processing,digital data processing,0.566
fairness indicators,key risk indicators,0.566
organisational design,design for organisational complexity,0.566
metric learning,machine learning,0.566
software development kit (sdk),oversee development of software,0.566
sprint planning,media planning,0.566
project sustainment,project management,0.566
technology disruption,computer technology,0.565
angular components,blockchain components,0.565
novel writing,writing techniques,0.565
variable pricing,market pricing,0.565
social media analytics,social media management,0.565
microsoft project,Microsoft Visual C++,0.564
pest analysis,market analysis,0.564
serverless cloud computing architecture,design cloud architecture,0.564
freelancing platforms,blockchain platforms,0.564
outbreak investigation,develop investigation strategy,0.564
electronic communications regulations,electronic communication,0.564
manage expense control,control of expenses,0.564
fiction writing,writing techniques,0.563
fashion design,system design,0.563
collaboration,digital communication and collaboration,0.562
data integration,ICT system integration,0.562
risk assessment,assessment processes,0.562
stress,tolerate stress,0.562
facial recognition system,image recognition,0.562
data pipeline maintenance,maintenance operations,0.561
self awareness,disorders affecting self-awareness,0.561
front-end web development,implement front-end website design,0.561
bayesian network,network marketing,0.561
google analytics fundamentals,data analytics,0.561
security,social security law,0.56
e-commerce store optimization,e-commerce systems,0.56
healthcare leadership,leadership principles,0.56
creative thinking,design thinking,0.56
site reliability engineering (sre),data engineering,0.56
create and maintain professional looking documents,maintain professional records,0.56
risk governance,internet governance,0.56
read music notation,musical notation,0.56
computer architecture,information architecture,0.56
site reliability engineering,data engineering,0.56
spring configuration,project configuration management,0.56
blockchain as a business solution,blockchain,0.56
digital forensics,computer forensics,0.559
query string,query languages,0.559
regulations,state aid regulations,0.559
relational database migration,migration,0.559
network architecture,information architecture,0.559
evaluation design,plan evaluation,0.559
accounts payable and payroll,manage payroll,0.559
professional,develop professional network,0.559
design a web application,web application security threats,0.559
business focus,business analysis,0.559
networking on aws,ICT networking hardware,0.558
a/b testing,manage system testing,0.558
a/b/n testing,manage system testing,0.558
pid controller,program a CNC controller,0.558
inclusive innovation,innovation processes,0.558
search engine marketing,conduct search engine optimisation,0.558
health,public health,0.557
chinese language,sign language,0.557
crow's foot notation,musical notation,0.557
design for manufacturing,manufacturing processes,0.557
django template language,sign language,0.557
statistical classification,medication classification,0.557
data visualization in spreadsheets,use spreadsheets software,0.557
contact management,contact customers,0.556
github collaboration,digital communication and collaboration,0.556
wellbeing,support children's wellbeing,0.556
software design and architecture,define software architecture,0.555
financial innovation,innovation processes,0.555
serverless development,social development,0.555
object creation design patterns,blockchain design patterns,0.555
deep learning fluency,machine learning,0.555
parallel computing,scientific computing,0.555
cultural intelligence,business intelligence,0.554
leadership and management,leadership principles,0.554
user experience (ux),create prototype of user experience solutions,0.554
win-win game,game theory,0.554
trauma,handle patient trauma,0.554
video,perform video editing,0.554
sensor integration,ICT system integration,0.554
terrorism studies,legal studies,0.554
application deployment,solution deployment,0.554
brand architecture,information architecture,0.554
basic probability,Visual Basic,0.554
azure cognitive services,cognitive psychology,0.553
functional programming,computer programming,0.553
demand forecasting,financial forecasting,0.553
project charter,project management,0.553
pricing to competition,competition law,0.553
red hat enterprise linux,enterprise risk management,0.553
money management,risk management,0.553
execution,ensure sentence execution,0.553
relational databases (rdbms),use databases,0.553
analog hardware,hardware components,0.552
blockchain implementation in supply chain finance,supply chain management,0.552
corporate finance,corporate law,0.552
social media presence,social media management,0.552
sales strategy,sales strategies,0.552
software performance testing,plan software testing,0.552
insert and modify oracle sql databases,use databases,0.551
bayesian networks,design cloud networks,0.551
sql operations,maintenance operations,0.551
contract negotiations,contract law,0.551
software development lifecycle (sdlc),procurement lifecycle,0.551
azure resource manager,human resource management,0.551
software development lifecycle,procurement lifecycle,0.551
p-value,value properties,0.55
behavioral market segmentation,customer segmentation,0.55
cloud sql,cloud technologies,0.55
ibm cloud,cloud technologies,0.55
cryptographic attacks,implement cryptographic constructs,0.55
clinical simulation,computer simulation,0.55
multi-class classification,debt classification,0.55
cloud,cloud technologies,0.55
signature,blockchain signature schemes,0.549
hotel management,risk management,0.549
text mining,data mining,0.549
cyber defense,cyber security,0.549
visual arts,Visual Basic,0.549
alcatel business communications,business communication,0.549
hypertext preprocessor (php),PHP,0.548
presentation,give live presentation,0.548
information science,data science,0.548
cybersecurity pivoting,handle cybersecurity incidents,0.548
data concepts,psychological concepts,0.548
supervised learning,machine learning,0.548
strategic leadership,leadership principles,0.548
strategic hr leadership,leadership principles,0.548
data minimization,data mining,0.548
basic trigonometry,Visual Basic,0.547
data analysis and modelling,perform data analysis,0.547
marketing supply chain finance services,supply chain management,0.547
privacy impact assessments data privacy fundamentals data privacy classification,maintain privacy,0.547
referential transparency,ensure information transparency,0.547
proof theory,systems theory,0.546
setting objectives,curriculum objectives,0.546
static application security testing,perform ICT security testing,0.546
organizational conflict,apply conflict management,0.546
cybersecurity staffing,handle cybersecurity incidents,0.546
career,provide career counselling,0.546
symptom assessment,assessment processes,0.545
algorithmic efficiency,energy efficiency,0.545
visual analytics,data analytics,0.545
cyber attacks,cyber security,0.545
burp suite,develop ICT test suite,0.545
executing tests,execute software tests,0.545
future forecasting,financial forecasting,0.545
one-to-many models,data models,0.545
ethical leadership,leadership principles,0.544
cross-cultural communication,communication,0.544
threats to cybersecurity,security threats,0.544
innovation strategies,innovation processes,0.544
automation,tools for ICT test automation,0.544
android software development,oversee development of software,0.544
know how to build and gaine genuine trust of customers that leads to lasting business relationships,build business relationships,0.544
gap analysis,market analysis,0.544
investment strategy,investment analysis,0.544
cybersecurity controls,handle cybersecurity incidents,0.544
style sheets,style sheet languages,0.544
functions,direct logistical functions,0.543
troubleshooting & debugging,perform ICT troubleshooting,0.543
ml metadata,manage content metadata,0.543
psychotherapy,types of psychotherapy sessions,0.543
sequential pattern mining,data mining,0.543
fuzz testing,manage system testing,0.543
unsupervised learning,machine learning,0.543
microservices architecture basics,information architecture,0.543
simulation for verification,computer simulation,0.543
corporate bond,corporate law,0.542
technology leadership,leadership principles,0.542
innovation strategy,innovation processes,0.542
dashboarding and reporting,cloud monitoring and reporting,0.542
usability testing,application usability,0.542
zachman framework,develop an artistic framework,0.542
estimation interview,interview techniques,0.542
health research,conduct health related research,0.542
social media platforms,social media management,0.542
number theory,systems theory,0.542
web application development,web application security threats,0.542
statistical thinking,design thinking,0.541
front-end development basics,implement front-end website design,0.541
app authoring and collaboration,digital communication and collaboration,0.541
market insights,ICT market,0.541
finance metrics,software metrics,0.541
credit rating,examine credit ratings,0.541
premium value,value properties,0.541
training,analyse the training market,0.541
tax,tax legislation,0.541
customer retention,customer service,0.541
mobile app testing,mobile marketing,0.54
togaf framework,develop an artistic framework,0.54
iam policies,company policies,0.54
reflectance models,data models,0.54
understand the research process,plan research process,0.54
database vulnerabilities,database,0.54
investing technology,computer technology,0.54
project scoping,project management,0.54
performance,monitor system performance,0.54
search advertising,advertising techniques,0.539
communication and engagement,communication,0.539
console applications,blockchain applications,0.539
statistical methods for process and product improvement,apply control process statistical methods,0.539
azure monitor,monitor elections,0.539
dupont analysis,market analysis,0.539
tree (data structure),information structure,0.539
3. create a change management communication framework,apply change management,0.539
modeling,statistical modeling techniques,0.539
process management,Process-based management,0.539
programming languages and frameworks,smart contract programming languages,0.538
marketing channels,channel marketing,0.538
leadership style,leadership principles,0.538
go functions,direct logistical functions,0.537
theories of creativity,theories of personality,0.537
online learning,machine learning,0.537
concurrent computing,scientific computing,0.537
behavioral interview,interview techniques,0.537
anomaly detection,fraud detection,0.537
predictive modelling,scientific modelling,0.537
lambda expressions,utilise regular expressions,0.536
object recognition,image recognition,0.536
fashion systems,systems theory,0.536
email list segmentation,customer segmentation,0.536
metastasis theories,psychological theories,0.535
power query,query languages,0.535
familiarise with the essentials of market research,market research,0.535
enterprise system,enterprise risk management,0.535
web accessibility,ICT accessibility standards,0.535
java database connectivity (jdbc),database,0.535
azure automation,tools for ICT test automation,0.534
ux design jobs,system design,0.534
run basic analyses in r,Visual Basic,0.534
azure conversational ai agents,write in conversational tone,0.534
product success metrics,software metrics,0.534
python ides,Python (computer programming),0.534
personal finance,manage personal finances,0.534
azure functions,direct logistical functions,0.534
custom and exotic models,data models,0.534
security management,establish an Information Security Management System,0.534
freelance pricing frameworks,software frameworks,0.534
f1 score,consult credit score,0.533
cybersecurity fluency,handle cybersecurity incidents,0.533
transfer learning,risk transfer,0.533
trello software,CAD software,0.533
api security,cyber security,0.533
assist in leading your organization to change management,apply change management,0.533
social media advertising,social media management,0.533
organisational leadership,leadership principles,0.533
cloud roi,cloud technologies,0.533
mathematical finance,mathematical modelling,0.532
editing,perform image editing,0.532
gst technical,technical drawings,0.532
organizational theory,systems theory,0.532
presenting to stakeholders,communicate with stakeholders,0.532
security governance,internet governance,0.531
seo audits,execute ICT audits,0.531
• agiles management,risk management,0.531
website structure,manage website,0.531
customer outreach,customer service,0.531
practical applications in accounting,accounting,0.531
agile software development,oversee development of software,0.53
email,execute email marketing,0.53
sustainable fashion production,sustainable technologies,0.53
link analysis,market analysis,0.53
did framework,develop an artistic framework,0.53
personal branding,personal development,0.53
aws security,cyber security,0.53
markov games,sport games rules,0.53
workplace inclusion,promote inclusion,0.53
spring boot configuration,project configuration management,0.529
api testing,manage system testing,0.529
agile management,risk management,0.528
leveraging technology,computer technology,0.528
performance advertising,advertising techniques,0.528
security assessment,assessment processes,0.528
software engineering,utilise computer-aided software engineering tools,0.528
engagement,apply customer engagement strategy,0.528
smart investing,smart contract,0.528
junior cybersecurity analyst,handle cybersecurity incidents,0.528
documents,revise legal documents,0.527
theory of relativity,theory of constraints,0.527
dom events,sporting events,0.527
strategic sourcing,strategic planning,0.527
marketing de contenidos,marketing management,0.527
data lakes,manage data,0.527
command-line interface,design user interface,0.527
model deployment,solution deployment,0.527
data breach,identify policy breach,0.527
cognitive science,cognitive psychology,0.527
web conferencing,video conferencing tool,0.527
options strategies,sales strategies,0.527
analytical thinking,design thinking,0.527
strategy,publishing strategy,0.527
conjoint analysis,market analysis,0.527
hr strategy,publishing strategy,0.527
etika data,manage data,0.526
cloud platforms,blockchain platforms,0.526
data store,store digital data and systems,0.526
• write unit testing using jest,perform software unit testing,0.526
scenario development,social development,0.526
relational database transactions,operate relational database management system,0.526
ratio analysis,market analysis,0.526
information radiator,provide information,0.526
music composition,study music,0.526
getting the most of data you collect,collect ICT data,0.526
economic analysis,analyse economic trends,0.526
networking basics,ICT networking hardware,0.526
azure cognitive search,cognitive psychology,0.526
cloud availability,ensure equipment availability,0.525
portfolio optimization,develop investment portfolio,0.525
the software development lifecycle (sdlc),procurement lifecycle,0.525
dei strategy,develop media strategy,0.525
recovery time objective,Objective-C,0.525
probability theory,systems theory,0.525
update and delete,update budget,0.524
law,press law,0.524
consumer behaviour,consumer law,0.524
cloud api,cloud technologies,0.524
systems security,manage system security,0.524
wind power,wind energy,0.524
designing a supply chain finance program,supply chain management,0.524
azure app service,customer service,0.524
data-drive decision making,apply decision making within social work,0.524
data management,manage data,0.524
enterprise software,enterprise risk management,0.523
reinforcement learning,machine learning,0.523
positioning (marketing),set brand positioning,0.523
project evaluation,plan evaluation,0.522
neurological disorders,sexual disorders,0.522
smart experiments,smart contract,0.522
spatial analysis,financial analysis,0.522
aws cloud,cloud technologies,0.521
p values,compare property values,0.521
patient safety,ICT safety,0.521
music business,study music,0.521
financial ratio,financial management,0.521
gans alternatives,persuade clients with alternatives,0.521
secure network architecture design,design cloud architecture,0.521
resource leaks,human resource management,0.521
firewall configuration,implement a firewall,0.521
data recovery,ICT recovery techniques,0.521
distributed file systems,distributed computing,0.521
evidence synthesis,present evidence,0.52
implementation of data science techniques in investment decisions,make investment decisions,0.52
camera model,operate a camera,0.52
firewall (computing),implement a firewall,0.52
planning & instructing,media planning,0.52
google analytics metrics,software metrics,0.52
conversion tracking,execute conversion testing,0.52
market risk measurement and management,risk management,0.519
trend analysis,market analysis,0.519
delete from oracle sql databases,use databases,0.519
survival analysis,market analysis,0.519
information retrieval (ir),provide information,0.519
information retrieval,provide information,0.519
strategic foresight,strategic planning,0.519
work breakdown structure,information structure,0.519
solar systems,solar products,0.519
attention mechanisms,blockchain consensus mechanisms,0.518
behavioral finance,public finance,0.518
planning & instruction,media planning,0.518
value proposition,value properties,0.518
link building,building information modelling,0.518
docker security,cyber security,0.518
organizational capability building,financial capability,0.517
spring security,security engineering,0.517
building relationships,build business relationships,0.517
mobile development,mobile marketing,0.517
stream processing,signal processing,0.517
teaching method,apply teaching strategies,0.517
android development basics,social development,0.517
collect primary and secondary data,primary care,0.517
sql (structured query language),query languages,0.516
teaching and learning,machine learning,0.516
tax law,value-added tax law,0.516
share and promote social content,promote social change,0.516
financial adviser,financial management,0.516
community health,community education,0.516
user stories,check stories,0.516
investment fees,investment analysis,0.516
brand,perform brand analysis,0.515
stride framework,develop an artistic framework,0.515
cohort analysis,market analysis,0.515
compliance,information governance compliance,0.515
monitoring,cloud monitoring and reporting,0.515
business accumen,apply business acumen,0.515
environmental protection,environmental policy,0.515
english language,academic English,0.515
omnichannel processes,manage processes,0.514
azure pricing calculator,market pricing,0.514
corporate innovation,corporate law,0.514
tableau software,CAD software,0.514
data privacy checklists,maintain privacy,0.514
static analysis,market analysis,0.514
data governance fluency,internet governance,0.514
software tableau,CAD software,0.514
child care,child protection,0.514
portfolio websites,develop investment portfolio,0.514
data privacy classification,medication classification,0.513
computer memory architecture,information architecture,0.513
recovery point objective,Objective-C,0.513
threat,conduct threat intelligence,0.513
business solutions,propose ICT solutions to business problems,0.513
siamese networks,design cloud networks,0.513
cybersecurity reconnaissance,handle cybersecurity incidents,0.513
value propositions,value properties,0.513
managing people,interview people,0.513
cluster analysis,market analysis,0.513
product monetization metrics,software metrics,0.513
lead engineers,liaise with engineers,0.512
speech recognition,image recognition,0.512
security auditing,internal auditing,0.512
portfolio theories,modern portfolio theory,0.512
short story writing,writing techniques,0.512
game design,game theory,0.512
aws cost explorer,cost management,0.512
ai strategy,publishing strategy,0.512
data structure design,information structure,0.512
excel automation,tools for ICT test automation,0.511
continuous development,undertake continuous professional development in social work,0.511
process improvement,identify process improvements,0.511
flowcharts and decision making,apply decision making within social work,0.511
application of financial statistics and probability,develop financial statistics reports,0.511
privacy compliance,maintain privacy,0.51
java,Java (computer programming),0.51
fourier analysis,market analysis,0.51
competitor pricing models,prepare cost-plus pricing models,0.51
investment technology,investment analysis,0.51
collaborative filtering,establish collaborative relations,0.51
recommendation engines,search engines,0.51
device programming,web programming,0.509
clinical trials,clinical reports,0.509
climate change,promote social change,0.509
motivation,demonstrate motivation for sales,0.509
u.s. securities and exchange commission,securities,0.509
strategic management,strategic planning,0.509
child guidance,child protection,0.509
population health,health education,0.508
music arrangement,study music,0.508
venture capital,capital goods industry,0.508
project feasibility,execute feasibility study,0.508
electronic health records,electronic business,0.508
information technology,computer technology,0.508
financial technology,computer technology,0.508
r programmin language,sign language,0.508
access structure,information structure,0.507
product proposals,write research proposals,0.507
deployment automation,solution deployment,0.507
investment style,investment analysis,0.507
programming language,web programming,0.507
accounting concepts and measurement,accounting,0.507
restful services,web services,0.507
principled negotiation,perform political negotiation,0.507
personal productivity,personal development,0.507
client engagement and communication,communication,0.507
updating packages,organise social work packages,0.507
file management,risk management,0.507
product development cycle,product life-cycle,0.506
product pricing,market pricing,0.506
refactoring from a monolith,do cloud refactoring,0.506
vulnerability assessment,assessment processes,0.506
sre culture,advise on organisational culture,0.506
elicitation techniques,writing techniques,0.505
model building,building information modelling,0.505
ethical decision-making,apply decision making within social work,0.505
active learning,machine learning,0.505
statistical inference methods,apply control process statistical methods,0.505
website performance optimization,manage website,0.505
google cloud,cloud technologies,0.505
spring framework,develop an artistic framework,0.504
fundamental programming concepts,fundamental analysis,0.504
ui/ux design,software UI design patterns,0.504
python syntax,Python (computer programming),0.504
edge and corner detection,fraud detection,0.504
dei program assessment,assessment processes,0.504
case interview,interview techniques,0.504
python arrays,Python (computer programming),0.503
digital footprint removal,digital media,0.503
matrix operations,maintenance operations,0.503
patch management,risk management,0.503
business planning,media planning,0.503
budget estimation,update budget,0.503
clinical basics,clinical reports,0.503
disease management,risk management,0.503
job portfolio,develop investment portfolio,0.502
public speaking,public law,0.502
strategy interview,interview techniques,0.502
probabilistic path planning,media planning,0.502
web development,social development,0.502
social media and email marketing strategy,execute email marketing,0.502
customer journey mapping,customer service,0.502
management theory,systems theory,0.501
practical demos,practical lexicography,0.501
gst law,press law,0.501
ear training,analyse the training market,0.501
ticketing systems,operating systems,0.501
gestion des parties prenantes,political parties,0.501
strategic negotiations,strategic planning,0.501
circuit design,system design,0.501
ux design principles,marketing principles,0.5
music education,study music,0.5
budget management,update budget,0.5
search engine marketing (sem) strategy,conduct search engine optimisation,0.5
online learning community,develop online community plan,0.5
لغة البرمجة r,R,0.5
game programming,web programming,0.5
soft skills,own management skills,0.5
cryptographic hardware,implement cryptographic constructs,0.5
meta-analysis,market analysis,0.5
decision tree,decision support systems,0.5
c++,C++,0.5
python lists,Python (computer programming),0.5
sales development,social development,0.5
privacy and security,maintain privacy,0.499
electronic digital instrument,electronic business,0.499
proposal writing,writing techniques,0.499
lifetime value,value properties,0.499
procedural cybersecurity controls,handle cybersecurity incidents,0.499
model evaluation,plan evaluation,0.499
window functions,direct logistical functions,0.499
sql window functions,direct logistical functions,0.499
document retrieval,document evidence,0.498
programming principles,web programming,0.498
relational models,data models,0.498
marketing en redes sociales,marketing management,0.498
review management,review distribution management procedures,0.498
goal setting,analyse goal progress,0.498
beta testing,manage system testing,0.498
cloud networking,ICT networking hardware,0.498
digital health,digital media,0.498
first order logic,first aid,0.497
office processes,office software,0.497
security analyst,cyber security,0.497
marketing experiments,marketing management,0.497
security risk classification,medication classification,0.497
basic data analysis approaches,perform data analysis,0.497
cloud computing,scientific computing,0.497
jenkins (software),Jenkins (tools for software configuration management),0.497
develop your leadership philosophy,leadership principles,0.497
fda medical device framework,advise on medical device features,0.497
planning for retirement,media planning,0.496
user experience design (uxd),create prototype of user experience solutions,0.496
cultural learning,machine learning,0.496
sentiment analysis,market analysis,0.496
application tracing,application usability,0.496
- job-portfolio,develop investment portfolio,0.496
aws identity and access management,digital identity management,0.496
code reviews,conduct ICT code review,0.496
respect,respect publication formats,0.495
lead designers,lead a team,0.495
organizational analysis,market analysis,0.495
bootstrap (front-end framework),implement front-end website design,0.495
model deployment with azure,solution deployment,0.495
cloud integration,ICT system integration,0.495
conversion rate,execute conversion testing,0.495
design theory,systems theory,0.495
minimax search,search databases,0.495
ui development,social development,0.494
visual storytelling,Visual Basic,0.494
portfolio pour la recherche d'emploi,develop investment portfolio,0.494
industry structure,information structure,0.494
c++ functions,direct logistical functions,0.494
visualisasi data (dataviz),data visualisation software,0.494
pro tools,industrial tools,0.494
establishing trust,build trust,0.494
marketing performance measurement and management,marketing management,0.494
clinical experience,use experience map,0.493
data structures,unstructured data,0.493
microsoft bot framework,Microsoft Visual C++,0.493
image formation,image recognition,0.493
differential equations,methods of differential diagnosis,0.493
corporate investments,corporate law,0.493
git (software),CAD software,0.493
network protocols,ICT communications protocols,0.492
food science,data science,0.492
data privacy fundamentals,maintain privacy,0.492
persona (user experience),create prototype of user experience solutions,0.492
intrusion detection system,fraud detection,0.492
elevator pitch,deliver a sales pitch,0.491
automation testing,tools for ICT test automation,0.491
n-gram language models,data models,0.491
global marketing,integrate marketing strategies with the global strategy,0.491
product financial metrics,software metrics,0.491
open banking,banking activities,0.491
writing tests,manage tests,0.491
python operator,Python (computer programming),0.491
career fulfillment,provide career counselling,0.491
testing automation,tools for ICT test automation,0.491
logistic regression for classification,medication classification,0.49
strategic analysis,strategic planning,0.49
sas studio,SAS language,0.49
organ systems,systems theory,0.49
lean startup,lean manufacturing,0.49
growth metrics,software metrics,0.49
social network,network marketing,0.49
hospitality management studies,manage hospitality revenue,0.49
imagery analysis,market analysis,0.49
value stream mapping,value properties,0.49
entrepreneurial finance,public finance,0.489
security information and event management,carry out event management,0.489
google analytics attribution reports,data analytics,0.489
python classes,Python (computer programming),0.489
hardware/software setup,hardware components,0.489
cybersecurity planning,handle cybersecurity incidents,0.489
basic tensor functionality,Visual Basic,0.489
backup,system backup best practice,0.489
toil reduction,perform dimensionality reduction,0.489
application servers,application usability,0.488
healthcare management,manage healthcare staff,0.488
plan,plan evaluation,0.488
query plans,query languages,0.488
communications management,develop communications strategies,0.488
location-aware app development,social development,0.488
receiving feedback,manage feedback,0.488
thread (computing),scientific computing,0.488
organizational change,promote social change,0.487
operational risk measurement and management,risk management,0.487
tests de la facilité d’utilisation,manage tests,0.487
statistical regression,develop statistical software,0.487
you will develop a good understanding about why we need earth economics in addition to traditional macroeconomics (nation-level) and microeconomics (individual and firm level,microeconomics,0.486
programming concepts,web programming,0.486
data manipulation language,sign language,0.486
growth loops,strive for company growth,0.486
music production,study music,0.486
lesson plan,prepare lesson content,0.486
azure data services,web services,0.486
empregos em design de ux,system design,0.486
engineering manager interviews,document interviews,0.486
map,use experience map,0.486
cloud computing.,scientific computing,0.486
data privacy principles,maintain privacy,0.486
gaussian distribution,review distribution management procedures,0.486
kubernetes security,cyber security,0.486
data lake management,manage data,0.486
organization design,system design,0.486
sampling,organise retail sampling events,0.485
azure cognitive search indexers,cognitive psychology,0.485
breathing techniques,writing techniques,0.485
sas programs,SAS language,0.485
financial trading,financial management,0.485
intrusion detection systems,fraud detection,0.485
group decision-making,apply decision making within social work,0.485
region analysis,market analysis,0.485
project finance,public finance,0.485
revenue management,manage hospitality revenue,0.484
logistic regression,analyse logistic needs,0.484
learning from failure,machine learning,0.484
academic writing,academic English,0.484
binomial distribution,review distribution management procedures,0.484
leverage the copyright law to your advantage,copyright legislation,0.484
signal-to-noise ratio,signal processing,0.484
r data structures,unstructured data,0.483
hypertext transfer protocol (http),risk transfer,0.483
network defense,network marketing,0.483
continuous deployment,solution deployment,0.483
programming skills,web programming,0.483
project team,manage a team,0.483
diversified portfolio,develop investment portfolio,0.483
digital design,digital media,0.483
leadership and financial risk estimation and management,manage financial risk,0.483
industry analysis,publishing industry,0.483
sample collection,manage data collection systems,0.483
optical design,system design,0.483
data transformation,"data extraction, transformation and loading tools",0.483
emergency medical technician,emergency psychology,0.483
portfolio (finance),develop investment portfolio,0.483
application routing,ICT network routing,0.482
cascading style sheets (css),style sheet languages,0.482
project planning,media planning,0.482
programming interview,web programming,0.482
good judgment,manage a good diction,0.482
energy projects,cultural projects,0.481
plan implementation,government policy implementation,0.481
genetic analysis,market analysis,0.481
custom loss functions,direct logistical functions,0.481
human-centered design,use methodologies for user-centered design,0.481
technology gap analysis,computer technology,0.481
4. develop communication processes during change management planning,apply change management,0.481
analyse and interpret data,interpret law,0.481
create an electronic composition,electronic communication,0.481
cybersecurity compliance,handle cybersecurity incidents,0.481
regression analysis,market analysis,0.481
create,create media plan,0.481
aws data lakes,manage data,0.48
business applications,blockchain applications,0.48
music editing,study music,0.48
acquisition & buy-outs,study acquisition of language,0.48
product development,social development,0.48
constrained forecast,forecast workload,0.479
security architecture fundamentals,information architecture,0.479
working principles of a camera,apply socially just working principles,0.479
online education,education law,0.479
social entrepreneurship,social entreprise,0.479
data modeling,statistical modeling techniques,0.479
job preparedness,prepare for job interview,0.479
python operators,Python (computer programming),0.479
creativity,stimulate creativity in the team,0.479
supply planning,media planning,0.479
cloud computing security,cloud security and compliance,0.479
customer awareness,promote social awareness,0.479
plan a social media advertising strategy,plan social media marketing campaigns,0.479
software development process,review development process of an organisation,0.478
refine research instruments,use measurement instruments,0.478
personal strategy,personal development,0.478
python libraries,use software libraries,0.478
inventory control,maintain parts inventory,0.478
spring cloud,cloud technologies,0.477
advanced deployment,solution deployment,0.477
social capital,capital goods industry,0.477
gibbs sampling,organise retail sampling events,0.477
dynamic memory allocation,plan allocation of space,0.477
executive presentation,give live presentation,0.477
chart types,types of media,0.477
create music legally,study music,0.476
luxury goods,consumer goods industry,0.476
statistical inference,develop statistical software,0.476
digital channel planning,channel marketing,0.476
gcp ace certification,apply certification and payment procedures,0.476
aws management console,risk management,0.476
contingency plan,develop contingency plans for emergencies,0.476
assembling a successful team,manage a team,0.476
shell script,develop script bible,0.476
application security best practices,web application security threats,0.476
guitar performance,monitor system performance,0.476
music performance,study music,0.475
customer development,social development,0.475
develop a research proposal,write research proposals,0.475
business writing,writing techniques,0.475
object detection,fraud detection,0.475
people management,interview people,0.475
stakeholder theory,systems theory,0.475
user-centered design (create basic visualizations that match data and user needs),use methodologies for user-centered design,0.475
minimal viable products,financial products,0.475
pie charts,interpret pedigree charts,0.475
work management,risk management,0.475
cybersecurity terminology,legal terminology,0.474
evaluate different data collection approaches,manage data collection systems,0.474
forecast modeling in spreadsheets,use spreadsheets software,0.474
cloud deployment models,solution deployment,0.474
backlog management,risk management,0.474
environment mapping,provide a psychotherapeutic environment,0.474
solution sketching,solution deployment,0.474
cost per acquisition,study acquisition of language,0.474
pid control,control of expenses,0.474
depth-first search,first aid,0.474
application dependency management,dependency on drugs,0.474
credit technology,computer technology,0.473
motion planning,media planning,0.473
distributed version control (drcs),distributed computing,0.473
agile user stories,check stories,0.473
attack and defend,attack vectors,0.473
data manipulation,manage data,0.473
cybersecurity program elements,handle cybersecurity incidents,0.473
health equity research,conduct health related research,0.473
clinical research,clinical reports,0.473
network traffic capture,network marketing,0.473
azure security center,cyber security,0.473
- tableau-software,CAD software,0.472
classroom management,risk management,0.472
social skills,own management skills,0.472
experiment control,control of expenses,0.472
influencing,analyse processes influencing health care delivery,0.472
brand management,manage brand assets,0.471
product kpis,product comprehension,0.471
poisson distribution,review distribution management procedures,0.471
risk measurements,risk management,0.471
appsheet automation,tools for ICT test automation,0.471
fraud prevention,fraud detection,0.471
command line interface basics,design user interface,0.47
dynamic linear modeling,statistical modeling techniques,0.47
idle (python),Python (computer programming),0.47
customer support,customer service,0.47
basic understanding of how to read different types of charts,translate different types of texts,0.47
wireless networks,design cloud networks,0.47
permanent placement,design ICT hardware placement,0.47
data visualization,data visualisation software,0.47
create a forecast,forecast workload,0.47
concept drift,blockchain concept application,0.469
digital research,digital media,0.469
credit risk measurement and management,risk management,0.469
software product management,property management software,0.469
digital fashion design,digital media,0.469
gantt charts,interpret pedigree charts,0.468
scenario analysis,market analysis,0.468
capital budgeting,capital goods industry,0.468
business value,value properties,0.468
implementation science,data science,0.468
linear editing,perform image editing,0.468
business law,business analysis,0.468
science literacy,data science,0.468
representational state transfer (rest),risk transfer,0.467
vulnerability exploitation,negotiate exploitation rights,0.467
clinical development,social development,0.467
web hacking,ethical hacking principles,0.467
decision matrix method,decision support systems,0.467
requirements gathering,analyse business requirements,0.467
project operations,project management,0.467
run and interpret kaplan-meier curves in r,interpret law,0.467
regulation,blockchain-based services regulation,0.466
voice user interfaces,design application interfaces,0.466
dynamical systems,systems theory,0.466
reproducible research,market research,0.466
portfolio risk models,modern portfolio theory,0.466
cloud applications,blockchain applications,0.466
design technique,system design,0.466
c sharp (c#) (programming language),computer programming,0.466
fraud investigation,develop investigation strategy,0.466
user research planning,execute ICT user research activities,0.466
enhanced oil recovery,ICT recovery techniques,0.466
compensation analysis,calculate compensation payments,0.466
marketing process,marketing management,0.465
data splitting,manage data,0.465
marketing communications,develop communications strategies,0.465
kalkulasi data,manage data,0.465
neural network basics,artificial neural networks,0.465
build and sustain a social media community,build community relations,0.465
dydx’s derivatives implementation,government policy implementation,0.465
performance appraisal,monitor system performance,0.465
probability distribution,review distribution management procedures,0.465
data privacy regulations,maintain privacy,0.464
django (web framework),develop an artistic framework,0.464
c++ (programming language),computer programming,0.464
scrum (software development),oversee development of software,0.464
world markets,financial markets,0.464
medical language,sign language,0.463
occupational guidance,develop occupational classification systems,0.463
intersectional analysis,market analysis,0.463
recurrent neural network,artificial neural networks,0.463
knowledge of general business functions,manage business knowledge,0.463
hough transforms. feature detection,fraud detection,0.462
configuring network protection and dynamic routing using firewalls,ICT network routing,0.462
influencer marketing,marketing management,0.462
cybersecurity regulation,handle cybersecurity incidents,0.462
dividend policy,forecast dividend trends,0.462
privacy preservation,maintain privacy,0.462
raising capital,capital goods industry,0.462
data-informed decision-making,apply decision making within social work,0.462
exit strategy,publishing strategy,0.461
model-view-viewmodel architecture,software architecture models,0.461
task analysis (define elements of a data analysis and/or communication problem),perform data analysis,0.461
static timing analysis,market analysis,0.461
spline approach,youth-centred approach,0.461
copy editing,perform image editing,0.461
monte carlo methods dynamic programming,computer programming,0.461
osint tools,industrial tools,0.461
sas visual analytics,data analytics,0.461
careers in software engineering,utilise computer-aided software engineering tools,0.461
regression modeling,statistical modeling techniques,0.461
cost estimate,estimate profitability,0.46
data visualization (dataviz),data visualisation software,0.46
occupancy grid mapping algorithm,forecast occupancy demand,0.46
music making,study music,0.46
control de proyecto,credit control processes,0.46
quality improvement,provide improvement strategies,0.46
estate planning,media planning,0.46
android ui development,social development,0.46
debt management plan,debt systems,0.459
camera and imaging,operate a camera,0.459
fixed income,sign income tax returns,0.459
multi-class classification with fasttext and blazingtext,debt classification,0.459
spring configuration techniques,project configuration management,0.459
stakeholder communications,develop communications strategies,0.459
listening skills,own management skills,0.459
python tools,Python (computer programming),0.459
service agreements,develop licensing agreements,0.458
revenue streams,manage hospitality revenue,0.458
ibm power systems,systems theory,0.458
monetary policy,policy analysis,0.458
process analysis,business analysis,0.458
zero trust deployment strategy,solution deployment,0.458
social issues,manage ethical issues within social services,0.457
demand planning and forecasting,financial forecasting,0.457
keyword research,market research,0.457
azure compute service,customer service,0.457
cybersecurity incident response playbooks,handle cybersecurity incidents,0.457
neural style transfer,risk transfer,0.457
integrative healthcare,healthcare analytics,0.457
image filtering,image recognition,0.457
technical cybersecurity controls,handle cybersecurity incidents,0.457
value chain,value properties,0.456
side-channel attack,channel marketing,0.456
market impact,ICT market,0.456
knowledge acquisition,knowledge base,0.456
bioinformatics analysis,market analysis,0.456
numerical analysis,market analysis,0.456
cloud native,cloud technologies,0.456
gps,collect data using GPS,0.456
open collaboration,digital communication and collaboration,0.456
app version management,risk management,0.456
facilitating online learning,machine learning,0.456
self-assessment,assessment processes,0.456
inventory and transportation,maintain parts inventory,0.456
change planning,media planning,0.456
web scraping,web services,0.456
digital strategy,digital media,0.456
application development,social development,0.456
total addressable market,ICT market,0.455
sql and python syntax,Python (computer programming),0.455
set up a youtube channel,channel marketing,0.455
personal advertisement,examine advertisement layout,0.455
perimeter security,cyber security,0.455
probabilistic neural network,artificial neural networks,0.455
asset allocation,plan allocation of space,0.455
ethical ai,ethical hacking principles,0.455
news writing,writing techniques,0.455
cybersecurity governance,handle cybersecurity incidents,0.455
sustainability reporting & esg metrics,sustainability consulting,0.455
web interactivty,web services,0.455
decentralized protocols,decentralized application frameworks,0.455
hone observation skills,participant observation,0.455
capital market,capital goods industry,0.455
cancer treatment,clinical psychological treatment,0.454
reinforcement learning trading algorithm optimization,machine learning,0.454
caregiver support,support managers,0.454
health practices,implement policy in healthcare practices,0.454
object detection and segmentation,customer segmentation,0.454
graph data structures,unstructured data,0.454
product cost analysis,product usage risks analysis,0.454
communicating results,report analysis results,0.454
building community,build community relations,0.454
statistical model,statistical modeling techniques,0.453
training and development,develop training programmes,0.453
cloud governance strategy,internet governance,0.453
performance technique,monitor system performance,0.453
create and configure network peering,configure ICT system,0.453
credit card debt,debt systems,0.453
azure kubernetes service,customer service,0.453
set up advertising on snapchat,advertising techniques,0.453
people development,social development,0.452
describe features of computer vision workloads on azure,develop computer vision system,0.452
clinical text mining,data mining,0.452
earnings management,risk management,0.452
business marketing,marketing management,0.452
stream processing use cases,analyse blockchain use cases,0.452
interpreting phylogenetic trees,interpreting modes,0.452
high-dynamic-range (hdr) imaging,apply 3D imaging techniques,0.452
analyzing firewall logs and configuring security controls,implement a firewall,0.452
cloud cost governance,internet governance,0.452
measuring customer preferences,respect cultural preferences,0.451
accounts receivable and cash receipts,manage accounts,0.451
python testing,Python (computer programming),0.451
working with others,psychological measures in working with other health care professionals,0.451
cloud operational efficiency,energy efficiency,0.451
testing vocabulary,manage system testing,0.451
product launch,product comprehension,0.451
product strategies,sales strategies,0.451
data privacy governance,internet governance,0.451
normal distribution,review distribution management procedures,0.451
quality management,quality standards,0.451
api requests,follow up online user requests,0.451
itil 4 foundation topics,study topics,0.451
text mining methodologies,ICT sales methodologies,0.451
linux file systems,systems theory,0.45
trade marketing,international trade,0.45
software requirements,analyse business requirements,0.45
examining ideas,brainstorm ideas,0.45
gst compliances & return filing,manage IT security compliances,0.45
medical writing,writing techniques,0.45
getting and giving group feedback,manage feedback,0.45
experiment design,system design,0.45
machine translation,machine learning,0.449
custom training loops,analyse the training market,0.449
big visible,analyse big data,0.449
3d modeling,statistical modeling techniques,0.449
network analysis,network marketing,0.449
privacy risk assessment,maintain privacy,0.449
investment management knowledge,knowledge base,0.449
convolutional neural network,artificial neural networks,0.449
structure from motion,information structure,0.449
health management,risk management,0.448
python methods,Python (computer programming),0.448
staff engagement,manage staff,0.448
prioritized experience replay,use experience map,0.448
choose social media platforms and tools,social media management,0.448
basics of consuption-based alternative data,alternative energy,0.448
continuous learning,machine learning,0.448
trading strategy,publishing strategy,0.447
presentation design,give live presentation,0.447
drug development,social development,0.447
java syntax,Java (computer programming),0.447
strategy implementation,government policy implementation,0.447
line charts,interpret pedigree charts,0.447
health policy,policy analysis,0.447
probabilistic programming language (prpl),computer programming,0.447
digital signature,blockchain signature schemes,0.447
social emotional learning,machine learning,0.447
teaching online,apply teaching strategies,0.447
online teaching,apply teaching strategies,0.447
process modeling,statistical modeling techniques,0.446
binary search tree,search databases,0.446
network effects,work on the effects of abuse,0.446
java arrays,Java (computer programming),0.446
software application development,oversee development of software,0.446
stress management,tolerate stress,0.446
interpreting test results,interpreting modes,0.446
promotional mix,develop promotional tools,0.446
online teacher,manage online content,0.446
health information technology,computer technology,0.445
cloud cost evaluation,plan evaluation,0.445
video game,game theory,0.445
class activation maps,create risk maps,0.445
threat actors,conduct threat intelligence,0.445
java stream api,Java (computer programming),0.445
report building,building information modelling,0.445
model interpretation,perform bilateral interpretation,0.445
model performance metrics,software metrics,0.445
affinity diagram,create flowchart diagram,0.445
inventory costing methods,maintain parts inventory,0.444
risk aversion,risk management,0.444
java compiler,Java (computer programming),0.444
powerpoint skills,own management skills,0.444
data model,data models,0.444
decision analysis,decision support systems,0.444
scenario design,system design,0.444
watson (computer),computer programming,0.443
competitive analysis,market analysis,0.443
sales presentation,give live presentation,0.443
game making,game theory,0.443
medical software,medical studies,0.443
community change,community education,0.443
cost control,cost management,0.443
singular value decomposition (svd),value properties,0.443
cybersecurity threat triage,handle cybersecurity incidents,0.442
use case,apply case management,0.442
strategy execution,ensure sentence execution,0.442
neural network architecture,information architecture,0.442
lean software development,oversee development of software,0.442
breadth-first search,first aid,0.442
fashion avatar creation,digital content creation,0.442
brand design,design brand's online communication plan,0.442
a/b testing and model deployment,solution deployment,0.442
basic understanding of macos helpful,Visual Basic,0.442
python library fluency,Python (computer programming),0.442
virtual class,implement a virtual private network,0.442
cybersecurity policy writing,handle cybersecurity incidents,0.442
overfitting prevention,organise relapse prevention,0.442
it career,provide career counselling,0.442
video terminology and while not required,legal terminology,0.442
cloud endpoints,cloud technologies,0.442
image-to-image translation,image recognition,0.441
cloud computing fluency,scientific computing,0.441
white-box testing techniques,writing techniques,0.441
cloud functions,direct logistical functions,0.441
structed light methods,check methods,0.441
building a balanced meal,building information modelling,0.441
digital trends,digital media,0.441
analyse des données,analyse legislation,0.441
product requirements documents,ensure finished product meet requirements,0.441
formulate a scientific hypothesis,formulate findings,0.441
social-emotional learning,machine learning,0.441
whole-person care,apply person-centred care,0.44
team building,building information modelling,0.44
learning disabilities,machine learning,0.44
it skills and knowledge,knowledge base,0.44
educational entertainment,perform educational testing,0.44
financial modeling,statistical modeling techniques,0.44
black-box testing techniques,writing techniques,0.44
diversification (finance),public finance,0.44
financial privacy regulations,maintain privacy,0.44
writing code in vhdl,writing techniques,0.44
customer churn rate,customer service,0.44
track conversion ratios,execute conversion testing,0.439
symptom management,risk management,0.439
video production,production processes,0.439
demand planning,media planning,0.439
software quality,quality standards,0.439
symptom assessment and management,assessment processes,0.439
internal control,internal auditing,0.439
threat profiling,conduct threat intelligence,0.438
sample testing,manage system testing,0.438
project valuation,project management,0.438
basic spreadsheet use,Visual Basic,0.438
growth strategy,strive for company growth,0.438
sagemaker training jobs,develop training programmes,0.438
business modeling,statistical modeling techniques,0.438
tabular records,keep task records,0.438
constitution,constitutional law,0.437
melody,match lyrics to mood of melody,0.437
monetization strategy,publishing strategy,0.437
healthcare quality,comply with quality standards related to healthcare practice,0.437
payment technology,computer technology,0.437
product design interview,interview techniques,0.437
cluster sampling,organise retail sampling events,0.437
music recording,study music,0.436
coding best practices,system backup best practice,0.436
project execution,ensure sentence execution,0.436
spring data,manage data,0.436
identity and access management fundamentals,digital identity management,0.436
resource and capacity optimization,plan ICT capacity,0.436
spring data jpa,manage data,0.436
assembly languages,Assembly (computer programming),0.436
sustaining engagement,apply customer engagement strategy,0.436
operations management,maintenance operations,0.436
growth strategies,strive for company growth,0.436
creative writing,writing techniques,0.436
advanced vizualisation,OpenEdge Advanced Business Language,0.435
nist cybersecurity framework,handle cybersecurity incidents,0.435
entity–relationship (e-r) model,relationship marketing,0.435
international transfers of personal data,record customers' personal data,0.435
clinical data management,clinical reports,0.435
aurally identify musical intervals,musical theory,0.435
2. develop a successful change management team and define roles and responsibilities,apply change management,0.435
create and manage presentations,conduct public presentations,0.435
product strategy business context,business strategy concepts,0.435
python function definition,Python (computer programming),0.435
cybersecurity business context,handle cybersecurity incidents,0.435
performance management,monitor system performance,0.434
data anonymization,manage data,0.434
organizational strategy,publishing strategy,0.434
saving,instruct on energy saving technologies,0.434
portfolio preparation,develop investment portfolio,0.434
performance measurement,use measurement instruments,0.434
synthetic collateralised debt obligation (cdo),debt systems,0.434
wireless security,cyber security,0.434
virtual memory,implement a virtual private network,0.434
positive personality,theories of personality,0.433
stakeholder analysis,market analysis,0.433
product iteration planning,media planning,0.433
audio production,production processes,0.433
model-view-controller,program a CNC controller,0.433
financial planning (business),media planning,0.433
mechanical design,system design,0.433
a* search algorithm,search databases,0.433
organizational skill gap analysis,market analysis,0.433
search algorithm,search databases,0.433
creating a culture,advise on organisational culture,0.432
azure event grid,carry out event management,0.432
task estimation,task algorithmisation,0.432
psychosocial support,support managers,0.432
problem validation,ICT problem management techniques,0.432
point cloud data,manage cloud data and storage,0.432
design management,risk management,0.432
experimental design,system design,0.432
python data structures,Python (computer programming),0.432
earned value management (evmt),value properties,0.432
testing in python,Python (computer programming),0.431
information assurance,quality assurance methodologies,0.431
performance attribution,monitor system performance,0.431
energy audits,wind energy,0.431
maximizing productive team cultures,study cultures,0.431
portfolio construction,develop investment portfolio,0.431
distribution strategies,review distribution management procedures,0.431
reacting productively to conflicts,monitor political conflicts,0.431
identify capital resources,manage resources,0.431
c++ data types,types of media,0.43
statistical data bias detection,fraud detection,0.43
change control,apply change management,0.43
capabilities analysis,market analysis,0.43
python string methods,Python (computer programming),0.43
automated testing,develop automated migration methods,0.43
technical literacy,have computer literacy,0.43
hospital management,risk management,0.43
technical feasibility evaluation,execute feasibility study,0.429
project selection techniques,project management,0.429
react (web framework),develop an artistic framework,0.429
search marketing,marketing management,0.429
css code,conduct ICT code review,0.429
bitcoin core,core banking software,0.429
long short term memory (lstm),plan medium to long term objectives,0.429
business continuity,contribute to continuity of health care,0.429
inversion of control,control of expenses,0.429
foreign keys,foreign affairs,0.429
python scripting,use scripting programming,0.428
model debugging and evaluation,ICT debugging tools,0.428
trust in relationships,build business relationships,0.427
apis for trade finance,public finance,0.427
sql query performance tuning,query languages,0.427
describe ai workloads and considerations,describe scenes,0.427
product research,market research,0.427
query performance tuning,query languages,0.427
agregasi data,manage data,0.427
brand equity,perform brand analysis,0.427
service discovery,customer service,0.427
algorithmes et techniques de chiffrement,writing techniques,0.427
api fluency testing,manage system testing,0.427
decision theory,decision support systems,0.427
career development,provide career counselling,0.426
master data management,master language rules,0.426
determine your leadership style,leadership principles,0.426
bond analysis,monitor bond market,0.426
autonomous vehicle fluency,maintain vehicle records,0.426
sales management,risk management,0.426
java annotations,Java (computer programming),0.425
workbook automation,tools for ICT test automation,0.425
physical controls,define database physical structure,0.425
trust maturity model,build trust,0.425
text analysis,market analysis,0.425
legal liability,legal research,0.425
represent data visually,represent the organisation,0.425
blockchains,blockchain,0.425
data reporting,cloud monitoring and reporting,0.425
functional testing,perform educational testing,0.425
healthcare privacy regulations,maintain privacy,0.425
vector space models,data models,0.425
customer acquisition cost,study acquisition of language,0.425
test environments,manage ICT virtualisation environments,0.425
fx case study,study music,0.425
web design,web services,0.425
case study,study music,0.425
server hardening strategy,publishing strategy,0.424
map analysis,market analysis,0.424
valuation (finance),perform stock valuation,0.424
psychological issues,psychological concepts,0.424
sports marketing,marketing management,0.424
healthcare marketing,healthcare analytics,0.424
live coding,give live presentation,0.424
risk mitigation,risk management,0.424
markov decision processes,manage processes,0.424
tensorflow object detection api,fraud detection,0.424
data validation,manage data,0.424
prepare data,prepare speeches,0.424
analyse de donnees,analyse legislation,0.423
instructional design,system design,0.423
core data,core banking software,0.423
robotic process automation,tools for ICT test automation,0.423
programmable logic design,design process,0.423
familiarise with the elements of a research report,familiarise with personal directing styles,0.423
virus,implement anti-virus software,0.423
continuous random variables,continuous improvement philosophies,0.422
email writing,execute email marketing,0.422
analysis of variance (anova),market analysis,0.422
content calendars,compile content,0.422
building customer loyalty,building information modelling,0.422
google cloud platform,cloud technologies,0.422
cloud solution evaluation,plan evaluation,0.422
material design,create advocacy material,0.422
speech,preserve meaning of original speech,0.422
utm codes,assign codes to product items,0.422
guerilla design sprints,system design,0.422
writing defect reports,writing techniques,0.422
new product development,handle requests for new product items,0.422
sessions and cookies,perform therapy sessions,0.422
cybersecurity training strategies,handle cybersecurity incidents,0.421
audio processing,audio editing software,0.421
multi-task learning,machine learning,0.421
analisis data,manage data,0.421
functional programming concepts,computer programming,0.421
drug discovery,drug interaction management,0.421
amazon elastic compute cloud,cloud technologies,0.421
image transformations,image recognition,0.421
dashboard (business),business processes,0.421
stakeholder management,risk management,0.421
value at risk (var),value properties,0.421
sales operations,maintenance operations,0.42
building teams,building information modelling,0.42
project risk mitigation,project management,0.42
script writing,writing techniques,0.42
self-coaching,develop a coaching style,0.42
english language teaching,academic English,0.42
ml deployment challenges,solution deployment,0.42
2d image transforms,image recognition,0.419
sentiment with neural nets,artificial neural networks,0.419
brand engagement,apply customer engagement strategy,0.419
applying vision,develop computer vision system,0.419
sound design,edit recorded sound,0.419
azure cognitive search queries,cognitive psychology,0.419
go-to-market strategy,plan marketing strategy,0.419
breach (security exploit),identify policy breach,0.419
applied creativity,stimulate creativity in the team,0.419
cloud management,cloud technologies,0.419
python trees,Python (computer programming),0.418
3d fashion design,system design,0.418
pengumpulan data,manage data,0.418
technical debt management,debt systems,0.418
facilitating group meetings,fix meetings,0.418
object motion models,data models,0.418
concept art,blockchain concept application,0.418
spring support for jpa,support managers,0.418
python data types,Python (computer programming),0.418
replicating strategy,publishing strategy,0.418
python package management,Python (computer programming),0.418
practical applications,blockchain applications,0.417
connect to and consume azure services and third-party services,manage third-party logistics providers,0.417
markov chain monte carlo (mcmc),supply chain management,0.417
custom and exotic models with functional api,data models,0.417
relational data,operate relational database management system,0.417
cost-based pricing,prepare cost-plus pricing models,0.417
evaluate projects on a portfolio basis the economic attractiveness of various abatement projects,cultural projects,0.416
product design,design process,0.416
algorithm design,system design,0.416
multivariate testing,manage system testing,0.416
intelligent systems,systems theory,0.416
strategy formulation,information security strategy,0.416
social emotional,test for emotional patterns,0.416
video processing,perform video editing,0.416
advance care planning,involve service users and carers in care planning,0.416
marketing performance,marketing management,0.415
data loss prevention,organise relapse prevention,0.415
child privacy regulations,maintain privacy,0.415
alexa skill creation,digital content creation,0.415
describe the apps and services available in a microsoft 365 subscription,identify available services,0.415
business model,business process modelling,0.415
reinforcement learning trading algo development,machine learning,0.415
production environments,manage ICT virtualisation environments,0.415
data wrangling,manage data,0.415
health law,public health,0.414
spreadsheet functions,direct logistical functions,0.414
product release planning,media planning,0.414
product/market fit,ICT market,0.414
immutable data types,types of media,0.414
risk treatment,clinical psychological treatment,0.414
real analysis,market analysis,0.414
transformation matrix,"data extraction, transformation and loading tools",0.414
parsing form data,manage data,0.414
trade finance management,public finance,0.414
cloud observability,cloud technologies,0.413
non-fiction writing,writing techniques,0.413
performance and optimization,analyse network configuration and performance,0.413
user journey maps,create risk maps,0.413
continuous integration,ICT system integration,0.413
positive education,education law,0.413
virtual coaching,develop a coaching style,0.413
task management,keep task records,0.413
generative adversarial networks,design cloud networks,0.413
production-ready assets,production processes,0.412
1. understand the meaning of organizational change management and what leaders need to understand regarding the reasons for change,apply change management,0.412
security devices,protect ICT devices,0.412
cloud hosting,manage email hosting service,0.412
microservices security,cyber security,0.412
long short-term memory (istm),plan medium to long term objectives,0.412
directory service,customer service,0.412
mutual funds,decide on providing funds,0.412
lean methods,check methods,0.412
product design principles,marketing principles,0.412
managing linux file systems,systems theory,0.412
basic python syntax,Visual Basic,0.412
conditional generation,develop revenue generation strategies,0.411
customer lifetime value,value properties,0.411
import data,international import export regulations,0.411
app behaviors and automation,tools for ICT test automation,0.411
aurally identify chords,identify suppliers,0.411
virtual machine,machine learning,0.411
data aggregation,manage data,0.411
espresso testing framework,develop an artistic framework,0.41
performance techniques,audit techniques,0.41
missing data,manage data,0.41
3d printing,3D lighting,0.41
product validation,product comprehension,0.41
community engagement,community education,0.41
azure cognitive search data import,cognitive psychology,0.41
information technology planning,computer technology,0.41
random sample consensus (ransac),blockchain consensus mechanisms,0.409
improved symptom management,risk management,0.409
working with sqlite,psychological measures in working with other health care professionals,0.409
email automation,tools for ICT test automation,0.409
people skills,own management skills,0.409
azure ml sdk,ML (computer programming),0.408
saving money,instruct on energy saving technologies,0.408
drug regulations,state aid regulations,0.408
projektmanagement,project management,0.408
and column charts,interpret pedigree charts,0.408
creative skills,own management skills,0.408
income statement,sign income tax returns,0.408
finance and accounting skills and knowledge,accounting,0.408
patient care,handle patient trauma,0.408
health insurance portability and accountability act (hipaa),accept own accountability,0.408
flow network,network marketing,0.407
software development automation,oversee development of software,0.407
live looping,give live presentation,0.407
immutable data,manage data,0.407
cross-site scripting forgery (csrf),use scripting programming,0.407
salesforce sales cloud,sales strategies,0.407
address mechanics,address identified risks,0.406
game design document,game theory,0.406
diversity (business),business processes,0.406
basic programming language,Visual Basic,0.406
product management,risk management,0.406
constraint satisfaction problems,guarantee customer satisfaction,0.406
redaction for data minimization,manage keys for data protection,0.406
focus group,adapt teaching to target group,0.406
data pipelines,manage data,0.405
baum-welch algorithm,algorithms,0.405
tactics,operational tactics for emergency responses,0.405
shopping for and storing produce with sustainability in mind,sustainability consulting,0.405
data serialization,manage data,0.404
asking questions,pose questions referring to documents,0.404
network model,network marketing,0.404
python data type,Python (computer programming),0.404
behavioral health,public health,0.404
obfuscation for data minimization,use software for data preservation,0.404
metamask client,ensure client orientation,0.404
binary data,manage data,0.404
differentiate the traits that make up a good prospect from those of a bad prospect,prospect new customers,0.404
basic time series analysis,Visual Basic,0.403
version control,oversee quality control,0.403
java tools,Java (computer programming),0.403
future value,value properties,0.403
vulnerability management,risk management,0.403
reflect on the development of the research proposal,assess the development of youth,0.402
data pipeline dags,manage data,0.402
pembersihan data,manage data,0.402
technical support,technical drawings,0.402
data calculations,execute analytical mathematical calculations,0.402
food marketing,marketing management,0.402
command line tools,industrial tools,0.401
vision alignment,develop computer vision system,0.401
establish business partnerships,establish data processes,0.401
research and development (r&d),social development,0.401
data staging,manage data,0.401
data augmentation,manage data,0.401
data pipeline design,system design,0.401
visual studio code,Visual Basic,0.401
accessible user experience design,create prototype of user experience solutions,0.4
data ingestion,manage data,0.4
credit analysis,market analysis,0.4
time value of money,value properties,0.4
automated path planning,develop automated migration methods,0.4
display and video advertising strategy,advertising techniques,0.4
security vulnerabilities and treatments,distributed ledger technologies vulnerabilities,0.4
denial-of-service attack (dos),attack vectors,0.4
product backlogs,product comprehension,0.4
data cleaning,perform data cleansing,0.4
health records,maintain financial records,0.4
etl & data pipelines,manage data,0.4
many-to-many data modeling,statistical modeling techniques,0.4
data scraping,manage data,0.4
cloud cost optimization,cost management,0.4
understand the requirements of a battery-management system,meet the requirements of legal bodies,0.4
spreadsheet management,risk management,0.4
data schemas,manage data,0.399
viterbi algorithm,algorithms,0.399
sourcing best practices,system backup best practice,0.399
express web framework,develop an artistic framework,0.399
writing test plans,writing techniques,0.399
bond valuation,perform stock valuation,0.399
site reliability engineering business context,data engineering,0.399
root-finding,root cause analysis,0.399
optimal trading,select optimal distribution channel,0.398
decision trees,decision support systems,0.398
animated data visualizations,data visualisation software,0.398
electric vehicles,advise customers on motor vehicles,0.398
run experiments and train models,data models,0.398
project scoping and design,project management,0.398
continuous integration and continuous deployment (ci/cd),continuous improvement philosophies,0.398
support vector machines,support managers,0.398
read lead sheets,lead a team,0.398
cybersecurity performance measurement,handle cybersecurity incidents,0.398
principal component analysis,acquire system component,0.398
principal component analysis (pca),acquire system component,0.398
tableau data pane,manage data,0.397
professional skills,own management skills,0.397
describe an analytics workload on azure,forecast workload,0.397
model training and deployment with bert,solution deployment,0.397
develop team culture,manage a team,0.397
cost estimation techniques,cost management,0.397
cloud load balancing,cloud technologies,0.397
use ui component libraries to build android ui,software components libraries,0.397
basic knowledge of microsoft excel,Microsoft Visual C++,0.396
summary measures,psychological treatment measures,0.396
present and quantify solutions to a prospect,create solutions to problems,0.396
java class library,Java (computer programming),0.396
basic cybersecurity implementation,handle cybersecurity incidents,0.396
networking/cybersecurity essentials,handle cybersecurity incidents,0.396
facilitate psychological safety,ICT safety,0.396
decentralized storage protocol,decentralized application frameworks,0.396
biostatistics,statistics,0.396
organizational transformation,"data extraction, transformation and loading tools",0.396
multi-screen app design,screen clients,0.395
basic programming concepts,Visual Basic,0.395
java testing,Java (computer programming),0.395
google maps in android development,create risk maps,0.395
stakeholder-management,risk management,0.395
describe core data concepts,describe scenes,0.395
advertising effectiveness evaluation,advertising techniques,0.395
presentation skills,give live presentation,0.395
understand the fundamentals of the sales process,understand the emotional dimension of a performance,0.395
develop azure compute solutions,create solutions to problems,0.395
trial design,advise on trial strategies,0.395
zero trust security model,build trust,0.394
social network analysis,network marketing,0.394
physical examination,define database physical structure,0.394
model training,analyse the training market,0.394
data deserialization,manage data,0.394
python functions,Python (computer programming),0.394
sample-based path planning,media planning,0.394
data privacy best practices,maintain privacy,0.394
react component state,acquire system component,0.393
data querying,manage data,0.393
design equivalent-circuit models for lithium-ion battery cells,data models,0.393
emotional engagement,apply customer engagement strategy,0.393
demand management,forecast occupancy demand,0.393
sensitive data tracking,secure sensitive customer's information,0.393
it customer support,customer service,0.392
data fluency,manage data,0.392
drone flight control,control of expenses,0.392
fetching data,manage data,0.392
video game design,game theory,0.392
design of experiments,system design,0.392
treatment effect estimation,clinical psychological treatment,0.392
retail management,organise retail sampling events,0.392
product scaling,product comprehension,0.391
real-world projects,cultural projects,0.391
create react app,create media plan,0.391
ai for 2d medical imaging,apply 3D imaging techniques,0.391
execution environments,ensure sentence execution,0.391
tiktok video creation,perform video editing,0.391
introduction to python for cybersecurity,handle cybersecurity incidents,0.39
computational creativity,stimulate creativity in the team,0.39
payment processing,signal processing,0.39
controllable generation,develop revenue generation strategies,0.39
distributed model training with sagemaker,distributed computing,0.39
statistical hypothesis testing,develop statistical software,0.39
customer willingness to pay,customer service,0.389
propensity score matching,consult credit score,0.389
run-time analysis,market analysis,0.389
information technology (it) management,computer technology,0.389
web-based training,web based collaborative platforms,0.389
data pipeline creation,digital content creation,0.389
model monitoring,cloud monitoring and reporting,0.389
design pattern fundamentals,blockchain design patterns,0.389
conceptual erds,understand the conceptual dimension of a live performance,0.389
writing code in verilog,writing techniques,0.389
learn to assess how climate change impacts financial portfolios and and how to manage climate risk in equity portfolios,review investment portfolios,0.389
mechanics of futures market,ICT market,0.389
features and boundaries,demonstrate products' features,0.388
integrative care,palliative care,0.388
confluent kafka python client,Python (computer programming),0.388
google app engine (gae),conduct search engine optimisation,0.388
base address,address identified risks,0.388
power bi report customization,report on grants,0.388
computed aided design,use computer-aided translation,0.388
data transmission,manage data,0.388
competitive analysis and benchmark,market analysis,0.388
threat modeling,statistical modeling techniques,0.387
video pre-production,production processes,0.387
set up a social media experience for a business,social media management,0.387
quality measures,quality standards,0.387
regional privacy regulations,maintain privacy,0.387
venture capital financing,capital goods industry,0.387
spreadsheet,use spreadsheets software,0.386
data storytelling,manage data,0.386
exchange traded funds (etfs),manage standards for data exchange,0.386
locality-sensitive hashing,secure sensitive customer's information,0.386
process definition document,document evidence,0.386
azure data factory,manage data,0.386
identify and formulate the research needs,identify ICT user needs,0.386
audio recording,audio editing software,0.386
service client,ensure client orientation,0.386
learn how to managing climate risk in equity portfolios,review investment portfolios,0.386
backup strategy,system backup best practice,0.385
long-term liabilities and note payable,plan medium to long term objectives,0.385
advanced data visualizations,OpenEdge Advanced Business Language,0.385
back-end development,social development,0.385
data consumers,manage data,0.385
social activism,social development,0.385
web forms,web services,0.384
control systems,control of expenses,0.384
gated recurrent unit (gru),manage a social work unit,0.384
sales and operations planning,media planning,0.384
data encryption,manage data,0.384
python exception handling,Python (computer programming),0.384
part of speech tagging,preserve meaning of original speech,0.384
statistical sampling,develop statistical software,0.384
text pre-processing,signal processing,0.384
privacy by design framework,maintain privacy,0.383
image generation,develop revenue generation strategies,0.383
dynamic search ads,search engines,0.383
optical system specification,system design,0.383
processing payments,signal processing,0.383
compensation and benefits,calculate compensation payments,0.382
question answering systems,systems theory,0.382
medical conditions,medical studies,0.382
external service integration,ICT system integration,0.382
trees (data structures),create semantic trees,0.382
no-code application development,social development,0.381
container vulnerability management,risk management,0.381
cross-functional collaboration,digital communication and collaboration,0.381
automated planning heuristics,develop automated migration methods,0.381
resume preparation,attend to detail in preparation for audits,0.381
american law & policy,policy analysis,0.381
foreign exchange market (forex),manage standards for data exchange,0.381
calculate operational risk capital,calculate tax,0.381
issue trees,create semantic trees,0.38
managing your own personal invetsments,personal development,0.38
azure key vault,key risk indicators,0.38
google data studio,manage data,0.38
data preparation,attend to detail in preparation for audits,0.38
data replication,manage data,0.38
test case,apply case management,0.38
greedy algorithm,algorithms,0.38
cloud patch management,cloud technologies,0.38
object binding,object-oriented modelling,0.38
clinical trial management,clinical reports,0.379
environment modeling,statistical modeling techniques,0.379
model bias analysis,market analysis,0.379
goals of care/acp,identify with the company's goals,0.379
video game development,game theory,0.379
time management,risk management,0.379
cloud cost policies,cost management,0.379
access management,risk management,0.378
standard template library,read standard blueprints,0.378
data parallelism,manage data,0.378
object clustering,object-oriented modelling,0.378
simple algorithm,algorithms,0.377
cash flow analysis,market analysis,0.377
it fundamentals,fundamental analysis,0.377
clinical trial design,clinical reports,0.377
knuth–morris–pratt (kmp) algorithm,algorithms,0.377
service level agreements,develop licensing agreements,0.377
medical and healthcare regulations and standards,apply health and safety standards,0.376
integrated marketing communications,develop communications strategies,0.376
ai business context,business analysis,0.376
type class,adapt to type of media,0.376
program management,reconstruct program theory,0.376
reinforcement learning trading strategy development,machine learning,0.376
create and customize the user experience of an app using appsheet views and branding,create prototype of user experience solutions,0.376
pharmacology,psychopharmacology,0.375
data definition,manage data,0.375
product prototyping,product comprehension,0.375
filtering text files,proofread text,0.374
collecting data with a hypothesis,collect ICT data,0.374
discovery-driven planning,media planning,0.374
build a data model,build trust,0.373
mental illness,educate on the prevention of illness,0.373
data loading with sagemaker,"data extraction, transformation and loading tools",0.373
supportive care,palliative care,0.373
azure resource groups,human resource management,0.373
different approaches to custody,speak different languages,0.373
standard score,consult credit score,0.373
create arrays,create media plan,0.373
text processing in python,Python (computer programming),0.373
data visualization design,data visualisation software,0.373
dental healthcare organization operations,healthcare administration,0.373
word2vec text summarization,proofread text,0.373
basic python data structures,Visual Basic,0.373
petri net,ASP.NET,0.372
service level objectives,curriculum objectives,0.372
business hypothesis testing,business analysis,0.372
product strategy,publishing strategy,0.372
solution design and implementation,solution deployment,0.372
news reporting,cloud monitoring and reporting,0.372
analyze and model losses in magnetic components,blockchain components,0.372
dashboards and charts,interpret pedigree charts,0.372
multi-agent training,analyse the training market,0.372
healthcare delivery systems,analyse processes influencing health care delivery,0.371
unfair labor practices,implement policy in healthcare practices,0.371
retail strategy,organise retail sampling events,0.371
option risks,identify ICT security risks,0.371
computer security incident management,create incident reports,0.371
built-in python functions,Python (computer programming),0.37
medical imaging basics,apply 3D imaging techniques,0.37
ransac algorithm,algorithms,0.37
business transformation,"data extraction, transformation and loading tools",0.37
cloud-hosted notebooks,cloud technologies,0.37
business cycle,business analysis,0.37
write a co-writing agreement,writing techniques,0.37
application authentication and authorization,application usability,0.369
agile product management,risk management,0.368
ethical design and production,production processes,0.368
markov random field,monitor developments in field of expertise,0.368
categorical data visualization,data visualisation software,0.368
set up advertising on facebook and instagram,advertising techniques,0.368
proofreading,proofread text,0.368
create space for deib,buy advertising space,0.367
brand and product management,manage brand assets,0.367
american law,public law,0.367
assessing regulatory risk,ensure products meet regulatory requirements,0.367
product storyboarding,product comprehension,0.366
attract and retain a diverse team of employees,train employees,0.366
independent component analysis,acquire system component,0.366
active listening,carry out active selling,0.366
data versioning,manage data,0.365
social listening,social development,0.365
java package management,Java (computer programming),0.365
reinforcement learning model development,machine learning,0.365
leading a diverse workforce,reach out to diverse youth,0.365
using video meetings to communicate,fix meetings,0.365
cloud computing business context,scientific computing,0.364
exception handling,manage the handling of promotional materials,0.364
application monitoring with azure,cloud monitoring and reporting,0.364
data integrity (integritas data),integrate ICT data,0.364
variable scope,define evaluation objectives and scope,0.364
presenting data insights,manage data,0.364
active contours,carry out active selling,0.364
digital transformation,digital media,0.363
automating system administration tasks with python,education administration,0.363
data virtualization,manage data,0.363
manage the development and use of different research instruments,use measurement instruments,0.363
object tracking,object-oriented modelling,0.363
aws certification preparation,apply certification and payment procedures,0.362
publish–subscribe pattern,publish academic research,0.362
global financial crisis,manage social crisis,0.362
stochastic policy gradients reinforce algorithm,reinforce positive behaviour,0.362
streaming data stores,manage data,0.362
behavior-driven development,social development,0.362
secure a kubernetes environment,provide a psychotherapeutic environment,0.361
écriture commerciale,commercial law,0.361
java data types,Java (computer programming),0.361
aplikasi spreadsheet,use spreadsheets software,0.361
designing a stress test,tolerate stress,0.361
fulfillment and delivery,analyse processes influencing health care delivery,0.361
feature engineering and feature store,data engineering,0.36
promote effective communication for both individuals and group members,communication,0.36
python best practices,system backup best practice,0.36
data streaming schemas,manage data,0.36
product roadmaps,product comprehension,0.36
test-driven development,social development,0.36
remote work,supervise work,0.36
object localization,object-oriented modelling,0.36
understand how lithium-ion battery cells work and basic requirements of battery-management systems,management systems standards,0.36
sorting algorithm,algorithms,0.36
parallel algorithm,algorithms,0.36
advice for model development,social development,0.359
experience with video production is helpful,use experience map,0.359
world health organization analysis,provide health psychological analysis,0.359
level design,system design,0.359
sample preparation,attend to detail in preparation for audits,0.359
risikomanagement,risk management,0.359
understand the capabilities of the appsheet no-code app development platform,understand the emotional dimension of a performance,0.359
collaborative working environment,establish collaborative relations,0.358
recording observations,incidents and accidents recording,0.358
q-learning using financial problems,machine learning,0.358
promotion and marketing communications,develop communications strategies,0.358
recording in studio,incidents and accidents recording,0.358
applying moderation and variety to your meals,online moderation techniques,0.358
incident response planning,create incident reports,0.358
use social selling tactics to connect and engage with prospects,engage with offenders,0.358
understand operational risk scenario analysis,perform risk analysis,0.357
motor design,system design,0.357
google compute engine,conduct search engine optimisation,0.357
astrobiology,biology,0.357
product goals,identify with the company's goals,0.357
neural machine translation,machine learning,0.357
cloud performance management,monitor system performance,0.356
executive presence,expand store regional presence,0.356
cross-functional team dynamics,manage a team,0.356
spring data repositories,manage data,0.356
control flow in python,Python (computer programming),0.356
input actions automation,tools for ICT test automation,0.356
distributed model training and hyperparameter tuning,distributed computing,0.356
building future leaders,building information modelling,0.355
ibm new collar,create new concepts,0.355
program evaluation and review technique (pert),plan evaluation,0.355
hypothesis-driven development,social development,0.355
use snapchat ad manager to set up and optimize snapads,set up cameras,0.355
c++11,C++,0.354
c/c++,C++,0.354
understand the fundamentals of magnetic components including inductors and transformers,understand the emotional dimension of a performance,0.354
project valuation: npv irr and payback period,perform stock valuation,0.354
film and televison writing,writing techniques,0.354
google ads,online ads campaign techniques,0.354
portfolio construction and analysis,develop investment portfolio,0.353
handling objections,manage the handling of promotional materials,0.353
test preparation,attend to detail in preparation for audits,0.352
model selection validation improvement,provide improvement strategies,0.352
medical code sets,create data sets,0.352
leading teams,liaise with logistics management teams,0.352
responsive web design,web services,0.352
randomized algorithm,algorithms,0.352
azure ml user management,risk management,0.352
channel and direct-to-consumer pricing,channel marketing,0.352
payment systems,apply certification and payment procedures,0.351
active defense,carry out active selling,0.351
power & energy calculations,wind energy,0.351
cloud hardening strategy,cloud technologies,0.351
design de experiência do usuário (uxd),design customer experiences,0.35
understanding of testing theory,systems theory,0.35
setting financial goals,identify with the company's goals,0.35
automated planning and scheduling,develop automated migration methods,0.35
build a personal brand on linkedin,personal development,0.35
establish coaching agreements,establish data processes,0.349
describe how to work with relational data on azure,describe scenes,0.349
product design sprints,design process,0.349
understand common data distributions and types of variables,types of media,0.349
target personas,work with different target groups,0.349
establish needs and problems that needs solutions for a prospect,create solutions to problems,0.349
binary code,develop code exploits,0.349
visualizing data with altair,data visualisation software,0.348
it service management (itsm),risk management,0.348
human-centered coaching,develop a coaching style,0.348
cartography,photography,0.348
user authentication,authenticate documents,0.348
application development best practices,system backup best practice,0.348
onboarding preparation,attend to detail in preparation for audits,0.347
cost savings and performance improvements,analyse network configuration and performance,0.347
control flow,control of expenses,0.347
search text ads,search engines,0.347
quadrotor control systems,oversee quality control,0.347
access control matrices,enable access to services,0.347
goals and rewards,identify with the company's goals,0.347
explain the process and benefits of following up with a proscpect after a sales call,execute after sales activities,0.346
basic skills in exploring and communicating data,apply technical communication skills,0.346
demand and supply planning,media planning,0.346
understand how customers think and progress through their decision process to make purchasing decisions,make legal decisions,0.346
azure ml pipelines,ML (computer programming),0.346
management styles,risk management,0.345
mechanics and risks of decentralized exchange,decentralized application frameworks,0.345
normalization,normalise data,0.345
c++ polymorphism,C++,0.345
digital transformation in fashion,"data extraction, transformation and loading tools",0.345
simple model for market dynamics,formulate a case conceptualisation model for therapy,0.344
understand how high performing sales people approach sales,sales strategies,0.344
brainstorming,brainstorm ideas,0.344
marketing by medium,marketing management,0.343
continuous delivery,continuous improvement philosophies,0.343
image caption generation,develop revenue generation strategies,0.343
leading and managing change in organisation,apply change management,0.343
pharmacy healthcare organization operations,healthcare administration,0.343
such as investigating and communicating raw data to understand the columns of the data and their meaning,support patients to understand their conditions,0.343
active vs. passive investing,carry out active selling,0.342
organisationskultur,advise on organisational culture,0.342
supply and demand,forecast occupancy demand,0.342
engaging teams,liaise with logistics management teams,0.341
5. evaluate the results and outcomes of change through kpi analysis,report analysis results,0.341
iterative product design,design process,0.341
long-short term memory networks,plan medium to long term objectives,0.341
scale space,buy advertising space,0.341
power bi report design,system design,0.341
asking effective questions,pose questions referring to documents,0.341
cash flow,build contacts to maintain news flow,0.341
bank reconciliations,manage corporate bank accounts,0.34
time series,quality and cycle time optimisation,0.34
transaction costs-modeling,statistical modeling techniques,0.34
understand the purpose and importance of developing a team culture,understand the emotional dimension of a performance,0.34
compete on the internal market,internal auditing,0.34
reflective practice,evaluate practice in psychotherapy,0.338
réflexion stratégique,reflexion,0.338
videography,geography,0.338
compiler,compile content,0.338
optimization of optical systems,operating systems,0.338
business reporting fluency,cloud monitoring and reporting,0.337
ml pipelines and ml operations (mlops),ML (computer programming),0.337
manage motivation and engagement,apply customer engagement strategy,0.337
metadaten,manage content metadata,0.337
c++ syntax,C++,0.336
sql subqueries,test ICT queries,0.336
azure ml platform,ML (computer programming),0.336
price discrimination,communicate price changes,0.336
higher-order function,maintain court order,0.336
primality test,test ICT queries,0.334
object-relational mapping,object-oriented modelling,0.334
control flow activities,banking activities,0.334
ai/ml,ML (computer programming),0.334
understand the difference between leadership and management,leadership principles,0.334
time-to-event modeling,statistical modeling techniques,0.334
how to launch and develop your sap career,SAP R3,0.334
customer value-based pricing,market pricing,0.334
job readiness,job market offers,0.333
issue tracking system,issue official documents,0.333
phygitalization (combining physical + digital),digital media,0.333
product management basics,risk management,0.333
symmetric-key algorithm,algorithms,0.333
3d reconstruction,3D lighting,0.332
force fields,communicate professionally with colleagues in other fields,0.332
set protocol’s tokenization method,maintain internet protocol configuration,0.332
device hardening strategy,mobile device management,0.332
using email to communicate,communicate with media,0.332
cloud product management,cloud technologies,0.332
sales call preparation,attend to detail in preparation for audits,0.332
version control systems,oversee quality control,0.332
user story,provide user documentation,0.331
on-demand fashion design,forecast occupancy demand,0.331
asking the right questions,pose questions referring to documents,0.331
data integrity,integrate ICT data,0.331
modeling and pricing credit default swaps,market pricing,0.331
organic food,comply with food safety and hygiene,0.33
meeting,fix meetings,0.33
ibm code engine,conduct search engine optimisation,0.33
mandatory access control,statistical process control,0.33
infographics,design graphics,0.33
medical healthcare organization operations,healthcare administration,0.33
practice using and extending protocols.,ICT communications protocols,0.33
build input data pipeline,build trust,0.33
inclusive ml,ML (computer programming),0.329
real world,real estate market,0.329
list methods for gaining committment from a prospect,prospect new customers,0.329
human-level performance (hlp),monitor system performance,0.329
algorithmic trading,algorithms,0.327
self-care,encourage healthcare user's self-monitoring,0.327
sagemaker feature store,store digital data and systems,0.327
construction management,risk management,0.327
mitigating vulnerabilities using packet capture and analysis,distributed ledger technologies vulnerabilities,0.327
network defensive tactics,network marketing,0.327
document object model (dom),object-oriented modelling,0.327
technical program management,technical drawings,0.326
aws key management service,risk management,0.326
video post-production,post-processing of photographs,0.326
control flow in r,control of expenses,0.326
automated planning problem definition,develop automated migration methods,0.326
2d robot motion control,control of expenses,0.325
1d robot motion control,control of expenses,0.325
ensure accountability to diversity and inclusion efforts for a sense of belonging,promote inclusion,0.325
dictionary,use dictionaries,0.325
understand how lithium-ion battery cells work,understand the emotional dimension of a performance,0.325
making safe spaces to communicate,communicate with media,0.324
establishing needs,analyse community needs,0.323
describe features of conversational ai workloads on azure,write in conversational tone,0.323
comprehensive unit-based safety program (cusp) toolkit,ICT safety,0.323
c++ code optimization,develop code exploits,0.323
sagemaker model monitor,monitor elections,0.323
web-scritpting tools,industrial tools,0.323
understand how to measuring climate risk in equity portfolio,develop investment portfolio,0.323
data labeling at scale,analyse large-scale data in healthcare,0.323
affordable care act,act reliably,0.322
neurobiology,neurology,0.322
learn the process to deploy and publish an app,deploy ICT systems,0.322
value-based care,value properties,0.322
value-based reinforcement learning exploration-exploitation dilemma,negotiate exploitation rights,0.322
responding with an elevator pitch,deliver a sales pitch,0.322
test d’utilisabilité,test ICT queries,0.322
user personas,provide user documentation,0.321
collections,manage data collection systems,0.321
substance use disorder,inform on the risks of substance and alcohol abuse,0.321
power bi calculated columns and measures,psychological treatment measures,0.321
understand the likely impacts on the real economy of the different courses of actions ahead of us,understand the emotional dimension of a performance,0.32
get & post,post-processing of photographs,0.32
constant function automated market makers,develop automated migration methods,0.32
ux and ui,software UI design patterns,0.319
prepare for and address prospect concerns,prepare for job interview,0.319
designing test benches,test ICT queries,0.318
capital asset pricing model (capm),market pricing,0.318
price elasticity of demand,forecast occupancy demand,0.317
uncover campaign insights using native facebook and snapchat analytics tools,data analytics,0.317
point clouds,discuss the end point of therapeutic intervention,0.317
competitive position,competition law,0.317
cloud product strategy,cloud technologies,0.317
law enforcement access,enable access to services,0.316
food mindfulness,comply with food safety and hygiene,0.316
substance use disorder diagnosis,provide health psychological diagnosis,0.316
the document object model,object-oriented modelling,0.316
application state management with redux,ensure law application,0.316
recommendation engine fluency,conduct search engine optimisation,0.316
c# coding,C#,0.315
estimation,estimate duration of work,0.315
discounted cash flow analysis,market analysis,0.315
gender based analysis,market analysis,0.315
describe how to work with non-relational data on azure,describe scenes,0.315
facebook ads,online ads campaign techniques,0.315
bioinformatics,medical informatics,0.314
map the financial risks and opportunities of climate change,identify pricing opportunities,0.314
resiliency,organisational resilience,0.314
metadatos,manage content metadata,0.314
univariate time-series analysis,market analysis,0.314
liquids,liquidity management,0.313
markov model,formulate a case conceptualisation model for therapy,0.313
radiography,geography,0.313
influencers,influence legislators,0.313
recruiting,recruit members,0.313
managing and encrypting a zero-trust environment,build trust,0.312
ml pipelines and mlops,ML (computer programming),0.312
applying permissions,receive appropriate permissions for use of recorded audiovisual examples,0.312
extract transform load (etl),"data extraction, transformation and loading tools",0.312
socially responsible investing,apply socially just working principles,0.312
inclusive,promote inclusion,0.311
adopt different sampling approaches,speak different languages,0.311
authentication and authorization,authenticate documents,0.31
value-based healthcare,healthcare analytics,0.31
data encryption in aws,manage data,0.309
résolution de problèmes,create solutions to problems,0.309
holistic product lifecyle,apply holistic approach within social services,0.308
non-relational data,operate relational database management system,0.308
assess critically the economic desirability of different technologically feasible abatement technologies,cloud technologies,0.307
understand how climate change risks impact corporate decisions and company value,estimate impact of risks,0.307
create and understand custom iam roles,understand the emotional dimension of a performance,0.307
recursively enumerable set,set up cameras,0.306
delivering a persuasive speech,preserve meaning of original speech,0.306
use facebook ads manager to create and optimize ad campaigns,plan marketing campaigns,0.306
network access control lists,network marketing,0.305
test de facilité d’utilisation,test ICT queries,0.305
cryptography,implement cryptographic constructs,0.305
sistemas de arquivos do linux,do historical research,0.304
analytic mindset,data analytics,0.304
data limitations and biases,manage data,0.304
using version control,oversee quality control,0.303
using comments to enhance code readability,enhance website visibility,0.303
right to be forgotten,comprehend the material to be translated,0.303
interest rate,create freight rate databases,0.303
client research and analysis,market analysis,0.302
fair use,use e-services,0.302
non-deterministic data testing linting,manage system testing,0.302
prepare a detailed sales call plan,develop online sales business plan,0.302
public-key cryptography,public law,0.302
cultura organizacional,advise on organisational culture,0.302
social determinants of health,impact of social contexts on health,0.302
facilitation,facilitate job market access,0.301
post-earnings-announcement drift (pead),post-processing of photographs,0.301
merchandising,advise on merchandise features,0.3
imagining the future with a frame,forecast future ICT network needs,0.3
experiência do usuário (ux),do historical research,0.3
utilize methods for talking with and engaging leads,funding methods,0.299
diretórios do ldap,do historical research,0.299
itil terminogy,legal terminology,0.299
create custom synthesizer patches,create definitions,0.299
model calibration,formulate a case conceptualisation model for therapy,0.298
devise a customized plan for optimizing your eating patterns.,test for emotional patterns,0.298
pomodoro technique,audit techniques,0.297
navigate growth and change in teams,strive for company growth,0.297
collecte de données,collect ICT data,0.296
compose ui using kotlin ui views,software UI design patterns,0.296
multi-factor authentication,multi-professional cooperation in health care,0.295
integrals,integrate ICT data,0.295
prototyping,develop software prototype,0.295
including the use of basic functions such as sum and average,Visual Basic,0.294
metadados,manage content metadata,0.294
genomics,economics,0.293
application and data access control,ensure law application,0.293
point cloud library,cloud technologies,0.293
how you can alter your consumption of protein to optimize your health and the health of the environment,use e-health and mobile health technologies,0.293
using active listening with teams,liaise with logistics management teams,0.292
digitalization in fashion,keywords in digital content,0.292
model tuning,formulate a case conceptualisation model for therapy,0.292
object state estimation,state aid regulations,0.292
communicating with others in person,communicate with media,0.292
substance use disorder screening,inform on the risks of substance and alcohol abuse,0.292
fashion merchandising,advise on merchandise features,0.292
termo de abertura do projeto,do historical research,0.292
understand how to designing a low-carbon tracking-index portfolio (on excel),develop investment portfolio,0.291
3d robot motion control,control of expenses,0.291
pruebas de usabilidad,application usability,0.29
parts-of-speech tagging,preserve meaning of original speech,0.29
investigación en ux,develop investigation strategy,0.29
sketch,draw design sketches,0.289
error handling approach & activities,youth-centred approach,0.289
calculs de données,calculate tax,0.289
structural,information structure,0.289
assess how climate change impacts financial intermediaries and systemic risks,assess risks of clients' assets,0.289
understanding the sap world and solutions,SAP R3,0.288
interviewing,interview people,0.288
pm interviewing,interview people,0.288
build enhanced communications skills required in sales interactions,apply technical communication skills,0.288
sharing your vision as a leader,develop computer vision system,0.287
substance use disorder prevention,organise relapse prevention,0.287
use ads manager to create and optimize twitter ads,online ads campaign techniques,0.287
virtualization,manage ICT virtualisation environments,0.287
ros ekf package,organise social work packages,0.286
model drift,formulate a case conceptualisation model for therapy,0.286
jquery,query languages,0.286
how to reduce food waste,mitigate waste of resources,0.286
understand common ways to choose what predictors go into a regression model,Common Lisp,0.286
visualization,data visualisation software,0.285
time-series analysis with ml,market analysis,0.285
cash flow statement,build contacts to maintain news flow,0.285
engaging others with storytelling,engage with offenders,0.285
recruitment,recruit members,0.285
optimism,lead process optimisation,0.284
estimation de la tâche,estimate duration of work,0.284
influencia,influence public policies,0.284
experiencia del usuario (ux),use experience map,0.284
work with app data sources using google sheets,manage information sources,0.284
r function definition,create definitions,0.283
análisis e identificación de riesgos,risk identification,0.283
mixture model,formulate a case conceptualisation model for therapy,0.283
protocoles réseau,ICT communications protocols,0.282
solución de problemas,create solutions to problems,0.282
patient-centered care,use methodologies for user-centered design,0.282
model selection,formulate a case conceptualisation model for therapy,0.282
ui kits and plugins,software UI design patterns,0.282
solução de problemas,create solutions to problems,0.282
prospecting,prospect new customers,0.281
subnetwork,network marketing,0.281
model baseline,formulate a case conceptualisation model for therapy,0.281
lightweight directory access protocol (ldap),maintain internet protocol configuration,0.281
determinação do tamanho da amostra,do historical research,0.28
budgeting techniques for cost and profit centers,analyse relation between supply chain improvement and profit,0.28
augmentation,customer segmentation,0.279
microcontroller,program a CNC controller,0.279
understand how climate change risk exposure affects corporate decisions and value,corporate law,0.279
discounted cash flow,build contacts to maintain news flow,0.279
interactivity,interactive media,0.278
functional,direct logistical functions,0.278
philosophy,continuous improvement philosophies,0.278
observe your own unique eating patterns and identify areas of improvement.,identify process improvements,0.277
model pipelines,formulate a case conceptualisation model for therapy,0.277
econometrics,software metrics,0.277
adobe photoshop,select photos,0.277
create custom patches in strobe 2,create media plan,0.276
real-world assignments,real-time computing,0.276
stocks,stock market,0.276
rebuild your relationship with food by learning to genuinely love the foods that will support your health in the long term.,establish relationship with the media,0.275
- fallstudie,legal studies,0.275
constraint propagation,theory of constraints,0.274
simulating fpga designs,computer simulation,0.274
ice scoring model,formulate a case conceptualisation model for therapy,0.274
substance use disorder treatment,inform on the risks of substance and alcohol abuse,0.273
azure form recognizer,perform asset recognition,0.273
graphql,graphic design,0.273
sql scripts,read manuscripts,0.273
expectation–maximization (em) algorithm,algorithms,0.272
priority queue,adjust priorities,0.272
user input handling,manage the handling of promotional materials,0.272
graphical model,formulate a case conceptualisation model for therapy,0.272
epidemiology,biology,0.272
unweighted pair group method with arithmetic mean (upgma),adapt teaching to target group,0.27
construct and refine measurements,use measurement instruments,0.27
rapid prototyping,develop software prototype,0.269
inspecting specimens,inspect data,0.269
radiology,biology,0.269
intellij,business intelligence,0.268
presentasi,present reports,0.268
black scholes model,formulate a case conceptualisation model for therapy,0.268
model bias mitigation,formulate a case conceptualisation model for therapy,0.268
refinancing,risk financing techniques,0.268
kafka basics,Visual Basic,0.268
questionnement,design questionnaires,0.268
teambuilding,building information modelling,0.268
depth from focus and defocus,gather feedback from employees,0.267
recommendation engine business context,business communication,0.267
art,identify sources on potential target communities for art,0.266
functional api,direct logistical functions,0.266
understanding the evidence for climate change and for its anthropogenic origin,present evidence,0.266
create and edit a workbook with multiple sheets,create theatre workbooks,0.265
practice self-compassion with regard to your eating behaviors and food choices.,comply with food safety and hygiene,0.265
generative model,formulate a case conceptualisation model for therapy,0.265
determinants,determine salaries,0.265
naive bayes classifiers,debt classification,0.263
jupyter notebooks,read books,0.263
cultura de la organización,advise on organisational culture,0.263
human-in-the-loop pipelines,human-computer interaction,0.262
behavior,behavioural science,0.261
create a simple android ui,create a financial plan,0.261
owner’s equity and owner’s draw,draw design sketches,0.261
listening,listen actively,0.261
instrumental variable,use measurement instruments,0.261
increase collaboration by implementing strategies for team performance,implement marketing strategies,0.261
architecting on aws,information architecture,0.261
probability interpretations,perform bilateral interpretation,0.26
model registries,formulate a case conceptualisation model for therapy,0.26
proportional hazards model,formulate a case conceptualisation model for therapy,0.259
regaining power over the future,forecast future ICT network needs,0.259
- r-programmierung,web programming,0.259
seasonality,theories of personality,0.259
ipython,Python (computer programming),0.259
persuasion,present arguments persuasively,0.258
diseño de la experiencia del usuario (uxd),use experience map,0.258
hyperparameter tuning,check processing parameters,0.258
high fidelity prototypes,develop software prototype,0.258
presentación,present reports,0.258
visualização de dados (dataviz),data visualisation software,0.258
integrative nursing,ICT system integration,0.258
reproducibility,reproductive health,0.258
front and back ends,use back-up and recovery tools,0.258
apresentação,present reports,0.258
low fidelity prototypes,develop software prototype,0.258
word embedding,embedded systems,0.257
problemlösung,prevent social problems,0.257
inference,organise press conferences,0.257
• problemlösung,prevent social problems,0.257
"understand the various policy approaches involved in the transition to a low carbon economy including in particular ""cap & trade"" carbon markets",advise on carbon emissions reduction,0.257
calculus,calculate tax,0.257
graphs,edit photographs,0.257
veränderungsmanagement,risk management,0.256
apposition,set brand positioning,0.256
preparing an informative lecture,establish an Information Security Management System,0.255
arranging,arrange audit,0.255
- präsentation,give live presentation,0.254
correlation and dependence,dependency on drugs,0.253
confidence,information confidentiality,0.253
retailing,organise retail sampling events,0.253
neuroscience,neurology,0.253
ecology,ecological principles,0.252
gestion des partenaires,design questionnaires,0.252
keyword lists,keywords in digital content,0.252
for loop,use technology for forensics,0.252
navigate the appsheet ui and editor to build an app,consult with editor,0.252
qualitätsmanagement,risk management,0.252
stack (abstract data type),adapt to type of media,0.251
variability,assess financial viability,0.251
sample mean and covariance,cloud security and compliance,0.25
portofolio kerja,develop investment portfolio,0.25
toma de decisiones,make legal decisions,0.249
feuille de calcul,calculate tax,0.249
discriminator,criminal law,0.249
model interpretability,formulate a case conceptualisation model for therapy,0.249
biological neuron model,biology,0.248
computational neuroscience,computer science,0.248
alteryx,alternative energy,0.248
gamification,medication classification,0.247
computation,reputation management,0.247
generalized linear model,formulate a case conceptualisation model for therapy,0.246
priorización de riesgos,adjust priorities,0.246
transporting,sporting events,0.246
swaps and options,quality and cycle time optimisation,0.246
datenvisualisierung (dataviz),data visualisation software,0.246
- datenvisualisierung (dataviz),data visualisation software,0.246
dashboard,create editorial board,0.246
build a simple ui using the layout editor,examine advertisement layout,0.246
neuromarketing,neurology,0.245
visualización de datos (dataviz),data visualisation software,0.245
express,utilise regular expressions,0.244
understand the instruments investment funds and solutions used to finance clean technologies and clean energy,instruct on energy saving technologies,0.244
genetics,phonetics,0.244
sharing new insights from data,ethics of sharing work through social media,0.244
integrative medicine,ICT system integration,0.244
create control flow patterns using conditionals and loops,test for emotional patterns,0.244
html and css,cloud security and compliance,0.243
cooking,analyse booking patterns,0.243
probability,disability care,0.243
modelo de rede,data models,0.243
understand the instruments investment funds and solutions to finance clean technologies and clean energy,instruct on energy saving technologies,0.242
cyberattacks,cyber attack counter-measures,0.242
geology,archaeology,0.242
intrinsic function,direct logistical functions,0.242
programmation r,web programming,0.241
construct a cox regression model in r,formulate a case conceptualisation model for therapy,0.241
effective use of labor,measure effectiveness of the service provided,0.241
backtesting,manage system testing,0.24
go range,arrange audit,0.24
keyword selection,keywords in digital content,0.24
objects,Objective-C,0.24
for example,receive appropriate permissions for use of recorded audiovisual examples,0.24
modelo de red,data models,0.24
phishing,publishing market,0.239
crowdfunding,funding methods,0.239
vulnerability scanning,distributed ledger technologies vulnerabilities,0.239
songwriting,write songs,0.239
fluid mechanics,mechatronics,0.238
• create and manipulate objects and arrays,define evaluation objectives and scope,0.238
word embeddings,embedded systems,0.238
real-world examples,real-time computing,0.238
bigquery,query languages,0.238
filtering and ordering,cloud monitoring and reporting,0.238
understand balancing requirements and implement power estimators for lithium-ion battery packs,analyse business requirements,0.237
spatial visualization,data visualisation software,0.237
kotlin playground,conduct background research for plays,0.237
power bi,empower social service users,0.237
gestion du changement,apply change management,0.237
react hooks,read books,0.237
likelihood function,direct logistical functions,0.237
autoimmunity,community education,0.236
mythology,psychology,0.236
how to navigate the egg section (understanding terms like free range and pasture raised),promote free trade,0.236
paper prototyping,develop software prototype,0.235
incentive,use motivational incentives in addiction counselling,0.235
tableau visualizations,data visualisation software,0.234
feature prioritization,adjust priorities,0.234
resolução de problemas,create solutions to problems,0.234
resolución de problemas,create solutions to problems,0.234
kafka connect,establish connections with young people,0.234
javac,JavaScript,0.233
non-linear motion tracking,maintain a non-emotional involvement,0.233
knowing the buyer's journey,draft the rules of the mediation service,0.233
monte carlo localization,use localisation tools,0.233
aws config,configure ICT system,0.233
bayesian inference,organise press conferences,0.232
sending a message with relatability,support employability of people with disabilities,0.232
how to choose more sustainably raised meat and chicken when shopping at the supermarket (if you eat these foods),support social service users at the end of life,0.232
internality,internal auditing,0.232
bag of words,maintain records of work with service users,0.232
reflection,critically reflect on artistic production processes,0.231
entrepreneurship,social entreprise,0.231
comunicação eficaz,communication,0.23
h​ow to design balancers and power-limits estimators for lithium-ion battery packs,system design,0.23
emailing,execute email marketing,0.23
use navigation in your apps,use psychoeducation,0.229
creational,digital content creation,0.229
futures,forecast future ICT network needs,0.229
intractability,manage profitability,0.229
controlling,program a CNC controller,0.229
vulnerability patching,distributed ledger technologies vulnerabilities,0.229
scales,Scala,0.228
dataset annotation,musical notation,0.228
tumour immunity,community education,0.228
implement state-of-charge estimators for lithium-ion battery cells,state aid regulations,0.228
studi kasus,legal studies,0.228
appreciative inquiry,depreciation,0.227
solver,solve ICT system problems,0.227
effect modifcation,work on the effects of abuse,0.227
how to identify sustainably caught (or farmed) fish and seafood,identify suppliers,0.227
prototipo,develop software prototype,0.226
easing pain and suffering,cloud monitoring and reporting,0.226
custom layers,assess customers,0.226
react-redux bindings,report test findings,0.226
git and github,store digital data and systems,0.226
implement state-of-health estimators for lithium-ion battery cells,conditions for professional practice of health psychology,0.226
keras,set up cameras,0.226
perception,help healthcare users develop social perceptiveness,0.226
function approximation,direct logistical functions,0.225
regularization to avoid overfitting,keep up-to-date with regulations,0.225
h​ow to implement state-of-health (soh) estimators for lithium-ion battery cells,contribute to continuity of health care,0.225
adaptability,manage profitability,0.225
planification de projet,create project specifications,0.224
fitness and nutrition,mergers and acquisitions,0.224
testagem de usabilidade,application usability,0.224
figma,six sigma methods,0.224
appsheet,style sheet languages,0.224
outreach,reach out to diverse youth,0.224
empathy,relate empathetically,0.224
sheets,use spreadsheets software,0.223
programação em r,web programming,0.223
bonds,monitor bond market,0.223
externality,analyse external factors of companies,0.223
opencv,operate open source software,0.223
autocorrect,manage corrective actions,0.222
matrix factorization,assess risk factors,0.222
herbal preparations,attend to detail in preparation for audits,0.222
android notifications,risk identification,0.222
biopython,Python (computer programming),0.222
interfaz de comandos,design user interface,0.221
servicio de directorio,consult with production director,0.221
neurodiversity,neurology,0.221
experiment,use experience map,0.22
desarrollo profesional,interact professionally in research and professional environments,0.22
file i/o,profile people,0.22
estimativa de tarefas,estimate duration of work,0.22
art direction,consult with production director,0.22
cooking vegetables in ways that will delight,tackle issues that block academic progress,0.22
evolution,solution deployment,0.22
immune deficiency,energy efficiency,0.219
bounding boxes,funding methods,0.219
go structs,information structure,0.219
pros and cons of gans,assessment of risks and threats,0.219
quantum mechanics,mechatronics,0.218
proficiency with makerdao,cooperate with professionals,0.218
airplane conception and validation,digital communication and collaboration,0.218
hospice,manage hospitality revenue,0.218
pronunciation,depreciation,0.218
brain,brainstorm ideas,0.218
confidence interval,information confidentiality,0.217
ibm powervc,empower social service users,0.217
euler's totient function,direct logistical functions,0.217
determinación del tamaño de la muestra,determine salaries,0.217
pharmacokinetics,pharmacovigilance legislation,0.217
solidity,liquidity management,0.217
animal behavior,behavioural science,0.217
sorting,sporting events,0.216
observability,participant observation,0.216
phpmyadmin,PHP,0.216
linear scheduling method,create media schedule,0.216
diversification,medication classification,0.216
apperance matching,trendwatching,0.215
producing,sell products,0.215
bias in gans,work in a multicultural environment in health care,0.215
junit,manage a social work unit,0.215
bayesian probability,disability care,0.215
prediction,manage a good diction,0.215
cube and rollup,cloud security and compliance,0.215
how to implement state-of-charge (soc) estimators for lithium-ion battery cells,state aid regulations,0.215
sectors,attack vectors,0.214
microservices,Microsoft Visual C++,0.214
laziness,business processes,0.214
r markdown,R,0.214
- r markdown,R,0.214
tablature,literature,0.213
privilege escalation and evasion,protect personal data and privacy,0.213
classes,debt classification,0.212
codebuild,build trust,0.212
generator,develop revenue generation strategies,0.211
adobe indesign,system design,0.211
conditionals,negotiate buying conditions,0.211
syndication,medication classification,0.211
organizational behavior,organisational policies,0.211
physics,define database physical structure,0.211
paleontology,thanatology,0.21
gun violence epidemiology,biology,0.21
auth0,authoring software,0.21
stylegans,develop a coaching style,0.21
microstrategy,Microsoft Visual C++,0.209
causal inference,organise press conferences,0.209
base64,knowledge base,0.209
debriefing,follow a brief,0.209
cloudant,cloud technologies,0.209
effektive kommunikation,communication,0.209
questioning,design questionnaires,0.209
vector visualization,data visualisation software,0.208
- datenanalyse,analyse big data,0.208
chemistry,chemical products,0.208
programación en r,web programming,0.208
designing experiments,design customer experiences,0.208
reflective listening,listen actively,0.208
datenanalyse,analyse big data,0.208
crowd-sourced lending,crowdsourcing strategy,0.207
go conditionals,negotiate buying conditions,0.207
flight mechanics,mechatronics,0.206
logical controls,statistical process control,0.206
sql injection,election law,0.206
belting,management consulting,0.206
feature embeddings,embedded systems,0.206
monte carlo method,check methods,0.206
goroutines,perform office routine activities,0.206
automl,tools for ICT test automation,0.205
postgresql,postediting,0.205
perfectionnement professionnel,personnel management,0.204
tensorboard,create editorial board,0.204
gradienttape for optimization,lead process optimisation,0.204
studio,legal studies,0.204
logging,ICT debugging tools,0.204
sample size determination,determine salaries,0.204
graphslam,graphic design,0.203
google sheets,use spreadsheets software,0.202
armature,literature,0.202
mechanics of compound and aave,assessment of risks and threats,0.201
perceptron,help healthcare users develop social perceptiveness,0.201
invision,advise on provision of social services,0.201
diversity,reach out to diverse youth,0.201
electrocardiographs,edit photographs,0.201
storytelling,spelling,0.2
tiers of deletion,ethical code of conduct of journalists,0.2
cancer genetics,phonetics,0.2
integridad de datos,integrate ICT data,0.2
confounding,funding methods,0.2
vector calculus,attack vectors,0.2
sample size determination (penentuan ukuran sampel),handle data samples,0.2
dentures,study cultures,0.2
publicidad de rendimiento,public law,0.199
newton's method,check methods,0.199
flourishing,publishing market,0.199
pivot table,manage findable accessible interoperable and reusable data,0.199
adjective,Objective-C,0.199
question-answering,answer requests for quotation,0.199
precomputing predictions,scientific computing,0.199
databricks,database,0.199
decontamination,perform forensic examinations,0.198
crisp-dm,manage social crisis,0.198
artifact and lineage tracking,perform contract reporting and evaluation,0.198
math,mathematics,0.198
design and optimize inductors and transformers for switched-mode power converters,"data extraction, transformation and loading tools",0.198
star and snowflake schema,apply health and safety standards,0.198
salesforce lightning,3D lighting,0.198
explainable ai,explain accounting records,0.198
upload,forecast workload,0.198
projektabwicklung,manage ICT project,0.197
scrum boards,create editorial board,0.197
gases,use databases,0.197
azure pipelines,create brand guidelines,0.197
nlp pipelines,create brand guidelines,0.197
hash table,manage findable accessible interoperable and reusable data,0.197
approvisionnement,advise on provision of social services,0.197
improvisation,provide improvement strategies,0.196
amazon cloudwatch,trendwatching,0.196
loops in studio,work in a multicultural environment in health care,0.196
creating sensible and delightful desserts,manage findable accessible interoperable and reusable data,0.196
mlflow,develop ICT workflow,0.196
infant,keep grant applicant informed,0.196
sift detector,fraud detection,0.195
immunology,criminology,0.195
currency pairs,interpret current data,0.195
assertiveness,ensure price competitiveness,0.194
r and rstudio,cloud security and compliance,0.194
unity,community education,0.194
powerbi,empower social service users,0.193
questionamento,design questionnaires,0.193
branding,manage brand assets,0.193
tracking,ethical hacking principles,0.193
projektplanung,manage ICT project,0.193
gameplay,game theory,0.192
iteration,literature,0.192
generators,develop revenue generation strategies,0.192
samtools,industrial tools,0.191
selectors,attack vectors,0.191
angular cli,analyse irregular migration,0.191
spanning tree,media planning,0.191
lookup table,manage findable accessible interoperable and reusable data,0.191
comparative genomics,economics,0.191
paying for college,apply for research funding,0.191
api endpoints,identify stress points of customer interaction,0.191
expérience utilisateur (ux),utilise content types,0.191
lucidchart,create flowchart diagram,0.19
psycopg2,psychology,0.19
serializers and deserializers,mergers and acquisitions,0.19
fluency,influence public policies,0.19
conditional probability,conditions for professional practice of health psychology,0.19
worksheet,style sheet languages,0.19
fusion 360,promote inclusion,0.19
jazz improvisation,provide improvement strategies,0.189
strategize to gain qualified leads and referrals,pose questions referring to documents,0.189
scipy and scikit-learn,cloud security and compliance,0.189
strategisches denken,sales strategies,0.189
tensorflow datasets,create data sets,0.189
hypervisor,supervise work,0.189
transition to hospice,support individuals to adjust to physical disability,0.189
hashing,publishing market,0.189
arrays,arrange audit,0.189
convolution and deconvolution,solution deployment,0.189
story telling,history,0.189
hyperledger,distributed ledger technology,0.188
threading,security threats,0.188
pressure and force sensors,cloud security and compliance,0.188
ethereum 2.0 approaches to scaling,support individuals to adjust to physical disability,0.188
fourier transform,"data extraction, transformation and loading tools",0.188
medicine,medical studies,0.187
harnessing imagination in scenarios,work in a multicultural environment in health care,0.187
deploying vpns and ssl/ssh encryption,mergers and acquisitions,0.187
histogram filters,history,0.187
loops,DevOps,0.187
practice food mindfulness or mindful eating on a day-to-day basis.,system backup best practice,0.187
preprocessor,process data,0.187
cloudera,cloud technologies,0.187
entomology,psychology,0.186
survivorship,manage membership,0.186
zokrates,analyse unemployment rates,0.186
foreach loop,identify policy breach,0.186
identifying species,identify ICT user needs,0.185
gestion de la qualité,ICT quality policy,0.185
transformers,"data extraction, transformation and loading tools",0.185
emplois de conception ux.,create new concepts,0.185
makefile,profile people,0.185
estimación de tareas,estimate duration of work,0.184
directional drilling,consult with production director,0.184
cyclegan,quality and cycle time optimisation,0.184
ideation,develop creative ideas,0.184
elevator pitches,deliver a sales pitch,0.183
android custom views,document interviews,0.183
salience,data science,0.183
datenintegrität,integrate ICT data,0.183
evaluación de necesidades,plan evaluation,0.182
tai fluency,influence public policies,0.182
retirement,implement risk management in procurement,0.182
r syntax,R,0.182
option,lead process optimisation,0.182
list,listen actively,0.182
happiness,business processes,0.182
go arrays,arrange audit,0.182
android studio,legal studies,0.181
feature tracking,advise on medical device features,0.181
- rstudio,audio editing software,0.181
rstudio,audio editing software,0.181
retain,organise retail sampling events,0.181
sequences,social sciences,0.181
sass,SAS language,0.18
react native basics,Visual Basic,0.18
nmap,use experience map,0.179
logical erds,clinical psychological treatment,0.179
kubernetes,Internet of Things,0.179
guitar scales,Scala,0.179
creating links to files and directories,consult with production director,0.178
chart,create flowchart diagram,0.178
singing,adapt to changing situations,0.178
api fluency,influence public policies,0.178
pemrograman r,R,0.178
eigenvalues and eigenvectors,mergers and acquisitions,0.177
materialized view,medical devices materials,0.177
gestión con la metodología agile,5S methodology,0.177
logo,logistics,0.177
prise de décision,advise on legal decisions,0.176
invoicing,market pricing,0.176
star schemas,design database scheme,0.176
adaptibility,adapt to type of media,0.176
tensorflow probability,disability care,0.176
cyclegans,quality and cycle time optimisation,0.176
go loops,DevOps,0.176
recyclerview,interview people,0.175
designing fpga logic,witness the signing of documents,0.175
greek mythology,psychology,0.175
podcast,forecast workload,0.174
dataflow,develop ICT workflow,0.174
app runner,work in an organised manner,0.174
attention deficit hyperactivity disorder (adhd),sexual disorders,0.173
gradient descent,adolescent psychological development,0.173
soporte al cliente,coach clients,0.173
peer-to-peer lending,support individuals to adjust to physical disability,0.173
débogage,engage with offenders,0.173
scikit-learn,machine learning,0.173
teradata,manage content metadata,0.173
iterator,literature,0.172
propositional logic,set brand positioning,0.172
bayes' theorem,use theoretical marketing models,0.172
photometric stereo,software metrics,0.172
perfect tenses,control of expenses,0.172
css-in-js,work in a multicultural environment in health care,0.172
how might we method,data mining methods,0.172
gestión de los interesados,protect client interests,0.172
ux friction,investigate competition restrictions,0.172
cardiovascular understanding,support patients to understand their conditions,0.172
syntax,synthesise information,0.172
integridade dos dados,integrate ICT data,0.171
offline caching,apply teaching strategies,0.171
protocolo ligero de acceso a directorios,consult with production director,0.171
multivariable calculus,calculate tax,0.171
causality,advocate a cause,0.17
taxes,tax legislation,0.17
xgboost,cost management,0.169
packer,organise social work packages,0.169
cryptocurrency,implement cryptographic constructs,0.169
convulsion,execute conversion testing,0.169
accelerometers,check processing parameters,0.168
codeskulptor,assign codes to product items,0.168
azure defender,collect cyber defence data,0.168
remix ide,marketing mix,0.167
retirement savings,instruct on energy saving technologies,0.167
filmmaking,apply decision making within social work,0.167
tomada de decisões,make legal decisions,0.167
museums,study music,0.167
heap memory,memorise large amounts of information,0.167
load balancing,balance database resources,0.167
projektcharta,manage ICT project,0.166
random variable,manage findable accessible interoperable and reusable data,0.166
sexually transmitted infections,sexual disorders,0.166
dyslexia,reflexion,0.166
suffix array,arrange audit,0.166
mockup,system backup best practice,0.166
flexbox,reflexion,0.166
centurylink,write storylines,0.166
salesforce,sales strategies,0.165
computational fluid dynamics (cfd),reputation management,0.165
derivatives,private law,0.165
sprint retrospectives,prospect new customers,0.165
file shortcut,profile people,0.165
firebase,implement a firewall,0.165
tact,contact customers,0.165
fusion360,promote inclusion,0.165
ai fairness,attend book fairs,0.165
computational phenotyping,phenomenology,0.165
redux,perform dimensionality reduction,0.164
logic,logistics,0.163
broadcast,forecast workload,0.163
google dataflow/google bigquery,query languages,0.163
google,manage a good diction,0.162
docstrings,supervise court hearings,0.162
critical path method,address problems critically,0.162
exécution du projet,manage ICT project,0.162
estatuto del proyecto,follow the statutory obligations,0.162
iterators,advise legislators,0.161
unittest,perform software unit testing,0.161
registration & reconciliation,education administration,0.161
gestion des risques,design questionnaires,0.161
intake,undertake inspections,0.161
jupyter notebook,attend book fairs,0.161
google adwords,keywords in digital content,0.161
benchmarking,ICT networking hardware,0.161
melodic hooks,read books,0.161
basis (linear algebra),Visual Basic,0.16
regression,utilise regular expressions,0.16
recursion,execute conversion testing,0.16
react router,ICT network routing,0.16
conception de l’expérience utilisateur (uxd),utilise content types,0.16
equities,securities,0.16
partial derivative,show impartiality,0.16
strings,supervise court hearings,0.16
agility,disability care,0.16
agile fluency,influence public policies,0.159
comunicación efectiva,communication,0.159
epipolar geometry,solar products,0.159
containers,contact customers,0.159
meditation,rehabilitation,0.159
powershell,empower social service users,0.159
gaming,carry out naming strategies,0.159
servlets,perform media outlets research,0.159
conception expérience utilisateur (uxd),utilise content types,0.159
orchestration,education administration,0.159
reasoning,captioning software,0.158
generalized advantage estimation,estimate duration of work,0.158
angularjs,analyse irregular migration,0.158
jasmine,examine trusts,0.158
k-d tree,create semantic trees,0.157
sql aggregations,edit negatives,0.157
wireless,assist the homeless,0.157
savoring,authoring software,0.157
treejack,create semantic trees,0.157
fasttext,proofread text,0.157
touchpoint,discuss the end point of therapeutic intervention,0.157
aggregations,edit negatives,0.157
satellite imagery,advise on public image,0.156
delegation,edit negatives,0.156
react,reach out to diverse youth,0.156
cryptocurrency tokens,implement cryptographic constructs,0.156
ros nodes,interpreting modes,0.155
counterterrorism,identify accounting errors,0.155
metaverse,apply reverse engineering,0.154
malware,CAD software,0.154
pseudocode,conduct ICT code review,0.154
plant,plan evaluation,0.154
portfólio profissional,develop investment portfolio,0.154
cold calling,spelling,0.153
planilha,plan evaluation,0.153
charte de projet,manage ICT project,0.153
martech fluency,influence public policies,0.153
gestion de projet,manage ICT project,0.153
meta spark,manage content metadata,0.153
execução de projetos,execute ICT audits,0.152
derrivatives,private law,0.152
pivot chart,create flowchart diagram,0.152
linked list,listen actively,0.152
shiny dashboards,create editorial board,0.151
metasploit,develop code exploits,0.15
municipal bonds,monitor bond market,0.15
list & label,listen actively,0.15
leading subordinates effectively,coordinate events,0.15
tensorflow,develop ICT workflow,0.149
punctuation,write situation reports,0.149
onboarding,create editorial board,0.149
blog posts,postediting,0.149
مؤثرات عرض البيانات (dataviz),manage data,0.149
bonding curves,monitor bond market,0.148
logs,logistics,0.148
crud commands,cope with challenging demands,0.148
go slices,web services,0.148
ingenuity,maintain plan for continuity of operations,0.148
criptografía,implement cryptographic constructs,0.147
gitops,DevOps,0.147
kindness,business processes,0.147
robotics,politics,0.147
amazon elastic container registry,maintain register of shareholders,0.146
generics,develop revenue generation strategies,0.146
dynamic movement,provide improvement strategies,0.146
linear regression,utilise regular expressions,0.146
ridge regression,utilise regular expressions,0.146
gestion de projets,manage ICT project,0.146
arima,primary care,0.145
tensorflow hub,develop ICT workflow,0.145
spiritual distress,tolerate stress,0.145
animation,information extraction,0.145
cuestionamiento,design questionnaires,0.145
bioconductor,conduct ICT code review,0.145
stack memory,memorise large amounts of information,0.145
openshift,operate open source software,0.144
choosing advisors,advise legislators,0.144
mapreduce,produce sales reports,0.144
flight dynamics,3D lighting,0.144
reading,read books,0.144
mainframe,create website wireframe,0.143
framing,carry out naming strategies,0.143
ooda loops,DevOps,0.142
particle filter,review unpublished articles,0.142
cli,coach clients,0.142
hybrid multicloud,cloud technologies,0.142
complementary therapies,implement cloud security and compliance,0.142
veterinary,demonstrate disciplinary expertise,0.141
tinkercad,CAD software,0.141
trading,"data extraction, transformation and loading tools",0.141
fx trading,"data extraction, transformation and loading tools",0.141
robo advising,advertising techniques,0.141
datenethik,data ethics,0.141
autocad,carry out an autopsy,0.14
vital signs,sign language,0.14
manipulate preset patches,draw design sketches,0.139
biodiversity,reach out to diverse youth,0.139
mindful eating,industrial heating systems,0.139
memoir,memorise large amounts of information,0.139
hibernate orm,international law,0.139
ética de datos,select photos,0.139
linear equation,promote equal pay,0.139
mybatis,statistics,0.138
clustering,data engineering,0.138
terraform,apply territory planning,0.138
grafana,grammar,0.138
persistence,ensure consistency of published articles,0.138
animal,select optimal distribution channel,0.138
verilog,verify formal ICT specifications,0.137
modules,communicate schedules to the people concerned,0.137
kotlin,develop course outline,0.137
backpropagation,perform backups,0.137
azure logic apps,logistics,0.137
gyroscopes,define evaluation objectives and scope,0.137
sistemas de archivos de linux,archive documentation related to work,0.137
برنامج tableau,manage findable accessible interoperable and reusable data,0.137
etl,ethics,0.137
jobs,job market offers,0.137
corruption,manage corrective actions,0.137
particle filters,review unpublished articles,0.136
selenium,select photos,0.136
apache airflow,develop ICT workflow,0.136
compras,product comprehension,0.136
helpdesk,help clients cope with grief,0.136
kalkulationstabelle,state aid regulations,0.136
storyboarding,create editorial board,0.136
tensorflow extended (tfx),evaluate tender,0.135
powerpoint,discuss the end point of therapeutic intervention,0.135
inheritance,plan measures to safeguard cultural heritage,0.135
análise de dados,normalise data,0.135
dead reckoning,meet deadlines,0.135
apache impala,Scala,0.134
mortgage,morality,0.134
autodesk,carry out an autopsy,0.134
e-invoicing & e-way bill,market pricing,0.134
unix,manage a social work unit,0.134
backward induction,production processes,0.134
datenaggregation,edit negatives,0.133
convolutional kernels,solution deployment,0.133
maquette fonctionnelle,personnel management,0.133
belonging,adapt to changing situations,0.133
chords,keep records on sales,0.133
openstack,operate open source software,0.133
pythagorean theorem,use theoretical marketing models,0.133
apache jmeter,check processing parameters,0.132
message passing,canvassing methods,0.132
react native os apis,alternative energy,0.132
dom manipulation,computer simulation,0.132
animations,supervise daily information operations,0.132
streams,liaise with logistics management teams,0.132
análisis de datos,manage social crisis,0.132
uninitialized memory bugs,decentralized application frameworks,0.132
random forest,environmental legislation in agriculture and forestry,0.132
queues,test ICT queries,0.131
limpieza de datos,select photos,0.131
numpy,apply numeracy skills,0.131
whole genome sequencing,analyse processes influencing health care delivery,0.131
harmony,provide testimony in court hearings,0.131
grid+,help clients cope with grief,0.131
planejamento de projetos,project management,0.13
tally prime,detect financial crime,0.13
agregação de dados,develop licensing agreements,0.13
hoja de cálculo,calculate tax,0.13
deserialization,prepare presentation material,0.13
adquisiciones,mergers and acquisitions,0.13
montgomery modular multiplication,ensure consistency of translation works in multiple target languages,0.13
central limit theorem,decentralised identifiers,0.129
algebra,algorithms,0.129
apache kafka,plan ICT capacity,0.129
kafka rest proxy,restorative justice,0.129
files,profile people,0.128
ci/cd,civil law,0.128
satellite,business intelligence,0.128
kpis okrs north stars,normalise data,0.128
planificación estratégica,strategic planning,0.128
sensor calibration,use software libraries,0.128
dcgans,analyse loans,0.127
json,prepare lesson content,0.127
spring mvc,engineering principles,0.127
wgans,analyse loans,0.127
sqlite,literature,0.126
thermodynamics,economics,0.126
wireshark,create website wireframe,0.126
hr tech,audit techniques,0.126
foresight,copyright legislation,0.126
binary tree,demonstrate disciplinary expertise,0.126
linux,linguistics,0.125
solids,solar products,0.125
• einflussnahme,influence public policies,0.125
buffer overflow,develop ICT workflow,0.125
wiremock,create website wireframe,0.125
lemmatization,information extraction,0.125
tensorflow lite,develop ICT workflow,0.125
foams,create database diagrams,0.124
iaas paas saas,SAS language,0.124
diseño de proyectos,select photos,0.124
webpack,web services,0.124
ingestion,design questionnaires,0.123
logic gate,logistics,0.123
knime,detect financial crime,0.123
gestión de recursos humanos,human resource management,0.123
cálculos en torno a los datos,select photos,0.123
amazon elastic kubernetes,Internet of Things,0.122
mindfulness,educate on the prevention of illness,0.122
poetry,psychiatry,0.122
prostate cancer,real estate market,0.122
autoencoder,carry out an autopsy,0.122
firmware,first aid,0.122
logiciel tableau,logistics,0.122
sensible shopping,manage findable accessible interoperable and reusable data,0.121
quadrotor dynamics,economics,0.121
consolization,consultation,0.121
- tabellenkalkulation,computer simulation,0.121
telemedicine,communicate by telephone,0.121
tabellenkalkulation,computer simulation,0.121
suffix tree,create semantic trees,0.12
tensorflow serving,apply problem solving in social service,0.12
flask,keep task records,0.12
api gateway,gather data,0.12
chatgpt,mechatronics,0.119
serviço de diretórios,web services,0.119
gestión de proyectos,select photos,0.119
gazebo,gather data,0.119
guitar,guide staff,0.119
ethereum,ethics,0.119
infectious diseases,manage software releases,0.119
sensor fusion,promote inclusion,0.119
argo cd,explain financial jargon,0.119
sistema de nomes de domínio (dns),provide domestic care,0.118
tuple,profile people,0.118
gratitude,migration,0.118
autodesk fusion 360,tools for ICT test automation,0.117
cam,set up cameras,0.117
tesol,manage tests,0.116
sqlalchemy,chemical products,0.116
autoencoders,carry out an autopsy,0.116
apache avro,plan ICT capacity,0.116
rhocp,rhetoric,0.115
reading a patent,read books,0.115
tableau storypoint,discuss the end point of therapeutic intervention,0.115
mapping,assist in developing marketing campaigns,0.115
escrita de negócios,TypeScript,0.115
hiring,hire human resources,0.115
apache hive,archive documentation related to work,0.115
vim,provide victim assistance,0.114
plotly,think abstractly,0.114
diagonalization,diagnose education problems,0.114
vhdl coding,funding methods,0.114
ableton,manage findable accessible interoperable and reusable data,0.114
coding,funding methods,0.114
concatenation,blockchain concept application,0.114
aws glue,value properties,0.114
react native styling,alternative energy,0.113
affinity mapping,create definitions,0.113
viral,manage ICT virtualisation environments,0.113
gerenciamento das partes interessadas,protect client interests,0.113
applied aerodynamics,economics,0.112
quadcoper,ensure proper document management,0.112
rest apis,restorative justice,0.112
metabolic pathways,manage content metadata,0.112
dax,AJAX,0.112
autoscaling,carry out an autopsy,0.111
rest api's,restorative justice,0.111
tree ensembles,create semantic trees,0.111
détermination de la taille d’échantillon,legal terminology,0.111
zk-snarks,revise translation works,0.111
gestion agile,design questionnaires,0.11
encoding,encourage healthy behaviours,0.11
modular exponentiation,hardware components,0.11
accrual,accept own accountability,0.11
pentaho,penetration testing tool,0.11
análise dos dados,normalise data,0.11
combinatorics,rhetoric,0.11
slam,manage a team,0.109
sensors,secure sensitive customer's information,0.109
hashtables,Haskell,0.109
anaconda,manage personnel agenda,0.109
kalman filters,advise on financial matters,0.109
nutrition,competition law,0.109
z/os,select photos,0.108
ciberseguridad,handle cybersecurity incidents,0.108
jest,test ICT queries,0.108
dentistry,develop professional network with researchers and scientists,0.108
playing guitar,study play productions,0.108
gerenciamento de projetos,project management,0.107
tableurs,manage findable accessible interoperable and reusable data,0.107
perangkat lunak tableau,manage findable accessible interoperable and reusable data,0.107
• scrum,carry out forum moderation,0.107
gpu,collect data using GPS,0.107
scrum,carry out forum moderation,0.107
chatterbot,manage data for legal matters,0.107
volatility smile,disability care,0.107
aws codepipeline,conduct ICT code review,0.107
rhythm,create a rhyme scheme structure,0.107
desenvolvimento de carreira,involve service users and carers in care planning,0.106
pytorch,Python (computer programming),0.106
flourish,use e-tourism platforms,0.106
azure portal,develop investment portfolio,0.106
dicom,manage a good diction,0.105
agile,profile people,0.105
diets,create data sets,0.105
auto encoders,carry out an autopsy,0.105
agregación de datos,facilitate official agreement,0.105
agrégation des données,develop investigation strategy,0.105
aws autoscaling,carry out an autopsy,0.105
bestimmung der stichprobengröße,system backup best practice,0.104
sagemaker jumpstart,advise policy makers in healthcare,0.104
geometry,software metrics,0.104
sostenibilidad,ICT accessibility standards,0.104
docker,provide user documentation,0.104
verbal dexterity,analyse external factors of companies,0.104
deception,analyse decentralised applications,0.103
respaldo,respect publication formats,0.103
tokenization,translate spoken language,0.103
k-means clustering,data engineering,0.103
k-anonymization,education administration,0.103
k means clustering,data engineering,0.103
masking,design thinking,0.103
dropouts,outsourcing strategy,0.103
implied volatility,manage ICT legacy implication,0.103
amazon api gateway,gather data,0.103
gerenciamento da qualidade,ICT quality policy,0.103
grpc,grammar,0.103
serverless,assist the homeless,0.102
chatbot,mechatronics,0.102
mongodb,monitor elections,0.102
gestion de proyectos de desarrollo,design questionnaires,0.102
adobe xd,adolescent psychological development,0.102
spark sql,plan allocation of space,0.101
single linkage clustering,data engineering,0.101
gerenciamento agile,video conferencing tool,0.101
variational autoencoders,tools for ICT test automation,0.101
node-postgres,postediting,0.101
radar clutter thresholding,green building standards,0.1
nvidia,decide on providing funds,0.1
variables,act reliably,0.1
css,business process modelling,0.1
caso práctico,apply case management,0.1
cors,advise legislators,0.1
cancer stem cells,health care system,0.1
gerenciamento de riscos,video conferencing tool,0.1
cvss,business process modelling,0.1
jazz,JavaScript,0.1
apache hadoop,plan ICT capacity,0.1
ides,interpreting modes,0.1
html/css,business process modelling,0.1
extended kalman filters,evaluate tender,0.1
log–log plot,logistics,0.099
matrix diagonalization,diagnose education problems,0.099
maqueta,manage content metadata,0.099
np-completeness,ensure price competitiveness,0.099
truffle ide,build trust,0.098
delta lake,make legal decisions,0.098
zoom,Joomla,0.098
unscented kalman filters,create documented procedures,0.098
cassandra,strategies for handling cases of sexual assault,0.098
unix shell,sell products,0.098
belief propagation,follow a brief,0.098
redis,prepare credit reports,0.098
recopilación de datos,select photos,0.098
go variables,act reliably,0.097
linearity,hearing disability,0.097
sparksql,plan allocation of space,0.097
poise,identify stress points of customer interaction,0.097
cucumber,manage membership,0.097
pesquisa de ux,mergers and acquisitions,0.096
hanyu shuiping kaoshi (hsk),assist in developing marketing campaigns,0.096
cibersegurança,handle cybersecurity incidents,0.096
pivot tables,manage findable accessible interoperable and reusable data,0.096
midi,inter-organisational middleware system,0.096
disease,use techniques to increase patients' motivation,0.096
balsamiq,balance database resources,0.096
intégrité des données,interpreting modes,0.096
helm,help clients cope with grief,0.095
randomization,education administration,0.095
thymeleaf,assist the homeless,0.095
polymorphism,source criticism,0.095
mems sensors,secure sensitive customer's information,0.095
nettoyage des données,design computer network,0.095
aws cli,coach clients,0.095
clarity,social security law,0.094
html,ML (computer programming),0.094
maven,make data-driven decisions,0.094
xml,ML (computer programming),0.094
erds,quality standards,0.094
uml,ML (computer programming),0.094
planificación de proyectos,select photos,0.094
hierarchical clustering,data engineering,0.093
nursing,signal processing,0.093
guitar chords,keep records on sales,0.093
sparkml,plan allocation of space,0.093
prometheus,promote company,0.093
pensamiento estratégico,calculate compensation payments,0.093
radiometry,software metrics,0.093
snort ids,international import export regulations,0.093
código binario,use dictionaries,0.093
matrix algebra,algorithms,0.093
fastslam,carry out statistical forecasts,0.093
apache spark,plan allocation of space,0.092
money,monitor elections,0.092
owasp top-10,study topics,0.091
esl,real estate market,0.091
spring boot,read books,0.091
esri,real estate market,0.091
pensamento estratégico,calculate compensation payments,0.091
esg,real estate market,0.091
sostenbilidad,postediting,0.091
datenerhebung,stay up to date with social media,0.091
jre,core banking software,0.091
linear algebra,algorithms,0.09
least squares,manage software releases,0.09
marvel,channel marketing,0.09
aws elastic beanstalk,Smalltalk (computer programming),0.09
vuforia,editorial standards,0.09
glove,integrate marketing strategies with the global strategy,0.09
simple stereo,implement sales strategies,0.09
bash (unix shell),perform balance sheet operations,0.09
sistema de nombres de dominio,administer ICT system,0.089
coleta de dados,collect ICT data,0.089
tensorflow.js,develop ICT workflow,0.089
pix2pix,marketing mix,0.089
chord,record court procedures,0.089
redacción de negocios,negotiate with social service users,0.089
ggplot2,employment law,0.088
étude de cas,counsel students,0.087
recherche ux,develop professional network with researchers and scientists,0.087
cluster validation,perform stock valuation,0.087
wpscan,Scala,0.087
discrete random variables,discuss plays,0.087
fintech disruption,use interface description language,0.086
karriereentwicklung,screen clients,0.086
robot,root cause analysis,0.086
redshift,Swift (computer programming),0.086
beschaffung,system backup best practice,0.085
reason,work in crises areas,0.085
surgery,mergers and acquisitions,0.085
efl,reflexion,0.084
matplotlib,mathematics,0.084
estudo de caso,study music,0.084
allergy/asthma.,alternative energy,0.083
word2vec,keywords in digital content,0.083
cherrytree,promote free trade,0.082
éthique des données,design questionnaires,0.082
datenberechnungen,stay up to date with social media,0.082
cuda,manage personnel agenda,0.081
emt,employment law,0.081
turtlebot,provide information on wind turbines,0.081
amazon lex,practical lexicography,0.081
cancer,assess candidates,0.081
gestión de cambios,review investment portfolios,0.08
rdbms,debt systems,0.08
sql & rdbms,debt systems,0.08
- datenbereinigung,stay up to date with social media,0.08
datenbereinigung,stay up to date with social media,0.08
pemecahan masalah,master language rules,0.079
allergy/asthma,alternative energy,0.079
crazy 8s,types of aircraft,0.079
adobe illustrator,impart business plans to collaborators,0.079
maquette,manage data for legal matters,0.078
amazon rds,keep records on sales,0.078
jwts,legal requirements of ICT products,0.078
symbols,network management system tools,0.078
pre-att&ck,press law,0.078
latent variables,act reliably,0.078
cálculos de dados,calculate tax,0.077
segurança de rede,customer segmentation,0.077
crt0,create data sets,0.077
nodejs,normalise data,0.077
kaggle,organise social work packages,0.077
trabajos de diseño de ux,develop trade policies,0.077
uipath,psychopathology,0.077
node.js,normalise data,0.077
amazon dynamodb,memorise large amounts of information,0.076
knitr,knowledge base,0.076
cis benchmarks,market analysis,0.076
seguridad inalámbrica,customer segmentation,0.075
hydra,operate a camera,0.075
fragestellung,data storage,0.075
kanban,banking activities,0.074
dbscan,VBScript,0.074
seguridad de la red,customer segmentation,0.073
aws,follow the news,0.073
esquema de página,preserve original text,0.073
netflix oss,conduct research across disciplines,0.072
entscheidungsfindung,find grants,0.072
gestión de riesgos,test ICT queries,0.072
aufgabenschätzung,support the autonomy of young people,0.072
swagger,distributed ledger technology,0.072
nosql,normalise data,0.071
segurança de redes sem fio,semantics,0.071
arduino,criminology,0.071
dog,Prolog (computer programming),0.07
mengajukan pertanyaan,undertake inspections,0.07
dash,cadastral taxation,0.07
mockito,monitor stock market,0.07
ibm watson,prepare lesson content,0.07
pandas,follow company standards,0.07
watson,prepare lesson content,0.07
rnns,develop efficiency plans for logistics operations,0.069
gestão de riscos,risk management,0.069
heroku,plan measures to safeguard cultural heritage,0.069
call stacks,attack vectors,0.069
pengambilan keputusan,reputation management,0.069
ejecución del proyecto,consult with production director,0.069
amazon s3,develop drama production process,0.068
amazon vpc,develop drama production process,0.068
vertex ai,verify formal ICT specifications,0.068
raspberry pi,carry out job analysis,0.068
red hat linux,linguistics,0.068
apis,capital goods industry,0.068
manejo del tiempo,empower social service users,0.068
gestión de marcas,manage system testing,0.067
dapps,collect data using GPS,0.067
toe,provide input to collaborators to guide their work,0.067
ndas,cadastral taxation,0.066
gestión de calidad,provide domestic care,0.066
asesoramiento,use databases,0.066
uipath orchestrator,impart business plans to collaborators,0.066
faus,advocate a cause,0.066
git,edit digital moving images,0.066
watson ai,prepare lesson content,0.065
piano,software anomalies,0.065
gestão de mudança,suggest revision of manuscripts,0.065
olap cubes,ABAP,0.064
aws iam,manage a team,0.063
github,give live presentation,0.063
métadonnées,manage content metadata,0.062
maquete,fraud detection,0.062
sql joins,Jenkins (tools for software configuration management),0.061
ética em dados,execute analytical mathematical calculations,0.06
augur,configure ICT system,0.06
lidar,grammar,0.06
iifes,product life-cycle,0.06
zenhub,enhance production workflow,0.057
fastapi,capital goods industry,0.057
splunk,think abstractly,0.056
aws lambda,manage personnel agenda,0.056
neo4j,translate spoken language simultaneously,0.055
crm,perform data analysis,0.055
esquema,six sigma methods,0.054
bitcoin,biology,0.053
radar,trade securities,0.052
pydicom,Python (computer programming),0.052
limpeza de dados,select photos,0.051
zero,manage findable accessible interoperable and reusable data,0.049
hydrogen,develop contingency plans for emergencies,0.047
سلامة البيانات,apply anti-oppressive practices,0.0
جمع البيانات,apply anti-oppressive practices,0.0
حل المشكلات,apply anti-oppressive practices,0.0
دراسة الحالة,apply anti-oppressive practices,0.0
دول البيانات,apply anti-oppressive practices,0.0
محفظة الوظائف,apply anti-oppressive practices,0.0
طرح الأسئلة,apply anti-oppressive practices,0.0
عملية اتخاذ القرار,apply anti-oppressive practices,0.0
نظيف البيانات,apply anti-oppressive practices,0.0
rpa,apply anti-oppressive practices,0.0
تنظيف البيانات,apply anti-oppressive practices,0.0
جدول البيانات,apply anti-oppressive practices,0.0
ksql,apply anti-oppressive practices,0.0
تحليلات البيانات,apply anti-oppressive practices,0.0
jpa,apply anti-oppressive practices,0.0
cx,apply anti-oppressive practices,0.0
dvc,apply anti-oppressive practices,0.0
tf-idf,apply anti-oppressive practices,0.0
html5,apply anti-oppressive practices,0.0
http,apply anti-oppressive practices,0.0
ibm z,apply anti-oppressive practices,0.0
ipv4,apply anti-oppressive practices,0.0
jdk,apply anti-oppressive practices,0.0
sql,apply anti-oppressive practices,0.0
تحليل البيانات,apply anti-oppressive practices,0.0
xp,apply anti-oppressive practices,0.0
mysql,apply anti-oppressive practices,0.0
أخلاقيات البيانات,apply anti-oppressive practices,0.0
العرض التقديمي,apply anti-oppressive practices,0.0
العمليات الحسابية للبيانات,apply anti-oppressive practices,0.0
بيانات التعريف,apply anti-oppressive practices,0.0
تجميع البيانات,apply anti-oppressive practices,0.0
تحديد حجم العينة,apply anti-oppressive practices,0.0
ビジュアライゼーション,apply anti-oppressive practices,0.0
