course_skill,best_esco,score
geometry,geometry,1.0
marketing mix,marketing mix,1.0
social network analysis,social network analysis,1.0
typography,typography,1.0
accounting,accounting,1.0
business communication,business communication,1.0
quantitative analysis,quantitative analysis,1.0
data ethics,data ethics,1.0
asset management,asset management,1.0
research design,research design,1.0
marketing analytics,marketing analytics,1.0
pp&e accounting,accounting,0.974
social media marketing,apply social media marketing,0.955
intellectual property,intellectual property law,0.954
classroom management,perform classroom management,0.953
key performance indicators,track key performance indicators,0.941
conflict management,apply conflict management,0.94
marketing strategy,plan marketing strategy,0.94
email marketing,execute email marketing,0.938
supply chain,supply chain management,0.934
public relations,perform public relations,0.934
brand marketing,brand marketing techniques,0.926
business case,develop business case,0.924
control systems,design control systems,0.921
big data,analyse big data,0.921
brand management,supervise brand management,0.921
cash flow,handle cash flow,0.92
risk analysis,perform risk analysis,0.919
disaster recovery plans,manage disaster recovery plans,0.916
product management,plan product management,0.914
forensic accounting,perform forensic accounting,0.912
mobile marketing,conduct mobile marketing,0.911
market research,perform market research,0.91
research and development (r&d),industrial research and development,0.91
change management,apply change management,0.909
copywriting,perform copywriting,0.908
continuous improvement,continuous improvement philosophies,0.908
personality development,personality development theories,0.907
data mining,data mining methods,0.904
teaching strategies,apply teaching strategies,0.903
data cleansing,perform data cleansing,0.902
engineering design,approve engineering design,0.902
relational database,database,0.902
data analysis,perform data analysis,0.9
competition,competition law,0.899
content marketing strategy,content marketing strategy,0.898
computer graphics (cg),computer graphics,0.897
multimedia,multimedia systems,0.896
contract law,contract law,0.895
marketing plan,execute marketing plan,0.895
strategic planning,implement strategic planning,0.894
business analysis,perform business analysis,0.893
brand identity,define brand identity,0.893
active listening,listen actively,0.893
dei strategic planning,implement strategic planning,0.892
manufacturing processes,plan manufacturing processes,0.889
it asset management,asset management,0.889
decision-making,participatory decision-making,0.886
data science,data science,0.886
epipolar geometry,geometry,0.882
confidence,show confidence,0.882
employment,employment law,0.881
pronunciation,pronunciation techniques,0.88
customer experience,manage the customer experience,0.879
psychiatric disorders,psychiatric disorders,0.878
mechanical engineering,principles of mechanical engineering,0.876
nosql and big data,analyse big data,0.87
customer relationship management (crm),customer relationship management,0.87
advertising,advertising techniques,0.868
generally accepted accounting principles,national generally accepted accounting principles,0.863
financial risk,manage financial risk,0.862
quantitative research,conduct quantitative research,0.859
business strategy,business strategy concepts,0.856
qualitative research,conduct qualitative research,0.855
hardware,hardware industry,0.853
cloud asset management,asset management,0.852
human resources (hr),manage human resources,0.85
money,count money,0.849
teamwork,teamwork principles,0.848
firmware,design firmware,0.848
environmental policy,environmental policy,0.847
ux design principles,design principles,0.846
philosophy,teach philosophy,0.843
smart contracts,implement smart contracts,0.842
warehouse management,use a warehouse management system,0.84
sustainability,promote sustainability,0.839
dentistry,dentistry science,0.838
data analysis with r,perform data analysis,0.837
environmental protection,inform customers environmental protection,0.836
tiktok advertising,advertising techniques,0.836
cost–benefit analysis,provide cost benefit analysis reports,0.834
intercultural communication,teach intercultural communication methods,0.833
manufacturing process,manufacturing processes,0.832
database (dbms),maintain freelance database,0.832
team building,build team spirit,0.831
business model,analyse business model,0.831
clinical trials,assist in clinical trials,0.83
logistics,manage logistics,0.829
intellectual property integration,intellectual property law,0.827
balance sheet,perform balance sheet operations,0.827
content marketing,content marketing strategy,0.825
financial engineering,financial engineering,0.824
marketing channel,channel marketing,0.821
deep learning,deep learning,0.82
environmental impact assessment,assess environmental impact,0.818
history,teach history,0.815
social media marketing strategy,apply social media marketing,0.813
business,business processes,0.811
management accounting,accounting,0.81
improvisation,perform improvisation,0.81
applied aerodynamics,aerodynamics,0.809
debt,debt systems,0.808
customer engagement,apply customer engagement strategy,0.808
social network,social network analysis,0.808
logic,logic,0.808
confidence interval,show confidence,0.807
network analysis,social network analysis,0.806
breathing techniques,breathing techniques,0.806
sel in curriculum,curriculum objectives,0.804
international relations,build international relations,0.803
risk assessment,draw up risk assessment,0.803
financial markets,financial markets,0.803
credit rating,advise on credit rating,0.802
education,education law,0.802
creating financial statements,prepare financial statements,0.801
privacy,maintain privacy,0.801
market analysis,market research,0.801
graphic design,graphic design,0.8
data cleansing (pembersihan data),perform data cleansing,0.799
business case analysis,develop business case,0.799
pricing strategies,pricing strategies,0.799
motivate employees,motivate employees,0.798
cash flow analysis,handle cash flow,0.798
jazz improvisation,perform improvisation,0.797
customer experience (cx) design,manage the customer experience,0.796
version control systems,design control systems,0.792
monte carlo method,Monte Carlo simulation,0.792
psychotherapy,psychotherapy principles,0.79
email marketing analytics,marketing analytics,0.789
disaster recovery,manage disaster recovery plans,0.788
audio editing,audio editing software,0.788
competition law,competition law,0.787
data analysis process,perform data analysis,0.787
supervised learning,machine learning,0.785
supply chain planning,supply chain management,0.785
quadrotor control systems,design control systems,0.784
sensors,test sensors,0.784
accounting analysis,accounting,0.783
human resources management,manage human resources,0.783
supply chain strategy,supply chain management,0.782
read legal documents,revise legal documents,0.781
statistical analysis,statistical analysis system software,0.78
video game,video-games trends,0.779
singing,practise singing,0.776
project management,perform project management,0.775
big data fluency,analyse big data,0.775
planning,plan,0.775
cost-benefit analysis,provide cost benefit analysis reports,0.774
digital supply chain,supply chain management,0.774
database servers,maintain freelance database,0.774
blockchain technology implementation,develop blockchain technology,0.772
artificial neural network,artificial neural networks,0.772
materials,test materials,0.771
email marketing strategy,execute email marketing,0.771
knowledge of human behavior,apply knowledge of human behaviour,0.77
electrical engineering,electrical engineering,0.769
human anatomy,human anatomy,0.768
agile product management,plan product management,0.768
quadrotor hardware components,hardware components,0.767
insurance,insurance law,0.767
business accounting,accounting,0.767
fundraising,manage fundraising activities,0.767
technical communication,apply technical communication skills,0.766
business intelligence (bi),business intelligence,0.766
group decision-making,participatory decision-making,0.765
communication skills,apply technical communication skills,0.764
renewable energy,renewable energy,0.763
cloud product management,plan product management,0.761
markov chain monte carlo (mcmc),Monte Carlo simulation,0.76
nosql databases,search databases,0.759
discounted cash flow,handle cash flow,0.758
process assessment,assessment processes,0.758
renewable energy techologies,renewable energy,0.757
audit,arrange audit,0.757
null character,assess character,0.757
generators,set up generators,0.757
ui development,development delays,0.755
game theory,game theory,0.755
development,development delays,0.755
networking hardware,ICT networking hardware,0.754
health informatics,health informatics,0.752
advocacy,supervise advocacy work,0.752
federal tax returns,prepare tax returns forms,0.752
financial accounting,accounting,0.751
graph database,maintain freelance database,0.751
credit risk,apply credit risk policy,0.751
business process,create business process models,0.75
relational database migration,database,0.75
flash loans,analyse loans,0.75
marketing mix optimization,marketing mix,0.749
mixed methods market research,perform market research,0.749
oltp databases,search databases,0.748
quality,manage quality,0.748
business law,business law,0.746
ethical decision-making,participatory decision-making,0.745
performance advertising,advertising techniques,0.745
public speaking,teach public speaking principles,0.744
financial statement,financial statements,0.744
relational database transactions,database,0.744
nursing,nursing principles,0.743
english language teaching,language teaching methods,0.742
analyze financial statements,prepare financial statements,0.74
workflow,manage workflow processes,0.74
learning,use learning strategies,0.74
food safety,develop food safety programmes,0.739
mergers and acquisitions (m&a),mergers and acquisitions,0.739
api requests,prioritise requests,0.739
accounting software,accounting,0.739
pricing,pricing strategies,0.738
cash flow statement,handle cash flow,0.738
analytics,data analytics,0.738
troubleshooting,perform ICT troubleshooting,0.737
supply chain risk management,supply chain management,0.737
azure logic apps,logic,0.736
biostatistics,biostatistics,0.736
unsupervised machine learning,machine learning,0.736
informatics,medical informatics,0.735
business competition,competition law,0.735
software,industrial software,0.735
regulations,communicate regulations,0.734
visualization (computer graphics),computer graphics,0.734
relational database management syste (rdbms),database,0.734
database indexing,maintain freelance database,0.734
probability theory,probability theory,0.732
linguistics,forensic linguistics,0.732
software product management,plan product management,0.731
personal development,personal development,0.73
exploratory data analysis,perform data analysis,0.73
qualitative and quantitative research,conduct quantitative research,0.73
feedback loops,manage feedback,0.729
marketing content development,evaluate marketing content,0.728
anatomy,dental anatomy,0.727
nlp pipelines,repair pipelines,0.727
mathematical induction,mathematical modelling,0.727
digital marketing,plan digital marketing,0.727
financial management,financial management,0.727
entrepreneurship,entrepreneurship,0.726
lesson plan,advise on lesson plans,0.726
processing payments,process payments,0.726
cloud database,maintain freelance database,0.726
public health,address public health issues,0.725
exploratory data analysis (eda),perform data analysis,0.725
pharmacology,pharmacology,0.724
sql databases in azure,search databases,0.724
risk management,apply risk management processes,0.724
gst technical,technical terminology,0.721
social media,social media marketing techniques,0.721
genetics,medical genetics,0.721
deep learning fluency,deep learning,0.721
image formation,image formation,0.72
asset accounting,accounting,0.72
training,organise training,0.72
business intelligence,business intelligence,0.719
data science strategy,data science,0.719
sample testing,perform sample testing,0.719
accessibility,develop strategies for accessibility,0.718
manufacturing engineer,manufacturing processes,0.718
brand and product management,plan product management,0.718
helpdesk,handle helpdesk problems,0.717
pharmacokinetics,pharmacokinetics,0.717
customer service,monitor customer service,0.717
solar energy,solar energy,0.714
computer-aided engineering (cae),use computer-aided engineering systems,0.713
azure pipelines,repair pipelines,0.713
machine learning,machine learning,0.713
health education,provide health education,0.712
product backlogs,manage backlogs,0.712
ethics,data ethics,0.712
strategic thinking,apply strategic thinking,0.712
database (db) design,maintain freelance database,0.711
diets,composition of diets,0.711
database scalability,maintain freelance database,0.711
agile supply chain planning,supply chain management,0.71
competence (human resources),manage human resources,0.71
business kpis,business processes,0.71
using active listening with teams,listen actively,0.709
logic gate,logic,0.707
photography,commercial photography,0.707
ticketing systems,monitor ticketing,0.707
website wireframe,manage website,0.706
hardware design,hardware industry,0.705
product design principles,design principles,0.705
monte carlo localization,Monte Carlo simulation,0.704
cloud resource allocation,plan resource allocation,0.704
api development,development delays,0.704
human resources best practices,manage human resources,0.703
writing,writing techniques,0.703
communication,communication principles,0.702
data cleansing and exploration,perform data cleansing,0.702
video game design,video-games trends,0.701
inventory,inventory management rules,0.7
discounted cash flow analysis,handle cash flow,0.7
visual communication,manage visual communications,0.699
focus group,interview focus groups,0.698
azure ml pipelines,repair pipelines,0.698
emergency,manage emergency procedures,0.698
engineering,aerospace engineering,0.697
technology,computer technology,0.696
banking,banking activities,0.696
veterinary,handle veterinary emergencies,0.694
supply chain sourcing,supply chain management,0.694
computer-aided manufaturing,use computer-aided translation,0.694
networking,ICT networking hardware,0.693
resource leaks,perform resource planning,0.692
risk,risk identification,0.691
data analysis interview,perform data analysis,0.691
confidentiality,educate on data confidentiality,0.691
ai communication,communication principles,0.691
human rights and allyship,promote human rights,0.69
product management basics,plan product management,0.69
manufacturing process management,manufacturing processes,0.69
meta learning,use learning strategies,0.69
data warehouse,clean warehouse,0.69
search advertising,advertising techniques,0.689
crowdfunding,create a crowdfunding campaign,0.689
generator,operate signal generator,0.689
recurrent neural networks,artificial neural networks,0.688
money management,count money,0.687
user interviews,give interviews to media,0.687
language,body language,0.687
blockchain,blockchain applications,0.687
accounting cycle,accounting,0.687
graphics,motion graphics,0.685
schedule,plan schedule,0.685
file i/o,type of file,0.684
quantitative data analysis,quantitative analysis,0.684
relational database management system (rdbms),database,0.684
law enforcement access,teach law enforcement principles,0.683
social media platforms,social media marketing techniques,0.683
performance,conduct performance tests,0.682
data science roadmaps,data science,0.682
statistical methods,apply control process statistical methods,0.682
business analytics,business intelligence,0.682
financial data analysis,collect financial data,0.682
recording in studio,plan audiovisual recording,0.681
mathematics,mathematics,0.681
mapping,collect mapping data,0.681
energy,energy market,0.68
strategies in teaching,apply teaching strategies,0.68
sustainability reporting & esg metrics,lead the sustainability reporting process,0.68
financial risk modeling,manage financial risk,0.679
digital marketing kpis,plan digital marketing,0.679
cloud availability,ensure equipment availability,0.678
health insurance,process medical insurance claims,0.678
music notation,musical notation,0.678
training neural networks,artificial neural networks,0.678
database normalization,maintain freelance database,0.677
safety,safety engineering,0.677
troubleshooting & debugging,perform ICT troubleshooting,0.677
documentation,provide technical documentation,0.676
coaching,coaching techniques,0.676
• coaching,coaching techniques,0.676
thermodynamics,thermodynamics,0.675
revenue management,manage revenue,0.674
object state estimation,state estimation,0.674
video game development,video-games trends,0.674
diversified portfolio,manage portfolio,0.674
java database connectivity (jdbc),maintain freelance database,0.673
global strategy,integrate marketing strategies with the global strategy,0.673
questioning,use questioning techniques,0.673
consulting,use consulting techniques,0.672
economics,economics,0.671
database application,maintain freelance database,0.671
financial ratio,financial capability,0.671
portfolio (finance),manage portfolio,0.671
waterfall project management,perform project management,0.671
medical device,medical devices materials,0.67
data-informed decision-making,participatory decision-making,0.67
credit card debt,credit card payments,0.67
electronic circuits,assemble electronic units,0.67
basic programming language,apply basic programming skills,0.669
professional development,conduct continuing professional development workshops,0.669
aws database services,maintain freelance database,0.668
nutrition,conduct nutrition research,0.668
risk identification,risk identification,0.668
channel management,channel marketing,0.668
digitalization in fashion,trends in fashion,0.667
legal project management,perform project management,0.667
psychology,school psychology,0.666
ios app development,development delays,0.666
physics,physics,0.666
accounting analytics,accounting,0.666
asset,asset management,0.666
understanding corporate financial statements,prepare financial statements,0.665
convolutional neural networks,artificial neural networks,0.665
data quality,implement data quality processes,0.665
meeting,write meeting reports,0.665
research methodology,scientific research methodology,0.665
team management,manage a team,0.665
content development,content development processes,0.663
glossary of computer graphics,computer graphics,0.663
cloud operational efficiency,provide operational efficiency training to employees,0.662
portfolio pour la recherche d'emploi,manage portfolio,0.662
search engine optimization,conduct search engine optimisation,0.661
presentation,prepare presentation material,0.661
information security (infosec),ensure information security,0.661
project management triangle,perform project management,0.661
documents,digitise documents,0.66
feedforward neural networks,artificial neural networks,0.66
target audience,meet expectations of target audience,0.66
automation,design automation components,0.66
cloud databases,search databases,0.659
job portfolio,manage portfolio,0.659
data science methodology,data science,0.658
portfolio construction,manage portfolio,0.658
audio recording,coordinate activities in audio recording studio,0.658
creating a compelling project business case,develop business case,0.658
accounts payable and payroll,manage payroll,0.658
social marketing,apply social media marketing,0.657
etika data,process data,0.657
financial adviser,financial capability,0.657
financial statement analysis,financial statements,0.657
animal,animal species,0.657
use linkedin campaign manager to optimize b2b advertising campaigns,coordinate advertising campaigns,0.656
low fidelity prototypes,design prototypes,0.656
radar,operate radar equipment,0.656
greek mythology,Greek,0.655
politics,politics,0.655
business and process analysis,perform business analysis,0.655
science,data science,0.655
website structure,manage website,0.655
computer-aided manufacturing,use computer-aided translation,0.655
curriculum design,curriculum objectives,0.654
logistics planning,manage logistics,0.654
forensics,use technology for forensics,0.654
portfolio de trabajo,manage portfolio,0.654
search engine optimization (seo),conduct search engine optimisation,0.653
security,security threats,0.653
database security,maintain freelance database,0.652
unsupervised learning,machine learning,0.651
high fidelity prototypes,design prototypes,0.651
accounting terminology,accounting,0.651
strategic foresight,strategic planning,0.651
surveillance,handle surveillance equipment,0.651
portfolio preparation,manage portfolio,0.651
python trees,climb trees,0.65
procurement,procurement legislation,0.65
bond market,market analysis,0.649
syntax,grammar,0.649
r syntax,grammar,0.649
quantum mechanics,mechanics,0.648
information privacy,maintain privacy,0.648
database vulnerabilities,maintain freelance database,0.648
business accumen,business processes,0.648
segmentation analysis,customer segmentation,0.647
social entrepreneurship,entrepreneurship,0.647
surgery,oral surgery,0.647
crisis management,educate on emergency management,0.646
competition (economics),competition law,0.646
backend development,development delays,0.645
data pipelines,repair pipelines,0.644
pricing to competition,competition law,0.644
visual storytelling,visual disability,0.644
contracts,manage contracts,0.644
social media branding,social media marketing techniques,0.644
data science use cases,data science,0.644
aerospace engineering,aerospace engineering,0.643
probabilistic neural networks,artificial neural networks,0.642
expertise in data science,data science,0.642
devops engineering,aerospace engineering,0.642
camera model,cameras,0.642
information security analyst,ensure information security,0.641
content management,use content management system software,0.641
career,provide career counselling,0.64
computer troubleshooting,perform ICT troubleshooting,0.64
teaching,advise on teaching methods,0.64
lean project management,perform project management,0.64
epidemiology,epidemiology,0.64
research technology trends,monitor technology trends,0.64
emergency management,educate on emergency management,0.639
video,operate video equipment,0.639
solar systems,maintain solar energy systems,0.639
social media bidding,social media marketing techniques,0.639
marketing,execute marketing plan,0.639
digital image keypoint descriptors,digital image processing,0.638
monte carlo methods dynamic programming,Monte Carlo simulation,0.638
azure synapse analytics,data analytics,0.638
display advertising,advertising techniques,0.637
android ui development,development delays,0.637
use qualitative and quantitative research methodologies,conduct quantitative research,0.637
azure automation,design automation components,0.637
ml pipelines and mlops,repair pipelines,0.637
application routing,call routing,0.637
strategic management,implement strategic management,0.637
social media presence,social media marketing techniques,0.636
privacy compliance,maintain privacy,0.636
cryptographic hardware,hardware industry,0.636
z systems,mechanical systems,0.635
blockchain oracles,blockchain applications,0.634
economy,circular economy,0.634
management,apply change management,0.634
market segmentation,customer segmentation,0.634
quality management,support implementation of quality management systems,0.633
read music notation,musical notation,0.632
behavior,behavioural science,0.632
studio,assess studio production,0.632
mathematical finance,mathematical modelling,0.632
portfolio theories,manage portfolio,0.632
software project management,perform project management,0.631
grammar,grammar,0.631
database administration,maintain freelance database,0.631
privacy impact assessments data privacy fundamentals data privacy classification,maintain privacy,0.631
listening,listen actively,0.631
git (software),industrial software,0.631
algorithms,algorithms,0.631
computer science,computer science,0.631
electricity systems,electricity consumption,0.631
binomial distribution,manage distribution channels,0.63
lead engineers,liaise with engineers,0.629
data gathering,gather data,0.629
optimization of optical systems,design optical systems,0.629
technical pm interview,interview techniques,0.629
federated learning,use learning strategies,0.628
sprint planning,plan,0.628
networking on aws,ICT networking hardware,0.627
dynamic movement,movement techniques,0.626
paleontology,paleontology,0.626
cancer genetics,medical genetics,0.626
social media and email marketing strategy,execute email marketing,0.626
art history,teach history,0.626
information technology,computer technology,0.625
tax,tax legislation,0.625
machine learning regression,machine learning,0.625
business writing,business processes,0.624
image processing,digital image processing,0.624
people management,trace people,0.624
infectious diseases,communicable diseases,0.624
journalism,journalism,0.624
missing data,process data,0.624
pivot table,operate table saw,0.622
simulation,computer simulation,0.622
health care,health care system,0.621
business ecosystem,business processes,0.621
marketing digital,plan digital marketing,0.621
mems hardware,hardware industry,0.621
3d modeling,3D modelling,0.62
create oracle sql databases,search databases,0.62
product pricing,pricing strategies,0.62
image segmentation,customer segmentation,0.62
devops documentation,provide technical documentation,0.62
managing people,trace people,0.62
press release,draft press releases,0.619
marketing supply chain finance services,supply chain management,0.619
public health research,address public health issues,0.619
machine learning operations (mlops),machine learning,0.619
kotlin playground,perform playground surveillance,0.618
environmental law,environmental engineering,0.618
compensation and benefits,advise on social security benefits,0.618
spring mvc,types of spring,0.618
database management,manage database,0.618
clinical trial design,assist in clinical trials,0.617
variable pricing,pricing strategies,0.617
network troubleshooting,perform ICT troubleshooting,0.617
machine learning fluency,machine learning,0.617
features and boundaries,determine property boundaries,0.617
generative machine learning,machine learning,0.616
relationships,build business relationships,0.616
security information and event management,carry out event management,0.616
privacy risk assessment,draw up risk assessment,0.615
poisson distribution,manage distribution channels,0.615
- job-portfolio,manage portfolio,0.615
clinical trial management,assist in clinical trials,0.615
business plan,analyse business plans,0.615
jenkins (software),industrial software,0.614
scope (project management),perform project management,0.613
ui design,design process,0.613
email,execute email marketing,0.613
qualitative and quantitative data analysis,quantitative analysis,0.613
novel writing,writing techniques,0.613
scenario development,development delays,0.613
design,design process,0.613
building data science teams,data science,0.613
dolor assessment,assessment processes,0.613
strategic analysis,strategic planning,0.612
aws security,security threats,0.612
skills management,support social service users in skills management,0.612
brand,manage brand assets,0.612
luxury goods,assemble goods,0.611
managing stakeholders,negotiate with stakeholders,0.611
data wrangling,process data,0.611
api security,security threats,0.611
markup language,body language,0.61
sustainable design,promote sustainable interior design,0.61
experimental design,gather experimental data,0.609
a/b testing,use testing equipment,0.609
p values,compare property values,0.609
flowcharts and decision making,participatory decision-making,0.609
project,organise project meetings,0.609
python syntax,grammar,0.609
a/b/n testing,use testing equipment,0.609
analysis,perform data analysis,0.609
social justice,social justice,0.609
inductive transfer,risk transfer,0.609
sharing insights with stakeholders,negotiate with stakeholders,0.608
risk management of supply chain finance,supply chain management,0.608
english language,English,0.607
mathematical logic,mathematical modelling,0.607
serverless development,development delays,0.607
revenue streams,manage revenue,0.606
information radiator,provide information,0.606
c++ syntax,grammar,0.606
fashion systems,trends in fashion,0.606
fashion design,trends in fashion,0.606
pid controller,install lift controller,0.606
market (economics),economics,0.605
integrative nursing,nursing principles,0.605
normal distribution,manage distribution channels,0.605
audio production,audio technology,0.605
quantitative data visualization,manage quantitative data,0.605
capital market,market analysis,0.605
inclusion,work for public inclusion,0.604
inventory control,participate in medical inventory control,0.604
organisational design,organisational structure,0.604
workflow of data science projects,data science,0.603
programming skills,apply basic programming skills,0.603
tableau software,industrial software,0.603
data analysis and modelling,perform data analysis,0.603
software tableau,industrial software,0.603
basic data analysis approaches,perform data analysis,0.603
data mining algorithms,data mining methods,0.603
gps,collect data using GPS,0.603
electronic communications regulations,electronic communication,0.603
predictive analytics,data analytics,0.602
application dependency management,dependency on drugs,0.602
data and databases,search databases,0.602
analytical thinking,think analytically,0.602
receiving feedback,manage feedback,0.601
data lakes,process data,0.601
anatomy of metastasis,dental anatomy,0.601
designing a supply chain finance program,supply chain management,0.601
gaussian distribution,manage distribution channels,0.601
propositional logic,logic,0.601
radiology,diagnostic radiology,0.6
creativity,stimulate creativity in the team,0.6
3. create a change management communication framework,apply change management,0.599
editing,perform image editing,0.599
environmental health,environmental engineering,0.599
korean language,understand written Korean,0.599
financial mismanagement,financial capability,0.599
tiktok marketing,execute marketing plan,0.599
demand forecasting,forecast products' demand,0.598
leadership,adapt leadership styles in healthcare,0.598
crisis intervention,crisis intervention,0.598
visualisation des données (dataviz),data visualisation software,0.597
stock,manage stock rotation,0.597
machine learning modeling,machine learning,0.597
project risk management,apply risk management processes,0.596
market risk management,apply risk management processes,0.596
fuzz testing,use testing equipment,0.596
investing technology,computer technology,0.596
sales,achieve sales targets,0.595
branding communication,communication principles,0.595
marketing channels,channel marketing,0.595
b2b sales,achieve sales targets,0.595
internal control,internal auditing,0.595
technology disruption,computer technology,0.595
outbreak investigation,investigation research methods,0.595
ensemble learning,learning difficulties,0.594
model pipelines,repair pipelines,0.594
database fundamentals,maintain freelance database,0.594
implement climate-aware investment decisions,make investment decisions,0.593
hash table,operate table saw,0.593
media planning and strategies,media planning,0.593
java syntax,grammar,0.593
geographic information system (gis),create GIS reports,0.593
organ systems,mechanical systems,0.593
data visualization software,data visualisation software,0.593
project feasibility,execute feasibility study,0.592
data warehousing,perform warehousing operations,0.592
planning and project management,perform project management,0.591
camera and imaging,cameras,0.591
hospitality management,teach hospitality principles,0.591
data architecture,historic architecture,0.591
blockchain implementation in supply chain finance,supply chain management,0.591
data privacy regulations,maintain privacy,0.591
data staging,process data,0.591
web accessibility,develop strategies for accessibility,0.59
problem solving,design thinking,0.59
communication efficace,communication principles,0.59
professional,show professional responsibility,0.59
decision theory,game theory,0.59
medical language,medical terminology,0.589
process management,management department processes,0.589
classification,fish identification and classification,0.589
reports,create risk reports,0.589
baum-welch algorithm,algorithms,0.589
data science business context,data science,0.588
spreadsheet,use spreadsheets software,0.588
software engineering,industrial software,0.588
portfolio risk models,manage portfolio,0.588
health information technology,health informatics,0.587
mems sensors,test sensors,0.587
risk management plan,apply risk management processes,0.587
sampling,perform sample testing,0.587
ai algorithms in python,algorithms,0.587
economic analysis,analyse economic trends,0.587
science communication,communication sciences,0.587
assembly languages,teach languages,0.587
viterbi algorithm,algorithms,0.586
computer-aided design (cad),use computer-aided translation,0.586
investment,make investment decisions,0.585
supportive communication,communication principles,0.585
paper prototyping,paper chemistry,0.585
data privacy principles,maintain privacy,0.584
health,provide health education,0.584
optical design,design optical systems,0.584
justice,restorative justice,0.583
knuth–morris–pratt (kmp) algorithm,algorithms,0.583
appsheet automation,design automation components,0.583
cloud networking,ICT networking hardware,0.583
compliance,prepare compliance documents,0.582
workbook automation,design automation components,0.582
humanitarian,handle humanitarian response programs,0.582
serverless architecture,historic architecture,0.582
kalkulasi data,process data,0.582
set up advertising on snapchat,advertising techniques,0.581
recursive algorithms,algorithms,0.581
machine learning concepts,machine learning,0.581
aws availability zones,ensure equipment availability,0.58
sre culture,shape corporate culture,0.58
ux research,research design,0.58
how to reduce food waste,conduct research on food waste prevention,0.58
security risk classification,risk identification,0.58
- tableau-software,industrial software,0.58
digital marketing metrics,plan digital marketing,0.58
sas studio,assess studio production,0.579
cloud architecture,historic architecture,0.579
people development,trace people,0.579
designing fpga logic,logic,0.579
robotics,robotics,0.579
behavioral design patterns,test for behavioural patterns,0.578
distributed data processing,process data,0.578
case interview,interview techniques,0.578
organizational conflict,conflict management,0.578
basic programming concepts,apply basic programming skills,0.578
strategy implementation,implement transport strategy,0.577
process control,operate automated process control,0.577
dependency injection,dependency on drugs,0.577
80/20 rule of social media,social media management,0.577
life insurance,insurance law,0.576
cloud engineering,aerospace engineering,0.576
analog hardware,hardware industry,0.576
biology,biology,0.575
sensor manufacturing,manufacturing processes,0.575
practical applications in accounting,accounting,0.575
ai terminology,comprehend financial business terminology,0.575
privacy preservation,maintain privacy,0.575
python programming skills,apply basic programming skills,0.575
fraud investigation,fraud detection,0.575
relational databases (rdbms),database,0.575
graph algorithms,algorithms,0.575
leadership style,adapt leadership styles in healthcare,0.575
sorting algorithms,algorithms,0.574
financial aid management,financial management,0.574
data quality assessment,implement data quality processes,0.574
ui/ux design,design process,0.574
sql and python syntax,grammar,0.574
climate change,climate change impact,0.574
business planning,business processes,0.574
saving money,count money,0.574
camera calibration,cameras,0.574
ransac algorithm,algorithms,0.573
office processes,office software,0.573
iam policies,create insurance policies,0.573
github portfolios,review investment portfolios,0.573
systems security,oversee planning of security systems,0.573
chemistry,analytical chemistry,0.573
dashboard (business),business processes,0.573
sorting algorithm,algorithms,0.573
data replication,inspect data,0.572
regulation,licences regulation,0.572
supply planning,plan,0.572
aws data lakes,process data,0.572
agile communication,communication principles,0.571
search engine marketing,conduct search engine optimisation,0.571
audio processing,audio technology,0.571
health economics,economics,0.571
basis of accounting,accounting,0.571
people skills,trace people,0.57
greedy algorithms,algorithms,0.57
algorithm design,algorithms,0.57
visual arts,visual disability,0.57
cybersecurity risk management,apply risk management processes,0.57
plant,monitor plant production,0.569
customer analytics,data analytics,0.569
strategy interview,interview techniques,0.569
business analysis skills and knowledge,perform business analysis,0.568
priority queue,estimate repair priority,0.568
sql injection,tend injection moulding machine,0.568
greedy algorithm,algorithms,0.568
gibbs sampling,perform sample testing,0.567
budget,manage a healthcare unit budget,0.567
academic writing,academic English,0.567
cloud migration,migration,0.567
fetching data,process data,0.567
strategy,plan marketing strategy,0.567
portfolio optimization,manage portfolio,0.567
activation metrics,manage project metrics,0.566
healthcare leadership,adapt leadership styles in healthcare,0.566
cost,assess operating cost,0.566
software testing,industrial software,0.566
portfolio websites,manage portfolio,0.566
data splitting,use stone splitting techniques,0.566
learning to learn,demonstrate willingness to learn,0.566
consumer neuroscience,consumer protection,0.566
test automation,design automation components,0.565
entrepreneurial finance,show entrepreneurial spirit,0.565
guitar performance,conduct performance tests,0.565
health research,conduct health related research,0.565
hydrogen,operate hydrogen extraction equipment,0.565
security management,security engineering,0.565
advertising effectiveness evaluation,advertising techniques,0.565
dei strategy,plan marketing strategy,0.564
character strengths and virtues,assess character,0.564
virtual class,create a product's virtual model,0.564
machine learning interpretation,machine learning,0.563
information science,provide information,0.563
accounts receivable management,follow up accounts receivables,0.563
multitier architecture,historic architecture,0.563
risk mitigation,manage currency exchange risk mitigation techniques,0.563
agile metrics,manage project metrics,0.563
delete from oracle sql databases,search databases,0.563
azure log analytics,data analytics,0.563
customer willingness to pay,demonstrate willingness to learn,0.562
management consulting,use consulting techniques,0.562
affinity mapping,collect mapping data,0.561
set up a youtube channel,channel marketing,0.561
technical support,technical terminology,0.561
distribution strategies,manage distribution channels,0.561
geology,geology,0.56
data ingestion,inspect data,0.56
positive personality,theories of personality,0.56
reading,lip reading,0.56
information technology (it) management,computer technology,0.56
privilege escalation and evasion,perform escalation procedure,0.56
u.s. securities and exchange commission,securities,0.559
kubernetes security,security threats,0.559
digital transformation in fashion,trends in fashion,0.559
health psychology,school psychology,0.559
growth loops,strive for company growth,0.559
building relationships,build business relationships,0.559
network security,security engineering,0.559
distribution and logistics,manage logistics,0.559
cybersecurity planning,plan,0.559
marketing kpis,execute marketing plan,0.559
automated machine learning,machine learning,0.559
bioinformatics algorithms,algorithms,0.558
analisis data,process data,0.558
resource management,human resource management,0.558
medical software,industrial software,0.557
graph theory,game theory,0.557
machine learning model lifecycle,machine learning,0.557
public health interventions,address public health issues,0.557
data-drive decision making,participatory decision-making,0.557
molecular biology,molecular biology,0.557
cloud-based machine learning,machine learning,0.556
ai strategy,plan marketing strategy,0.556
social media analytics,social media marketing techniques,0.556
fiction writing,writing techniques,0.556
pembersihan data,process data,0.556
science literacy,teach digital literacy,0.555
lean manufacturing,manufacturing processes,0.555
smart contract,implement smart contracts,0.555
ml pipelines and ml operations (mlops),repair pipelines,0.555
random forest,forest conservation,0.555
online education,education law,0.555
a* search algorithm,algorithms,0.554
using qualitative and quantitative data analysis approaches,quantitative analysis,0.554
search algorithm,algorithms,0.554
3d printing,printing techniques,0.554
data breach,process data,0.554
spreadsheet software,use spreadsheets software,0.554
gantt charts,loading charts for transportation of goods,0.554
search engine marketing (sem) strategy,plan marketing strategy,0.554
visual analytics,data analytics,0.554
computer architecture,historic architecture,0.554
financial privacy regulations,maintain privacy,0.554
social media advertising,social media marketing techniques,0.554
security analyst,security threats,0.553
swot analysis,perform data analysis,0.553
software design,CAD software,0.553
binary data,process data,0.553
user experience (ux),manage the customer experience,0.553
social psychology,school psychology,0.553
spring boot,types of spring,0.553
search algorithms,algorithms,0.553
transparency,ensure information transparency,0.553
containers,types of containers,0.553
performance measurement,conduct performance measurement,0.552
statistics,medical statistics,0.552
mathematical optimization,mathematical modelling,0.552
leveraging technology,computer technology,0.552
flight mechanics,mechanics,0.552
database optimization,maintain freelance database,0.552
fluid mechanics,fluid mechanics,0.552
graphs algorithms,algorithms,0.552
use case,legal case management,0.551
architecture diagramming,historic architecture,0.551
r programmin language,body language,0.551
logistic regression,analyse logistic changes,0.551
database architecture,maintain freelance database,0.55
corporate bond,corporate law,0.55
botanical safety,safety engineering,0.55
financial analysis,financial analysis,0.55
engineering management,aerospace engineering,0.55
aplikasi spreadsheet,use spreadsheets software,0.549
business applications,business processes,0.549
alcatel business communications,business communication,0.549
building community,build community relations,0.549
ai transparency,ensure information transparency,0.549
microsoft azure,use microsoft office,0.549
competitor pricing models,prepare cost-plus pricing models,0.549
technical literacy,teach digital literacy,0.549
aws glue,remove excess glue,0.549
api testing,use testing equipment,0.548
choose social media platforms and tools,social media marketing techniques,0.548
decentralized applications,analyse decentralised applications,0.548
active learning,use learning strategies,0.548
agregasi data,process data,0.548
open source,manage open publications,0.548
digital channel planning,channel marketing,0.548
chinese language,Chinese,0.548
terrorism studies,identify terrorism threats,0.547
algorithms on strings,algorithms,0.547
search engine ad ranking,conduct search engine optimisation,0.547
address mechanics,mechanics,0.547
media literacy,teach digital literacy,0.547
pengumpulan data,process data,0.547
data anonymization,inspect data,0.547
business ethics,data ethics,0.546
hardware description language (hdl),hardware industry,0.546
immutable data,gather data,0.546
gans alternatives,persuade clients with alternatives,0.546
lookup table,operate table saw,0.546
reinforcement learning,learning difficulties,0.546
engineering manager interviews,give interviews to media,0.546
brand architecture,historic architecture,0.546
psychological issues,conduct psychological research,0.546
business marketing,business processes,0.546
presentation design,prepare presentation material,0.545
django template language,body language,0.545
working principles of a camera,cameras,0.545
machine learning use cases,machine learning,0.545
financial services,financial capability,0.545
tactics,devise military tactics,0.544
accounting for liabilities and equity,accounting,0.544
data cleaning,cleaning techniques,0.544
visualisasi data (dataviz),process data,0.544
process improvement,analyse production processes for improvement,0.544
sensor fusion,maintain sensor equipment,0.543
training and development,industrial research and development,0.543
software architecture,historic architecture,0.543
r programming,program firmware,0.543
cognitive science,cognitive psychology,0.543
analyze metrics,manage project metrics,0.543
fx trading,trading law,0.543
data querying,process data,0.543
open banking,banking activities,0.543
control flow,control air flow,0.543
trading,trading law,0.543
data storytelling,process data,0.543
software quality,industrial software,0.543
object binding,bind wire,0.543
engagement,apply customer engagement strategy,0.543
fashion merchandising,trends in fashion,0.543
business psychology,school psychology,0.542
randomized algorithm,algorithms,0.542
osint tools,plumbing tools,0.542
data schemas,process data,0.542
azure blob storage,organise storage facilities,0.542
model calibration,develop calibration procedures,0.542
construction management,construction methods,0.541
inacsl standards,quality standards,0.541
creating metrics,manage project metrics,0.541
transfer learning,risk transfer,0.54
machine learning classification,machine learning,0.54
data pre-processing,process data,0.54
python tools,plumbing tools,0.54
data fluency,process data,0.54
communication design,communication principles,0.54
psychiatry,psychiatry,0.54
data scraping,process data,0.54
task analysis (define elements of a data analysis and/or communication problem),perform data analysis,0.54
probabilistic path planning,plan,0.539
data transmission,transmission technology,0.539
information technology planning,computer technology,0.539
computer forensics,use technology for forensics,0.539
interactive storytelling,interactive media,0.539
familiarise with the essentials of market research,perform market research,0.539
technical debt management,debt systems,0.538
advanced vizualisation,apply advanced manufacturing,0.538
heap memory,use geographic memory,0.538
business processes and requirements,analyse business processes,0.538
population health,public health,0.538
foreign keys,cut keys,0.538
basic algorithms,algorithms,0.538
experiment,perform chemical experiments,0.538
change planning,plan,0.538
english grammar,English,0.537
product proposals,write research proposals,0.537
application development,development delays,0.537
extraction,operate gas extraction equipment,0.537
sql operations,monitor machine operations,0.537
application of financial statistics and probability,develop financial statistics reports,0.537
clinical data management,manage clinical risk,0.537
testing automation,design automation components,0.537
digital forensics,use technology for forensics,0.537
data pipeline maintenance,prevent pipeline deterioration,0.537
automation testing,design automation components,0.537
docker security,security threats,0.537
healthcare data,manage healthcare users' data,0.537
music education,education law,0.536
data visualization (dataviz),inspect data,0.536
schedule (project management),perform project management,0.536
performance management,conduct performance tests,0.536
typescript syntax,grammar,0.536
string (computer science),computer science,0.535
beta testing,use testing equipment,0.535
scrum boards,design circuit boards,0.535
project planning,plan,0.535
design theory,game theory,0.534
child privacy regulations,maintain privacy,0.534
ecology,ecology,0.534
data validation,inspect data,0.534
music business,business processes,0.533
wireless security,security threats,0.533
healthcare privacy regulations,maintain privacy,0.532
executive presentation,prepare presentation material,0.532
blockchain (database),maintain freelance database,0.532
sound design,supervise sound production,0.532
control flow in r,control air flow,0.532
android studio,assess studio production,0.532
management theory,game theory,0.532
divide and conquer algorithms,algorithms,0.532
mechanics of compound and aave,bicycle mechanics,0.532
algorithmic trading,algorithms,0.532
gap analysis,perform data analysis,0.532
sas visual analytics,data analytics,0.532
javascript syntax,grammar,0.532
ratio analysis,perform data analysis,0.531
operating system security,install operating system,0.531
inventory costing methods,inventory management rules,0.531
electric vehicles,drive vehicles,0.53
building teams,build team spirit,0.53
law,trading law,0.53
genetic analysis,evaluate genetic data,0.53
azure cognitive services,cognitive psychology,0.53
methodology,monitor the conformance to the project methodology,0.53
social engineering,aerospace engineering,0.53
data versioning,process data,0.53
it career,provide career counselling,0.53
spreadsheet management,use spreadsheets software,0.53
mortgage,mortgage loans,0.53
quality measures,manage quality,0.53
network architecture,historic architecture,0.529
design for manufacturing,manufacturing processes,0.529
data security,security threats,0.529
analysis of algorithms,algorithms,0.529
email writing,execute email marketing,0.529
gcp infrastructure,prevent damage to utility infrastructure,0.528
notation,musical notation,0.528
machine learning dataset fundamentals,machine learning,0.528
estimation interview,interview techniques,0.528
c programming,program firmware,0.528
machine learning ops troubleshooting,perform ICT troubleshooting,0.528
retirement,types of pensions,0.528
identity management (idm),outline blockchain-based identity management,0.528
computer vision,develop computer vision system,0.527
file shortcut,type of file,0.527
allergy/asthma,allergies,0.527
portfolio construction and analysis,manage portfolio,0.527
learning from failure,use learning strategies,0.527
web development,development delays,0.527
pie charts,loading charts for transportation of goods,0.527
customer psychology,school psychology,0.527
access management,monitor guest access,0.526
fashion avatar creation,trends in fashion,0.526
hardware/software setup,hardware industry,0.526
remote work,remote sensing techniques,0.526
using video meetings to communicate,fix meetings,0.526
statistical regression,carry out statistical forecasts,0.526
workplace inclusion,workplace sanitation,0.525
engaging others with storytelling,assess others feelings,0.525
option terminology,comprehend financial business terminology,0.525
medicine,medicines,0.525
concept drift,develop a pedagogical concept,0.525
performance appraisal,provide feedback on job performance,0.525
allergy/asthma.,allergies,0.525
finance metrics,manage project metrics,0.525
educational entertainment,develop entertainment programmes,0.525
music,music and video industry,0.525
email list segmentation,customer segmentation,0.525
programmable logic design,programmable logic controller,0.525
3d fashion design,trends in fashion,0.525
data privacy fundamentals,maintain privacy,0.525
azure cognitive search,cognitive psychology,0.524
non-relational data,database,0.524
blockchain mechanics,blockchain applications,0.524
python testing,use testing equipment,0.524
foreign policy,foreign affairs policy development,0.524
business solutions,business processes,0.524
virtual machine,create a product's virtual model,0.524
business value,business processes,0.524
agile methodologies,customise project methodologies,0.524
circuit design,design circuits using CAD,0.524
risk aversion,risk identification,0.524
perimeter security,security threats,0.524
sales metrics,manage project metrics,0.523
estate planning,plan,0.523
corporate branding,corporate law,0.523
presenting to stakeholders,negotiate with stakeholders,0.523
practical demos,supervise practical courses,0.523
applied mathematics,mathematics,0.523
threats to cybersecurity,identify security threats,0.523
data architecture fluency,historic architecture,0.523
consumer behaviour,consumer protection,0.523
search algorithms in c++,algorithms,0.523
midi programming,program firmware,0.522
public health surveillance,address public health issues,0.522
debt management plan,debt systems,0.522
statistical methods for process and product improvement,apply control process statistical methods,0.522
data management,product data management,0.522
spring data,types of spring,0.522
sales development,development delays,0.522
sentiment with neural nets,artificial neural networks,0.522
psychological first aid,teach first aid principles,0.522
spring data jpa,types of spring,0.522
network security with azure,security engineering,0.522
information engineering,provide information,0.522
material design,inspect material,0.521
bond analysis,perform data analysis,0.521
servant leadership,adapt leadership styles in healthcare,0.521
psoc programming,program firmware,0.521
seo audits,conduct financial audits,0.521
video production,watch video and motion picture production products,0.521
customer development,development delays,0.521
international law,international business,0.521
positive psychology,cognitive psychology,0.52
big visible,analyse big data,0.52
sensor architecture,historic architecture,0.52
child care,child protection,0.52
real estate,real estate market,0.52
marketing metrics,manage project metrics,0.52
industry 4.0,fishing industry,0.52
identify capital resources,manage resources,0.52
survey design,survey techniques,0.52
corporate accouting,corporate law,0.519
dupont analysis,perform data analysis,0.519
saving,develop energy saving concepts,0.519
dei program assessment,assessment processes,0.519
agile leadership,adapt leadership styles in healthcare,0.518
blockchain transactions,blockchain applications,0.518
software metrics,manage project metrics,0.518
static analysis,perform data analysis,0.518
recurrent neural network,artificial neural networks,0.518
java tools,plumbing tools,0.518
patch management,apply change management,0.518
issue trees,climb trees,0.518
evaluation,perform sensory evaluation of food products,0.518
tableau data pane,process data,0.517
personal advertisement,examine advertisement layout,0.517
business focus,business processes,0.517
demand management,forecast products' demand,0.516
loops in studio,assess studio production,0.516
meta-analysis,perform data analysis,0.516
monitoring,monitor production developments,0.516
growth strategy,strive for company growth,0.516
hospitality management studies,teach hospitality principles,0.516
image generation,image recognition,0.516
data clustering algorithms,algorithms,0.516
work management,apply change management,0.516
market impact,market analysis,0.516
ros ekf package,test package,0.516
marketing process,marketing mix,0.516
software application development,industrial software,0.516
product iteration planning,plan,0.515
design leadership,adapt leadership styles in healthcare,0.515
sensible shopping,perform mystery shopping,0.515
stress,manage stress in the work place,0.515
disease surveillance,handle surveillance equipment,0.515
future forecasting,forecast future levels of business,0.515
growth strategies,strive for company growth,0.515
azure resource manager,perform resource planning,0.515
finance,advise on public finance,0.515
simple algorithm,algorithms,0.515
fraud detection,fraud detection,0.515
essay writing,writing techniques,0.514
motion planning,plan,0.514
planning & instruction,plan,0.514
input actions automation,design automation components,0.514
working with others,assess others feelings,0.514
data augmentation,inspect data,0.514
environment mapping,collect mapping data,0.514
social listening,listen actively,0.514
logic programming,logic,0.513
automated testing,operate automated process control,0.513
decision support system,consult student's support system,0.513
long short term memory (lstm),implement short term objectives,0.513
machine learning applied to finance,machine learning,0.512
recommender systems,mechanical systems,0.512
website performance optimization,manage website,0.512
asset allocation,perform account allocation,0.512
window functions,set window,0.512
data privacy governance,maintain privacy,0.512
security assessment,assessment processes,0.512
data minimization,inspect data,0.512
positive education,education law,0.512
and column charts,loading charts for transportation of goods,0.511
private blockchain,blockchain applications,0.511
performance attribution,conduct performance tests,0.511
etl & data pipelines,repair pipelines,0.511
technology strategy,computer technology,0.511
technical feasibility evaluation,execute feasibility study,0.511
sustainable business,advise on sustainable management policies,0.511
salesforce sales cloud,achieve sales targets,0.51
digital fashion design,trends in fashion,0.51
child psychology,school psychology,0.51
change control,adapt to change,0.51
trust in relationships,build trust,0.51
prepare data,process data,0.509
implementation of data science techniques in investment decisions,make investment decisions,0.509
leadership & management,adapt leadership styles in healthcare,0.509
environmental economics,economics,0.509
leading teams,lead a team,0.509
financial technology,financial capability,0.509
automated machine learning (automl),machine learning,0.509
global marketing,integrate marketing strategies with the global strategy,0.509
gun violence epidemiology,epidemiology,0.509
business cycle,business processes,0.509
organizational structure,organisational structure,0.509
data pipeline dags,prevent pipeline deterioration,0.509
facilitating group meetings,fix meetings,0.508
pricing economics,economics,0.508
cancer treatment,report the results of treatment,0.508
option pricing and risk management,apply risk management processes,0.508
product strategy business context,business strategy concepts,0.508
networking basics,ICT networking hardware,0.508
binary classification,fish identification and classification,0.508
sensor calibration,develop calibration procedures,0.508
continuous development,undertake continuous professional development in social work,0.507
file management,type of file,0.507
product requirements documents,oversee production requirements,0.507
overfitting prevention,fire prevention procedures,0.507
python programming,program firmware,0.507
data privacy classification,maintain privacy,0.506
networking/cybersecurity essentials,ICT networking hardware,0.506
privacy and security,maintain privacy,0.506
system administration,perform clerical duties,0.506
decision trees,climb trees,0.506
data storage,organise storage facilities,0.506
prioritized experience replay,manage the customer experience,0.506
health system analysis,health care system,0.506
zero trust algorithms,algorithms,0.506
clinical experience,manage the customer experience,0.505
career fulfillment,provide career counselling,0.505
sql window functions,set window,0.504
film and televison writing,film studies,0.504
data serialization,inspect data,0.504
presentation skills,prepare presentation material,0.504
business modeling,business processes,0.504
microservices security,security threats,0.504
emergency medicine,manage emergency procedures,0.504
pressure and force sensors,test sensors,0.504
azure ml platform,construct working platform,0.504
react router,maintain router machinery,0.504
machine learning pipeline creation,machine learning,0.504
tech leadership,adapt leadership styles in healthcare,0.503
data visualization,inspect data,0.503
compensation analysis,perform data analysis,0.503
sales presentation,prepare presentation material,0.503
product development,development delays,0.503
theory of relativity,probability theory,0.502
data lake management,manage quantitative data,0.502
vulnerability assessment,assessment processes,0.502
google analytics,data analytics,0.502
algorithmic efficiency,algorithms,0.502
communications management,develop communications strategies,0.502
swift programming,program firmware,0.502
data normalization,inspect data,0.501
career development,provide career counselling,0.501
biological neuron model,collect biological data,0.501
strategic sourcing,strategic planning,0.501
earth economics,economics,0.501
dynamical systems,mechanical systems,0.501
app behaviors and automation,design automation components,0.501
cluster sampling,perform sample testing,0.501
energy storage,energy storage systems,0.501
software requirements,industrial software,0.501
basic spreadsheet use,use spreadsheets software,0.501
cultural learning,learning difficulties,0.5
data deserialization,inspect data,0.5
regional privacy regulations,maintain privacy,0.5
data aggregation,inspect data,0.5
microservices architecture design,historic architecture,0.5
managing machine learning production systems,machine learning,0.5
bond valuation,perform stock valuation,0.5
healthcare,manage healthcare staff,0.5
ai for 2d medical imaging,medical imaging technology,0.5
cloud storage,organise storage facilities,0.5
accounting concepts and measurement,accounting,0.5
gan evaluation,perform sensory evaluation of food products,0.5
estimation,state estimation,0.499
sequences,create new fight sequences,0.499
budget management,manage a healthcare unit budget,0.499
create,create a financial plan,0.499
sentiment analysis,perform data analysis,0.499
leadership and financial risk estimation and management,manage financial risk,0.499
teaching method,advise on teaching methods,0.499
implement azure security,security threats,0.499
technology gap analysis,computer technology,0.499
java testing,use testing equipment,0.499
probability,probability theory,0.499
data parallelism,process data,0.499
zero trust pillars,build trust,0.499
test case,legal case management,0.498
marketing de contenidos,evaluate marketing content,0.498
persona (user experience),manage the customer experience,0.497
clinical development,development delays,0.497
interactive visualization,interactive media,0.497
customer satisfaction,measure customer feedback,0.497
community health,communicate with target community,0.497
information design,provide information,0.497
plan a social media advertising strategy,social media marketing techniques,0.497
conjoint analysis,perform data analysis,0.497
customer retention,process customer orders,0.496
risk measurements,draw up artists' measurements,0.496
decentralization algorithms,algorithms,0.496
sheets,handle broken glass sheets,0.496
digital design,create digital images,0.496
promotional mix,develop promotional tools,0.496
understand operational risk scenario analysis,perform risk analysis,0.496
machine learning (ml) algorithms,machine learning,0.496
music recording,plan audiovisual recording,0.495
indigenous studies,communication studies,0.495
cognos analytics,data analytics,0.495
spreadsheet functions,use spreadsheets software,0.495
test preparation,direct the preparation of food,0.495
data integration,"data extraction, transformation and loading tools",0.495
convolutional neural network,artificial neural networks,0.495
payment processing,process payments,0.495
linear editing,perform image editing,0.495
food marketing,marketing mix,0.495
online teacher,provide teacher support,0.495
communication strategy,communication principles,0.495
design thinking,design thinking,0.494
programming interview,interview techniques,0.494
electronic health records,electronic communication,0.494
data privacy best practices,maintain privacy,0.494
service agreements,inform on renting agreements,0.494
markov random field,conduct field work,0.494
spring cloud,types of spring,0.494
model training,organise training,0.493
innovation,promote open innovation in research,0.493
data warehouse architecture,clean warehouse,0.493
object detection and segmentation,customer segmentation,0.493
strategic negotiations,strategic planning,0.493
basic python syntax,grammar,0.493
financial trading,financial capability,0.493
java programming,program firmware,0.493
cloud platforms,construct working platform,0.492
computing,scientific computing,0.492
deployment pipelines,repair pipelines,0.492
exit strategy,develop investigation strategy,0.492
marketing en redes sociales,apply social media marketing,0.492
azure resource groups,perform resource planning,0.492
information assurance,provide information,0.492
managing accounts receivable and accounts payable with blockchain,follow up accounts receivables,0.492
test environments,work in cold environments,0.492
demand planning and forecasting,forecast products' demand,0.492
define leadership,adapt leadership styles in healthcare,0.491
project team,build team spirit,0.491
strategic leadership,strategic planning,0.491
project risk mitigation,manage currency exchange risk mitigation techniques,0.491
configuration management,project configuration management,0.491
mechanics of futures market,bicycle mechanics,0.491
leadership development,adapt leadership styles in healthcare,0.491
radar clutter thresholding,operate radar equipment,0.491
live looping,give live presentation,0.491
onboarding preparation,direct the preparation of food,0.491
creative writing,organise creative performance,0.491
it security analyst,security threats,0.491
user experience design (uxd),manage the customer experience,0.491
music production,control production,0.49
apperance matching,use color matching techniques,0.49
develop your leadership philosophy,teach philosophy,0.49
classification algorithms,algorithms,0.49
app version management,apply change management,0.49
computational neuroscience,scientific computing,0.49
listening skills,listen actively,0.49
continuous random variables,continuous improvement philosophies,0.49
security devices,security threats,0.49
omnichannel processes,manage processes,0.49
pedagogy,pedagogy,0.49
testing in python,use testing equipment,0.489
cohort analysis,perform data analysis,0.489
set up advertising on facebook and instagram,advertising techniques,0.489
market efficiency,advise on efficiency improvements,0.489
bayesian networks,build networks,0.489
digital leadership,adapt leadership styles in healthcare,0.489
project scoping,organise project meetings,0.489
demand planning,forecast products' demand,0.489
cognitive bias,cognitive psychology,0.489
investment management,make investment decisions,0.489
supply and demand,forecast products' demand,0.489
credit technology,computer technology,0.489
spatial analysis,have spatial awareness,0.489
information extraction,provide information,0.489
hybrid multicloud,hybrid control systems,0.489
process mining,data mining methods,0.489
types of data,statistics,0.488
staff management,develop staff,0.488
application security,investigate social security applications,0.488
social activism,social sciences,0.488
data virtualization,inspect data,0.487
brand communication,communication principles,0.487
kernel programming,program firmware,0.487
cloud security in azure,security threats,0.487
semantics,semantics,0.487
bayesian network,develop professional network,0.487
map,read maps,0.487
first order logic,logic,0.487
electronic digital instrument,calibrate electronic instruments,0.487
behavioral market segmentation,customer segmentation,0.486
pid control,design control systems,0.486
cluster analysis,perform data analysis,0.486
tableau interactive dashboards,interactive media,0.485
peer-to-peer lending,peer group methods,0.485
cost estimate,assess operating cost,0.485
project management skills and knowledge,perform project management,0.485
data preparation,direct the preparation of food,0.485
brand equity,manage brand assets,0.485
performance technique,conduct performance tests,0.485
assist in leading your organization to change management,apply change management,0.485
control flow in python,control air flow,0.485
discrete mathematics,mathematics,0.485
brand engagement,supervise brand management,0.484
social skills,support social service users in skills management,0.484
continuous integration and continuous deployment (ci/cd),continuous improvement philosophies,0.484
mobile app testing,conduct mobile marketing,0.484
data streaming schemas,process data,0.484
data privacy checklists,maintain privacy,0.484
governance,government representation,0.484
drone flight control,prepare flight reports,0.484
metric learning,use learning strategies,0.484
digital signature,digital systems,0.484
bayesian statistics,develop financial statistics reports,0.483
consensus algorithms,algorithms,0.483
human-in-the-loop pipelines,repair pipelines,0.483
strategic mindset,strategic planning,0.483
health equity research,conduct health related research,0.483
forecasting,use sales forecasting softwares,0.483
cloud security in aws,security threats,0.483
image caption generation,image recognition,0.483
video processing,operate video equipment,0.483
credit risk measurement and management,apply credit risk policy,0.483
inventory and transportation,coordinate transportation,0.483
medical imaging basics,medical imaging technology,0.483
concept art,develop a pedagogical concept,0.483
3d reconstruction,3D modelling,0.482
azure pricing calculator,pricing strategies,0.482
learning how to learn,demonstrate willingness to learn,0.482
accounts receivable and cash receipts,follow up accounts receivables,0.482
corporate finance,corporate law,0.482
school health,school psychology,0.482
proposal writing,write charity grant proposals,0.482
share and promote social content,promote social change,0.482
clinical research,manage clinical risk,0.482
project charter,organise project meetings,0.482
machine learning engineering for production,machine learning,0.481
robot operating system,install operating system,0.481
machine learning experiment tracking,machine learning,0.481
project operations,organise project meetings,0.481
linear programming (lp),program firmware,0.481
product financial metrics,manage project metrics,0.48
python data types,process data,0.48
intersectional analysis,financial analysis,0.48
image classification,fish identification and classification,0.48
scala programming,program firmware,0.48
health policy,advise on tax policy,0.48
algebra,algebra,0.48
information technology (it) architecture,computer technology,0.48
cloud security fluency,security threats,0.48
static timing analysis,perform data analysis,0.48
medical conditions,neurology,0.48
ear training,organise training,0.48
wind energy,energy market,0.479
console applications,investigate social security applications,0.479
constitution,constitutional law,0.479
product monetization metrics,manage project metrics,0.479
customer outreach,process customer orders,0.479
product design interview,interview techniques,0.479
python best practices,system backup best practice,0.479
reflective listening,listen actively,0.479
data structures,examine civil structures,0.478
design systems,apply systemic design thinking,0.478
replicating strategy,plan marketing strategy,0.478
r data structures,examine civil structures,0.478
automated planning and scheduling,assist in planning production scheduling,0.478
site reliability engineering (sre),assess reliability of data,0.478
site reliability engineering,assess reliability of data,0.478
optimization algorithms,algorithms,0.478
ai governance,government representation,0.478
cloud infrastructure,prevent damage to utility infrastructure,0.478
planning & instructing,plan,0.478
organisational alignment,organisational structure,0.478
ai business context,business processes,0.478
time value of money,count money,0.478
c++ data types,process data,0.477
fx case study,legal case management,0.477
microsoft word,use microsoft office,0.477
objects,illegal substances,0.477
intelligent systems,mechanical systems,0.477
digital health,digital systems,0.477
food mindfulness,food colorants,0.477
mechanical design,mechanical clocks,0.477
organisational leadership,organisational structure,0.477
interpreting phylogenetic trees,interpreting modes,0.477
case study,legal case management,0.477
describe an analytics workload on azure,forecast workload,0.477
azure app service,monitor customer service,0.477
vital signs,recognise signs of corrosion,0.477
influencer marketing,execute marketing plan,0.476
scrum methodology,monitor the conformance to the project methodology,0.476
create a forecast,forecast dividend trends,0.476
technology leadership,adapt leadership styles in healthcare,0.476
search marketing,marketing mix,0.476
healthcare quality,manage quality,0.476
fashion e-commerce,trends in fashion,0.476
energy projects,energy market,0.476
graphical model,interpret graphical communication interfaces,0.476
4. develop communication processes during change management planning,apply change management,0.476
software metric,industrial software,0.476
manage azure resources for machine learning,machine learning,0.476
privacy by design framework,maintain privacy,0.476
food science,data science,0.475
world markets,financial markets,0.475
market-based pricing,pricing strategies,0.475
imagery analysis,perform data analysis,0.475
machine learning pipeline fundamentals,machine learning,0.475
startup company,apply company policies,0.475
neural network basics,artificial neural networks,0.475
image-to-image translation,image recognition,0.475
blockchain platforms,blockchain applications,0.475
alpha research,research design,0.475
cloud migration strategy,migration,0.475
security principles,security threats,0.475
network protocols,create safe working protocols,0.474
statistical model,carry out statistical forecasts,0.474
column structure,manage event structure installation,0.474
energy audits,energy market,0.474
brand design,manage brand assets,0.474
mobile development,development delays,0.474
color theory,game theory,0.474
data calculations,perform surveying calculations,0.474
regression analysis,perform data analysis,0.474
product design,industrial design,0.474
learning disabilities,use learning strategies,0.474
categorical data visualization,inspect data,0.473
diversity and inclusion,promote inclusion,0.473
siamese networks,build networks,0.473
earnings management,apply change management,0.473
report building,inspect building systems,0.473
agile management,apply change management,0.472
basic coding,apply basic programming skills,0.472
occupational guidance,occupational therapy theories,0.472
implement responsible machine learning,machine learning,0.472
quality improvement,provide improvement strategies,0.472
drug regulations,communicate regulations,0.472
cancer biology,biology,0.472
probabilistic neural network,artificial neural networks,0.472
virtual coaching,create a product's virtual model,0.472
customer support,establish customer rapport,0.472
fda medical device framework,medical devices materials,0.472
gst law,trading law,0.471
graphic arts,graphic design,0.471
online learning,use learning strategies,0.471
scenario analysis,perform data analysis,0.471
continuous learning,continuous improvement philosophies,0.471
• agiles management,apply change management,0.471
access structure,monitor guest access,0.47
product research,industrial research and development,0.469
public health and wellness healthcare organization operations,address public health issues,0.469
financial modeling,financial capability,0.469
privileged identity management,outline blockchain-based identity management,0.469
abstract thinking,think abstractly,0.469
animated data visualizations,inspect data,0.469
sustainable fashion production,trends in fashion,0.469
personal branding,use personal protection equipment,0.469
parallel algorithm,algorithms,0.469
nlp models,design scale models,0.469
cost-based pricing,prepare cost-plus pricing models,0.469
aws management console,apply change management,0.469
numerical analysis,apply statistical analysis techniques,0.469
bioinformatics analysis,perform data analysis,0.469
tiktok video creation,operate video equipment,0.469
sample preparation,prepare samples for testing,0.469
referential transparency,ensure information transparency,0.468
angular components,fasten components,0.468
dictionary,use dictionaries,0.468
data pipeline design,prevent pipeline deterioration,0.468
case management,legal case management,0.468
risk treatment,report the results of treatment,0.468
model debugging and evaluation,perform contract reporting and evaluation,0.468
cloud management,apply change management,0.468
probability distribution,manage distribution channels,0.468
music theory,game theory,0.467
azure cognitive search indexers,cognitive psychology,0.467
client research and analysis,industrial research and development,0.467
python methods,funding methods,0.467
machine learning framework fundamentals,machine learning,0.467
policy development,development delays,0.467
email automation,design automation components,0.467
azure data services,process data,0.467
community change,communicate with target community,0.467
organization development,development delays,0.467
class activation maps,read maps,0.467
medical writing,medical devices,0.466
image filtering,image recognition,0.466
lasso (statistics),medical statistics,0.465
policy analysis,advise on tax policy,0.465
sustaining engagement,apply customer engagement strategy,0.465
fitness and nutrition,conduct nutrition research,0.465
behavioral interview,interview techniques,0.465
microsoft project,use microsoft office,0.464
healthcare management,manage healthcare staff,0.464
process analysis,perform data analysis,0.464
digital research,digital systems,0.464
animal behavior,behavioural science,0.464
writing tests,writing techniques,0.464
cost per acquisition,study acquisition of language,0.464
production environments,work in cold environments,0.464
video editing,operate video equipment,0.464
secure a kubernetes environment,"maintain a safe, hygienic and secure working environment",0.464
trade marketing,marketing mix,0.464
develop for azure storage,organise storage facilities,0.464
automated path planning,operate automated process control,0.464
mobile app styling,draft styling schedule,0.463
cybersecurity terminology,comprehend financial business terminology,0.463
sales management,achieve sales targets,0.463
spring security,types of spring,0.463
behavioral economics,economics,0.463
line charts,loading charts for transportation of goods,0.463
power & energy calculations,nuclear energy,0.463
user research planning,plan,0.462
markov games,sport games rules,0.462
experiment control,perform chemical experiments,0.462
experiment metrics,manage project metrics,0.462
data pipeline creation,prevent pipeline deterioration,0.462
sales operations,achieve sales targets,0.462
penetration testing,use testing equipment,0.462
computer memory architecture,historic architecture,0.462
data store,process data,0.462
java data types,process data,0.462
optical system specification,write specifications,0.462
image transformations,image recognition,0.462
aurally identify musical intervals,musical genres,0.461
wireless networks,build networks,0.461
reading a patent,create patent draft,0.461
azure event grid,carry out event management,0.461
digital trends,keep up with trends,0.461
reflection,personal reflection techniques based on feedback,0.461
app authoring and collaboration,authoring software,0.461
q-learning using financial problems,learning difficulties,0.461
linux file systems,type of file,0.461
growth metrics,strive for company growth,0.461
social capital,social sciences,0.461
fourier analysis,perform data analysis,0.461
cloud applications,investigate social security applications,0.461
know how to build and gaine genuine trust of customers that leads to lasting business relationships,build business relationships,0.461
spatial visualization,have spatial awareness,0.461
health insurance portability and accountability act (hipaa),process medical insurance claims,0.46
value stream mapping,collect mapping data,0.46
payment technology,computer technology,0.46
defining leadership,adapt leadership styles in healthcare,0.46
decision analysis,advise on legal decisions,0.459
n-gram language models,body language,0.459
understand how lithium-ion battery cells work and basic requirements of battery-management systems,battery components,0.459
credit analysis,examine credit ratings,0.458
trees (data structures),climb trees,0.458
cloud compliance,prepare compliance documents,0.458
neurology,neurology,0.458
scenario design,design process,0.458
software development,industrial software,0.458
quadrotor dynamics,thermodynamics,0.457
practice food mindfulness or mindful eating on a day-to-day basis.,collaborate in company's daily operations,0.457
web interactivty,web analytics,0.457
did framework,set quality assurance objectives,0.457
sports marketing,marketing mix,0.457
common law,common children's diseases,0.457
task management,manage schedule of tasks,0.457
interpreting test results,interpreting modes,0.457
machine learning system architectures,machine learning,0.457
cobol structure,manage event structure installation,0.457
web-based training,deliver online training,0.457
react native styling,draft styling schedule,0.457
customer journey mapping,collect mapping data,0.457
cloud architecture model types,historic architecture,0.457
innovation pipeline,prevent pipeline deterioration,0.457
virtual memory,create a product's virtual model,0.457
metadata management,manage content metadata,0.457
encryption algorithms,algorithms,0.456
music performance,conduct performance tests,0.456
product cost analysis,product usage risks analysis,0.456
long short-term memory (istm),implement short term objectives,0.456
reproducible research,research design,0.456
understand how climate change risks impact corporate decisions and company value,climate change impact,0.456
excel automation,design automation components,0.456
ethical leadership,adapt leadership styles in healthcare,0.455
supervision,work under supervision in care,0.455
visual studio code,visual disability,0.455
investment strategy,make investment decisions,0.455
usability testing,use testing equipment,0.455
constrained forecast,forecast dividend trends,0.455
statistical inference methods,apply control process statistical methods,0.454
investment technology,computer technology,0.454
marketing communications,develop communications strategies,0.454
relational data,database,0.454
financial innovation,financial capability,0.454
google analytics dashboards,data analytics,0.454
representational state transfer (rest),risk transfer,0.454
computer vision fluency,develop computer vision system,0.454
decentralized protocols,create safe working protocols,0.454
interviewing,interview techniques,0.453
understand operational risk key risk indicators (kris),risk identification,0.453
finance and accounting skills and knowledge,accounting techniques,0.453
gestion des parties prenantes,political parties,0.453
data loss prevention,fire prevention procedures,0.453
registration & reconciliation,organise event participants' registration,0.453
microsoft excel,use microsoft office,0.453
determine your leadership style,adapt leadership styles in healthcare,0.453
statistical thinking,carry out statistical forecasts,0.453
data generating process,process data,0.453
professional skills,show professional responsibility,0.452
foreign currency risk management,apply risk management processes,0.452
marketing by medium,printing media,0.452
bayesian probability,probability theory,0.452
statistical classification,fish identification and classification,0.452
enterprise software,industrial software,0.452
workflow of machine learning projects,machine learning,0.452
self-assessment,exercise self-reflection,0.452
model performance metrics,manage project metrics,0.452
freelancing platforms,construct working platform,0.452
watson (computer),add computer components,0.451
symmetric-key algorithm,algorithms,0.451
effective communication,communication principles,0.451
project sustainment,organise project meetings,0.451
culture organisationnelle,shape corporate culture,0.451
clinical simulation,computer simulation,0.451
cloud performance management,conduct performance tests,0.451
marketing performance,brand marketing techniques,0.451
facilitate psychological safety,conduct psychological research,0.451
pharmacy healthcare organization operations,pharmacy law,0.451
cybersecurity performance measurement,conduct performance measurement,0.451
control flow activities,control air flow,0.45
azure monitor,monitor gauge,0.45
machine learning model evaluation and optimization,machine learning,0.45
model building,inspect building systems,0.45
drug development,development delays,0.45
retirement savings,types of pensions,0.45
self-care,exercise self-control,0.45
embedded software,upgrade firmware,0.45
spring data repositories,types of spring,0.45
operations management,apply change management,0.45
product/market fit,market analysis,0.45
data model,process data,0.45
insert and modify oracle sql databases,search databases,0.449
smart investing,implement smart contracts,0.449
ethical ai,manage ethical issues within social services,0.449
design management,apply change management,0.449
cam,use CAM software,0.449
components of gans,optical components,0.449
web development tools,apply tools for content development,0.449
tax law,tax legislation,0.448
thread (computing),types of thread,0.448
sustainable eating,advise on sustainable management policies,0.448
python data type,process data,0.448
user research,research design,0.448
creating a culture,shape corporate culture,0.448
leadership and management,adapt leadership styles in healthcare,0.448
practical applications,supervise practical courses,0.448
backlog management,apply change management,0.447
symbols,algebra,0.447
python data structures,examine civil structures,0.447
behavioral psychology,school psychology,0.447
proficiency with makerdao,demonstrate proficiency in packaging standards,0.447
scale space,design scale models,0.447
deploy and operationalize machine learning solutions,machine learning,0.446
microsoft excel vba,use microsoft office,0.446
network security fundamentals,security engineering,0.446
health law,provide health education,0.446
fraud prevention,fraud detection,0.446
neural network architecture,historic architecture,0.446
technical program management,technical terminology,0.446
power bi,refractive power,0.446
digital strategy,digital systems,0.446
fairness indicators,track key performance indicators,0.446
recording observations,plan audiovisual recording,0.445
knowledge acquisition,study acquisition of language,0.445
applied creativity,stimulate creativity in the team,0.445
plant biology,biology,0.445
uninitialized memory bugs,use geographic memory,0.445
dynamic programming,program firmware,0.444
teaching and learning,use learning strategies,0.444
microservices architecture basics,historic architecture,0.444
computational fluid dynamics (cfd),computational fluid dynamics,0.444
sustainable energy,advise on sustainable management policies,0.444
dom events,plan events,0.444
creative skills,organise creative performance,0.443
stress management,manage stress in the work place,0.443
device programming,program firmware,0.443
cloud architecture proficiency,historic architecture,0.443
business transformation,business processes,0.443
display and video advertising strategy,advertising techniques,0.443
structured problem solving method,design thinking,0.443
continuous delivery,continuous improvement philosophies,0.443
markov decision processes,advise on legal decisions,0.442
automated planning heuristics,operate automated process control,0.442
product strategy,plan marketing strategy,0.442
staff engagement,apply customer engagement strategy,0.441
togaf framework,set quality assurance objectives,0.441
healthcare administration,perform clerical duties,0.441
api fluency testing,use testing equipment,0.441
valuation (finance),perform stock valuation,0.441
patient safety,safety engineering,0.441
build input data pipeline,prevent pipeline deterioration,0.441
social emotional,test for emotional patterns,0.441
product development cycle,manage packaging development cycle from concept to launch,0.441
continuous integration,continuous improvement philosophies,0.441
self-coaching,exercise self-control,0.441
process capability,assess employees' capability levels,0.441
secure network architecture design,historic architecture,0.441
decision tree,advise on legal decisions,0.441
design-thinking,design thinking,0.441
proof theory,game theory,0.441
corporate innovation,corporate law,0.441
text mining,data mining methods,0.44
web design,design web-based courses,0.44
data integrity (integritas data),process data,0.44
robotic process automation,robotic components,0.44
pm interviewing,interview techniques,0.44
customer awareness,promote environmental awareness,0.44
advanced data visualizations,apply advanced manufacturing,0.44
security auditing,security threats,0.44
security architecture fundamentals,historic architecture,0.44
migration and innovation,migration,0.44
image pre-processing,digital image processing,0.44
statistical sampling,perform sample testing,0.439
plan,create a financial plan,0.439
online teaching,advise on teaching methods,0.439
health practices,implement policy in healthcare practices,0.439
healthcare terminology,comprehend financial business terminology,0.439
health management,apply change management,0.439
product strategies,implement marketing strategies,0.439
teaching online,advise on teaching methods,0.439
legal research,legal research,0.439
summary statistics,develop financial statistics reports,0.439
real estate finance,real estate market,0.439
entity–relationship (e-r) model,relationship marketing,0.438
inferential statistics,develop financial statistics reports,0.438
develop a research proposal,write research proposals,0.438
filtering in google analytics,data analytics,0.438
dashboards and charts,loading charts for transportation of goods,0.438
design of experiments,perform chemical experiments,0.438
linear algebra,algebra,0.438
monetary policy,financial forecasting,0.438
trello software,industrial software,0.438
python package management,test package,0.438
update and delete,upgrade firmware,0.438
monetization strategy,develop investigation strategy,0.438
programming language,apply basic programming skills,0.437
programming principles,program firmware,0.437
create and maintain professional looking documents,maintain professional records,0.437
wellbeing,support children's wellbeing,0.437
cloud patch management,apply change management,0.437
marketing experiments,perform chemical experiments,0.437
cost control,assess operating cost,0.437
logs,maintain system logs,0.436
algorithmic problem solving,algorithms,0.436
metadata,manage content metadata,0.436
side-channel attack,channel marketing,0.436
designing experiments,perform chemical experiments,0.436
random forest models,forest conservation,0.436
sampling statistics,perform sample testing,0.436
disruptive innovation,promote open innovation in research,0.436
organizational behavior,behavioural science,0.435
cell biology,biology,0.435
sensor integration,maintain sensor equipment,0.435
communicating results,document analysis results,0.435
build and sustain a social media community,social media marketing techniques,0.435
blockchain as a business solution,blockchain applications,0.435
investment style,make investment decisions,0.435
present and quantify solutions to a prospect,create solutions to problems,0.435
force fields,centrifugal force,0.435
web hacking,web analytics,0.434
product kpis,product data management,0.434
core data,process data,0.434
long-short term memory networks,implement short term objectives,0.434
human-centered coaching,coaching techniques,0.434
business continuity,business processes,0.434
client engagement and communication,teach communication to clients,0.434
software design pattern,CAD software,0.434
data validation in spreadsheets,use spreadsheets software,0.434
conditional probability,probability theory,0.433
style sheets,writing style guides,0.433
web application development,development delays,0.433
data collection,statistics,0.433
expense control,control of expenses,0.433
disease,carry out fish disease prevention measures,0.433
getting and giving group feedback,manage feedback,0.433
compete on the internal market,internal auditing,0.433
acquisition & buy-outs,study acquisition of language,0.432
immutable data types,gather data,0.432
cyber-security regulation,security threats,0.432
investment fees,make investment decisions,0.432
infrastructure as a service,prevent damage to utility infrastructure,0.432
game programming,program firmware,0.432
data reporting,process data,0.432
advice for model development,development delays,0.432
data structure,process data,0.431
healthcare marketing,execute marketing plan,0.431
t5+bert models,design scale models,0.431
international humanitarian law,handle humanitarian response programs,0.431
cloud services,identify available services,0.431
parsing form data,process data,0.431
select (sql),select event providers,0.431
spring support for jpa,types of spring,0.431
hypertext transfer protocol (http),risk transfer,0.43
software design for softcore processors,CAD software,0.43
python syntax and semantics,grammar,0.43
organizational theory,game theory,0.43
requirements gathering,oversee production requirements,0.43
product success metrics,manage project metrics,0.43
collaborative filtering,develop a collaborative therapeutic relationship,0.43
enterprise system,manage production enterprise,0.429
develop team culture,manage a team,0.429
restful services,identify available services,0.429
collect primary and secondary data,primary care,0.429
project finance,organise project meetings,0.429
red hat enterprise linux,manage production enterprise,0.429
analyse des données,analyse data about clients,0.429
computer programs/algorithms,algorithms,0.429
performance techniques,conduct performance tests,0.428
using email to communicate,execute email marketing,0.428
software design and architecture,historic architecture,0.428
create an electronic composition,type on electronic devices,0.428
unit testing,test electronic units,0.428
handling objections,handling of dangerous goods,0.428
content calendars,compile content,0.427
cloud communication protocols,create safe working protocols,0.427
calculate operational risk capital,calculate dividends,0.427
java package management,test package,0.427
strategic hr leadership,strategic planning,0.427
serverless cloud computing architecture,historic architecture,0.426
data and data architecture strategy,process data,0.426
data recovery,manage disaster recovery plans,0.426
text mining methodologies,customise project methodologies,0.426
ibm cognos analytics,data analytics,0.426
sales strategy,achieve sales targets,0.426
immunology,clinical immunology,0.426
number theory,game theory,0.426
visionary leadership,adapt leadership styles in healthcare,0.426
multi-task learning,use learning strategies,0.426
model-view-viewmodel architecture,historic architecture,0.425
multi-class classification,fish identification and classification,0.425
theories of creativity,stimulate creativity in the team,0.425
speech,speech techniques,0.425
web scraping,web analytics,0.425
model-view-controller,install lift controller,0.425
microsoft powerpoint,use microsoft office,0.425
project valuation,perform stock valuation,0.425
creative thinking,design thinking,0.425
create and manage presentations,conduct public presentations,0.425
stack memory,use geographic memory,0.425
constraint satisfaction problems,identify problems,0.425
prototype,design prototypes,0.424
map analysis,perform data analysis,0.424
recruiting,recruit personnel,0.424
ml metadata,manage content metadata,0.424
set up a social media experience for a business,social media marketing techniques,0.424
google analytics metrics,data analytics,0.424
smart experiments,perform chemical experiments,0.424
version control,oversee quality control,0.424
contract negotiations,contract law,0.424
trial design,industrial design,0.424
maximizing productive team cultures,study cultures,0.423
corporate investments,corporate law,0.423
inversion of control,control engineering,0.423
time management,apply change management,0.423
planning for retirement,types of pensions,0.423
azure security center,security threats,0.423
p-value,estimate value of clocks,0.423
penetration test,test package,0.423
heuristic evaluation,perform sensory evaluation of food products,0.423
typescript typing,use free typing techniques,0.423
risk management: scenario and sensitivity analysis,apply risk management processes,0.422
pythonic design patterns,grade patterns for wearing apparel,0.422
elicitation techniques,use moulding techniques,0.422
zachman framework,set quality assurance objectives,0.422
leadership dynamics,adapt leadership styles in healthcare,0.422
multivariate testing,use testing equipment,0.422
infrastructure as code,prevent damage to utility infrastructure,0.422
data visualization in spreadsheets,use spreadsheets software,0.422
management styles,adapt leadership styles in healthcare,0.422
test-driven development,development delays,0.422
experiment design,perform chemical experiments,0.422
copyright,copyright legislation,0.422
new product development,development delays,0.422
markov model,analyse business model,0.422
content creation,compile content,0.422
copyright protection,copyright legislation,0.422
android development basics,development delays,0.422
flow network,develop professional network,0.421
microsoft excel macro,use microsoft office,0.421
clinical basics,manage clinical risk,0.421
web forms,fill out forms,0.421
user interface design (ui design),design process,0.421
value chain,supply chain management,0.421
market insights,market analysis,0.42
museums,document museum collection,0.42
natural language toolkit (nltk),body language,0.42
computer network,develop professional network,0.42
linear scheduling method,assist in planning production scheduling,0.42
software performance testing,conduct performance tests,0.42
neural style transfer,risk transfer,0.42
cybersecurity compliance,prepare compliance documents,0.42
recommendation engines,repair engines,0.42
project evaluation,organise project meetings,0.419
establishing needs,identify education needs,0.419
azure cognitive search queries,cognitive psychology,0.419
synthetic collateralised debt obligation (cdo),law of obligation,0.419
review management,apply change management,0.419
interpretation,interpret 3D plans,0.419
pro tools,plumbing tools,0.419
link building,inspect building systems,0.419
setting objectives,implement short term objectives,0.419
real analysis,perform data analysis,0.419
gis applications,investigate social security applications,0.419
investment management knowledge,manage business knowledge,0.419
setting financial goals,financial capability,0.418
interfaces,interpret graphical communication interfaces,0.418
cost estimation techniques,assess operating cost,0.418
writing test plans,writing techniques,0.418
data lifecycle management,manage quantitative data,0.418
basic statistics,medical statistics,0.418
plan implementation,support implementation of quality management systems,0.418
stream processing,monitor processing conditions,0.418
music editing,perform image editing,0.418
graph data structures,examine civil structures,0.418
it skills and knowledge,knowledge base,0.418
multi-agent training,organise training,0.417
demand and supply planning,forecast products' demand,0.417
trust maturity model,build trust,0.417
stride framework,set quality assurance objectives,0.417
innovation management,promote open innovation in research,0.417
community engagement,communicate with target community,0.416
expectation–maximization (em) algorithm,algorithms,0.416
visualizing data with altair,process data,0.416
probability interpretations,probability theory,0.416
1. understand the meaning of organizational change management and what leaders need to understand regarding the reasons for change,apply change management,0.416
network model,develop professional network,0.416
trend analysis,perform data analysis,0.416
child guidance,child protection,0.415
hr strategy,plan marketing strategy,0.415
customer churn rate,process customer orders,0.415
logistic regression for classification,fish identification and classification,0.415
on-demand fashion design,trends in fashion,0.415
no-code application development,development delays,0.415
dynamic memory allocation,perform account allocation,0.415
goals of care/acp,manage personal progression,0.415
option risks,identify risk of flooding,0.415
cybersecurity regulation,licences regulation,0.414
use navigation in your apps,operate radio navigation instruments,0.414
cybersecurity training strategies,organise training,0.414
data concepts,process data,0.414
task estimation,keep task records,0.414
music mixing,fill the mixing tank,0.414
information retrieval,provide information,0.414
information retrieval (ir),provide information,0.414
establishing trust,maintain the trust of service users,0.413
gender based analysis,gender studies,0.413
text analysis,perform data analysis,0.413
capabilities analysis,adapt teaching to student's capabilities,0.413
programming concepts,program firmware,0.413
administrative controls,direct event administrative details,0.413
copy editing,perform image editing,0.413
corporate governance,corporate law,0.412
infant,newborn care,0.412
implementation science,data science,0.412
front-end development,development delays,0.412
social-emotional learning,use learning strategies,0.412
symptom assessment,assessment processes,0.411
stakeholder management,negotiate with social service stakeholders,0.411
customer acquisition cost,study acquisition of language,0.411
custom training loops,organise training,0.411
it customer support,establish customer rapport,0.411
social emotional learning,use learning strategies,0.411
computational creativity,stimulate creativity in the team,0.411
softcore processor design,design process,0.41
pest analysis,perform PESTEL analysis,0.41
understand how lithium-ion battery cells work,battery components,0.41
cloud security strategy,security threats,0.41
general statistics,manage the general ledger,0.41
physical examination,assess physical conditions of clients,0.41
design a web application,design web-based courses,0.41
evidence synthesis,present evidence,0.41
deployment automation,design automation components,0.41
cultural intelligence,develop cultural activities,0.41
psychosocial support,provide psychological support to patients,0.41
pain management,apply change management,0.409
android software development,industrial software,0.409
natural language generation,body language,0.409
foreign exchange market (forex),stock market,0.409
service level agreements,inform on renting agreements,0.409
advanced deployment,apply advanced manufacturing,0.409
google analytics fundamentals,data analytics,0.409
object-relational mapping,collect mapping data,0.409
risk governance,government representation,0.409
legal liability,legal research,0.409
asking questions,use questioning techniques,0.409
forecast modeling in spreadsheets,use spreadsheets software,0.408
continuous deployment,continuous improvement philosophies,0.408
target personas,adapt teaching to target group,0.408
azure kubernetes service,monitor customer service,0.408
spring framework,types of spring,0.408
careers in software engineering,industrial software,0.408
execution environments,work in cold environments,0.408
inclusive leadership,adapt leadership styles in healthcare,0.408
test d’utilisabilité,test package,0.408
run-time analysis,perform data analysis,0.408
evaluation design,perform sensory evaluation of food products,0.408
vulnerability management,apply change management,0.407
flight dynamics,prepare flight reports,0.407
trading strategy,trading law,0.407
payment systems,set payment handling strategies,0.407
generate data protection regulation (gdpr),eye protection regulations,0.407
brainstorming,brainstorm ideas,0.407
statistical inference,carry out statistical forecasts,0.407
cybersecurity controls,set up machine controls,0.407
lifetime value,estimate value of clocks,0.406
premium value,estimate value of clocks,0.406
sample collection,perform sample testing,0.406
emergency medical technician,manage emergency procedures,0.406
data extraction,operate gas extraction equipment,0.406
ibm power systems,power electronics,0.406
price elasticity of demand,forecast products' demand,0.406
e-commerce platforms,construct working platform,0.406
effective written communication,communication principles,0.406
technical cybersecurity controls,technical terminology,0.406
appreciative inquiry,action research,0.406
anomaly detection,image recognition,0.406
feature engineering,data engineering,0.406
python string methods,funding methods,0.406
examining ideas,brainstorm ideas,0.406
product release planning,plan,0.406
financial planning (business),financial capability,0.405
music making,music and video industry,0.405
basic skills in exploring and communicating data,apply basic programming skills,0.405
software development process,industrial software,0.405
azure ml user management,apply change management,0.405
immune deficiency,immunology,0.405
web service,web analytics,0.405
agile governance,government representation,0.405
advance care planning,plan,0.405
understanding smart contract risk,implement smart contracts,0.405
azure cognitive search data import,cognitive psychology,0.404
currency pairs,manage currency exchange risk mitigation techniques,0.404
interaction (statistics),medical statistics,0.404
c++ (programming language),apply basic programming skills,0.404
robot,set up automotive robot,0.404
data visualization design,prepare visual data,0.404
reacting productively to conflicts,monitor political conflicts,0.404
formulate a scientific hypothesis,scientific modelling,0.404
personal strategy,use personal protection equipment,0.404
simulation for verification,computer simulation,0.404
exception handling,handling of dangerous goods,0.404
viral marketing,marketing mix,0.404
trade finance management,perform financial risk management in international trade,0.403
model performance analysis,conduct performance tests,0.403
basic probability,probability theory,0.403
social issues,influence policy makers on social service issues,0.403
web services,web analytics,0.403
wind energy engineering,aerospace engineering,0.403
personal finance,use personal protection equipment,0.403
establish coaching agreements,coaching techniques,0.403
data infrastructure basics,prevent damage to utility infrastructure,0.403
control flow in javascript,control air flow,0.403
establish needs and problems that needs solutions for a prospect,identify education needs,0.403
primality test,test package,0.403
computational biology,scientific computing,0.402
popular music,music and video industry,0.402
stakeholder analysis,negotiate with social service stakeholders,0.402
scrum (software development),development delays,0.402
reasoning,interpret mathematical information,0.402
guerilla design sprints,design process,0.402
leading subordinates effectively,supervise work,0.402
future value,forecast future levels of business,0.402
generative adversarial networks,build networks,0.401
computational phenotyping,scientific computing,0.401
team dynamics,thermodynamics,0.401
go-to-market strategy,plan marketing strategy,0.401
mandatory access control,monitor guest access,0.401
reactive programming,program firmware,0.401
customer value-based pricing,pricing strategies,0.401
sales and operations planning,plan,0.401
neurological disorders,identify learning disorders,0.401
clinical text mining,manage clinical risk,0.4
encryption algorithms and techniques,algorithms,0.4
bayesian game,demonstrate games,0.4
import data,process data,0.4
research methods,scientific research methodology,0.4
aws cost explorer,assess operating cost,0.4
assembling a successful team,manage a team,0.399
discovery-driven planning,plan,0.399
stakeholder communications,communicate with stakeholders,0.399
security governance,security threats,0.399
integrative healthcare,manage healthcare staff,0.399
iterative product design,industrial design,0.399
react design patterns,grade patterns for wearing apparel,0.398
machine translation,use translation memory software,0.398
depth-first search,measure water depth,0.398
physical controls,set up machine controls,0.398
functional programming,program firmware,0.398
virtual private network (vpn),create a product's virtual model,0.398
coding best practices,system backup best practice,0.397
data modeling,process data,0.397
cancer stem cells,fuel cell types,0.397
cloud hardening strategy,plan marketing strategy,0.397
cloud computing,scientific computing,0.397
designing test benches,design integrated circuits,0.397
shopping for and storing produce with sustainability in mind,promote sustainability,0.397
industry analysis,fishing industry,0.397
win-win game,demonstrate games,0.397
systems thinking,mechanical systems,0.397
job preparedness,attend to detail in preparation for audits,0.397
network traffic capture,traffic signs,0.397
systems and design thinking,apply systemic design thinking,0.397
general data protection regulation (gdpr),eye protection regulations,0.396
writing code in vhdl,writing techniques,0.396
channel and direct-to-consumer pricing,channel marketing,0.396
managing linux file systems,type of file,0.396
google analytics attribution reports,data analytics,0.396
innovation strategy,promote open innovation in research,0.396
integrative medicine,adolescence medicine,0.396
credit score,examine credit ratings,0.396
application design,design process,0.396
design technique,design graphics,0.396
cloud computing.,scientific computing,0.395
news writing,writing techniques,0.395
lean software development,industrial software,0.395
web application,web analytics,0.395
diversity (business),business processes,0.395
product design sprints,industrial design,0.395
word embeddings,use word processing software,0.395
business reporting fluency,business processes,0.395
budget estimation,manage a healthcare unit budget,0.395
health policy analysis,advise on tax policy,0.394
organizational change,adapt to change,0.394
identify and formulate the research needs,research equipment needs,0.394
health records,check accounting records,0.394
motor design,attach lift motor cables,0.394
agile software development,industrial software,0.394
2. develop a successful change management team and define roles and responsibilities,apply change management,0.394
programming languages and frameworks,teach languages,0.394
back-end development,development delays,0.394
innovation strategies,promote open innovation in research,0.394
object localization,manage localisation,0.393
tabular records,check accounting records,0.393
online learning community,use learning strategies,0.393
analyse and interpret data,analyse data about clients,0.393
medical healthcare organization operations,discuss the medical history of the healthcare user,0.393
manage expense control,control of expenses,0.393
self awareness,promote environmental awareness,0.392
project execution,organise project meetings,0.392
communication and engagement,use communication devices,0.392
program management,apply change management,0.392
marketing performance measurement and management,conduct performance measurement,0.392
model evaluation,analyse business model,0.392
static application security testing,investigate social security applications,0.392
computer programming,program firmware,0.392
logical controls,set up machine controls,0.392
user interface automation,design automation components,0.391
communicating with others in person,assess others feelings,0.391
stakeholder theory,game theory,0.391
natural language processing,body language,0.391
attract and retain a diverse team of employees,evaluate employees,0.391
capital asset pricing model (capm),pricing strategies,0.391
microsoft bot framework,use microsoft office,0.391
python exception handling,handling of dangerous goods,0.391
knowledge of general business functions,manage business knowledge,0.391
embedded system design,apply systemic design thinking,0.391
testing vocabulary,terminology,0.39
emotional engagement,test for emotional patterns,0.39
human-level performance (hlp),conduct performance tests,0.39
caregiver support,provide ICT support,0.39
environment modeling,environmental legislation,0.389
understand how customers think and progress through their decision process to make purchasing decisions,make decisions,0.389
service-oriented architecture,historic architecture,0.389
support vector machines,assemble machines,0.389
depth from focus and defocus,interview focus groups,0.389
organizational culture,shape corporate culture,0.389
mobile data management,conduct mobile marketing,0.389
occupancy grid mapping algorithm,algorithms,0.389
directory service,monitor customer service,0.389
estimation de la tâche,state estimation,0.389
mental health,provide health education,0.389
value proposition,estimate value of clocks,0.388
c sharp (c#) (programming language),apply basic programming skills,0.388
describe fundamental principles of machine learning on azure,machine learning,0.388
understand the requirements of a battery-management system,implement a management system,0.388
unified modeling language (uml),body language,0.388
neural machine translation,artificial neural networks,0.388
embedded engineering,aerospace engineering,0.388
accessible user experience design,manage the customer experience,0.388
it service management (itsm),support social service users in skills management,0.388
digital collaboration,digital systems,0.388
experience with video production is helpful,manage the customer experience,0.388
cybersecurity business context,business processes,0.387
hidden markov models,design scale models,0.387
american law & policy,advise on tax policy,0.387
incident response planning,plan,0.387
master data management,product data management,0.387
global financial crisis,crisis intervention,0.386
game design,design process,0.386
return on investment,make investment decisions,0.386
spring configuration,types of spring,0.386
access control matrices,monitor guest access,0.386
art,supervise art gallery staff,0.386
contact management,apply change management,0.386
strategy execution,implement transport strategy,0.386
value propositions,estimate value of clocks,0.385
data manipulation language,body language,0.385
manage the development and use of different research instruments,industrial research and development,0.385
cluster models,design scale models,0.385
resource and capacity optimization,analyse staff capacity,0.385
stream processing use cases,analyse blockchain use cases,0.385
product goals,manage personal progression,0.385
sample-based path planning,plan,0.385
positioning (marketing),execute marketing plan,0.385
understand how to measuring climate risk in equity portfolio,manage portfolio,0.384
data labeling at scale,design scale models,0.384
software development lifecycle (sdlc),industrial software,0.384
software development lifecycle,industrial software,0.384
options strategies,develop communications strategies,0.384
javascript data structures,examine civil structures,0.384
procedural cybersecurity controls,set up machine controls,0.384
healthcare delivery systems,health care system,0.383
model baseline,analyse business model,0.383
building future leaders,forecast future levels of business,0.383
model drift,analyse business model,0.382
total addressable market,market analysis,0.382
network effects,develop professional network,0.382
independent component analysis,make independent operating decisions,0.382
active contours,listen actively,0.381
software development automation,design automation components,0.381
artifical intelligence,business intelligence,0.381
modeling and pricing credit default swaps,pricing strategies,0.381
javascript package management,test package,0.381
proofreading,proofread text,0.381
understand how high performing sales people approach sales,achieve sales targets,0.381
data consumers,consumer protection,0.381
recruitment,recruit employees,0.381
express,express yourself creatively,0.38
tensorflow,computer vision,0.38
data integrity,process data,0.38
link analysis,perform data analysis,0.38
assess how climate change impacts financial intermediaries and systemic risks,climate change impact,0.38
writing defect reports,write technical reports,0.38
spring managed components,types of spring,0.379
construct and refine measurements,use measurement instruments,0.379
user journey maps,read maps,0.379
sourcing best practices,system backup best practice,0.379
negotiation,perform political negotiation,0.379
control de proyecto,credit control processes,0.379
non-fiction writing,writing techniques,0.379
video conferencing,operate video equipment,0.379
operational risk measurement and management,use measurement instruments,0.379
performance and optimization,periodisation,0.379
sagemaker training jobs,organise training,0.379
metastasis theories,develop criminology theories,0.379
bank reconciliations,manage corporate bank accounts,0.379
disease management,apply change management,0.378
short story writing,implement short term objectives,0.378
create music legally,music and video industry,0.378
application security basics,investigate social security applications,0.378
dividend policy,advise on tax policy,0.378
apache airflow,computational fluid dynamics,0.378
aws identity and access management,manage digital identity,0.378
azure data factory,process data,0.377
malware,remove computer virus or malware from a computer,0.377
level design,design process,0.377
web conferencing,use online tools to collaborate,0.377
product validation,product data management,0.377
site reliability engineering business context,assess reliability of data,0.377
ethical hacking,manage ethical issues within social services,0.376
power query,refractive power,0.376
resume preparation,direct the preparation of food,0.376
business hypothesis testing,business processes,0.376
regression models,design scale models,0.376
summary measures,monitor security measures,0.376
wind power,refractive power,0.375
user input handling,handling of dangerous goods,0.375
word2vec text summarization,adapt text culturally,0.375
value at risk (var),risk identification,0.375
location-aware app development,development delays,0.375
chart,create flowchart diagram,0.375
cross-cultural communication,demonstrate intercultural competence,0.375
stakeholder-management,negotiate with social service stakeholders,0.375
data security fundamentals,security threats,0.374
strategy formulation,develop investigation strategy,0.374
service discovery,monitor customer service,0.374
computer security incident management,security engineering,0.374
projektmanagement,perform project management,0.374
organic food,food colorants,0.374
web services flask,web analytics,0.374
cybersecurity policy writing,advise on tax policy,0.374
feature extraction,operate gas extraction equipment,0.374
pre-att&ck,perform pre-assembly quality checks,0.373
freelance pricing frameworks,pricing strategies,0.373
video pre-production,prepare production prototypes,0.373
product storyboarding,product data management,0.373
reinforcement learning model development,use learning strategies,0.373
functional testing,test lift operation,0.373
autoimmunity,clinical immunology,0.373
spring boot configuration,types of spring,0.373
google data studio,assess studio production,0.373
market risk measurement and management,use measurement instruments,0.373
data definition,process data,0.372
create arrays,create a financial plan,0.372
the software development lifecycle (sdlc),industrial software,0.372
probability and statistics,probability theory,0.372
programming language concepts,translate language concepts,0.372
zero trust security model,build trust,0.372
load balancing,load animals for transportation,0.372
decontamination,assess contamination,0.371
model monitoring,monitor production developments,0.371
sas programs,develop policies for nutritional programs,0.371
crow's foot notation,musical notation,0.371
application development best practices,system backup best practice,0.371
tensorflow hub,computer vision,0.37
directional drilling,tend CNC drilling machine,0.37
integrated marketing communications,develop communications strategies,0.37
gradienttape for optimization,periodisation,0.37
kafka connect,install electrical household appliances,0.369
cybersecurity governance,government representation,0.369
establish business partnerships,business processes,0.369
matrix algebra,algebra,0.369
understand the instruments investment funds and solutions to finance clean technologies and clean energy,clean surfaces,0.369
cloud cost management,assess operating cost,0.369
blockchains,blockchain applications,0.368
software development kit (sdk),industrial software,0.368
accounts payable management,manage accounts,0.368
nist cybersecurity framework,set quality assurance objectives,0.368
marketing intelligence,execute marketing plan,0.368
monitoring and logging,monitor production developments,0.368
practice using and extending protocols.,create safe working protocols,0.367
redaction for data minimization,use software for data preservation,0.367
probabilistic programming language (prpl),apply basic programming skills,0.367
programming paradigms,program firmware,0.367
non-deterministic data testing linting,non-destructive testing,0.367
white-box testing techniques,use testing equipment,0.367
central limit theorem,maintain a central project repository,0.367
data structure design,process data,0.367
sales call preparation,direct the preparation of food,0.366
industry structure,fishing industry,0.366
international transfers of personal data,international business,0.366
application security best practices,system backup best practice,0.366
external service integration,communicate with external laboratories,0.366
spiritual distress,provide spiritual counselling,0.366
cloud computing security,security threats,0.366
multi-class classification with fasttext and blazingtext,fish identification and classification,0.365
obfuscation for data minimization,use software for data preservation,0.365
cloud product strategy,plan marketing strategy,0.365
work breakdown structure,manage event structure installation,0.364
personal productivity,use personal protection equipment,0.364
architecting on aws,advise architects,0.364
video post-production,post-processing of photographs,0.364
tensorflow.js,computer vision,0.364
javascript methods,funding methods,0.364
front-end web development,development delays,0.364
user stories,listen to the stories of the disputants,0.364
build a data model,process data,0.363
natural language extraction,body language,0.363
service client,focus on service,0.363
basic python data structures,examine civil structures,0.363
service level objectives,implement short term objectives,0.363
azure key vault,track key performance indicators,0.363
generative model,analyse business model,0.363
stakeholder identification,negotiate with social service stakeholders,0.363
network defense,develop professional network,0.363
conversion rate,conduct performance measurement,0.363
face detection,image recognition,0.363
working with sqlite,glassworking,0.363
javascript exception handling,handling of dangerous goods,0.363
region analysis,perform data analysis,0.362
cloud computing fluency,scientific computing,0.362
american law,trading law,0.362
data governance fluency,government representation,0.362
relational data models,database,0.362
medical and healthcare regulations and standards,health and safety regulations,0.362
job intelligence,business intelligence,0.362
lightweight directory access protocol (ldap),monitor guest access,0.361
live coding,give live presentation,0.361
organizational strategy,plan marketing strategy,0.361
game making,demonstrate games,0.361
dydx’s derivatives implementation,support implementation of quality management systems,0.361
long-term liabilities and note payable,plan medium to long term objectives,0.361
basics of consuption-based alternative data,alternative energy,0.361
facilitating online learning,use learning strategies,0.361
custom layers,remove coating,0.36
dashboarding and reporting,international financial reporting standards,0.36
represent data visually,prepare visual data,0.36
code debugging,code of Conduct for Responsible Fisheries,0.36
learn to assess how climate change impacts financial portfolios and and how to manage climate risk in equity portfolios,manage portfolio,0.36
cloud cost policies,create insurance policies,0.36
monitor and troubleshoot azure solutions,troubleshoot,0.36
active vs. passive investing,listen actively,0.36
data manipulation,inspect data,0.36
application servers,blockchain application areas,0.359
binary code,code of Conduct for Responsible Fisheries,0.359
assessing regulatory risk,assess risk factors,0.359
shell script,computer programming,0.359
understand the instruments investment funds and solutions used to finance clean technologies and clean energy,clean surfaces,0.359
go interfaces,interpret graphical communication interfaces,0.359
pivot chart,create flowchart diagram,0.358
aws certification preparation,direct the preparation of food,0.358
feature engineering and feature store,perform dimensionality reduction,0.358
drug discovery,implement workplace drug policies,0.358
scikit-learn,demonstrate willingness to learn,0.358
product prototyping,product data management,0.358
analysis of variance (anova),business analysis,0.357
attention mechanisms,fluid mechanics,0.357
supportive care,newborn care,0.357
k-d tree,inspect trees,0.357
propensity score matching,use color matching techniques,0.357
spline approach,approach challenges positively,0.357
embedded systems engineering,aerospace engineering,0.357
create space for deib,design space for religious needs,0.357
digital transformation,digital systems,0.357
black-box testing techniques,use testing equipment,0.357
responsive web design,design web-based courses,0.356
promotion and marketing communications,develop communications strategies,0.356
behavior-driven development,development delays,0.355
statistics for marketing,medical statistics,0.355
patient care,develop patient treatment strategies,0.355
earned value management (evmt),estimate value of clocks,0.355
emotional intelligence,test for emotional patterns,0.355
breach (security exploit),security threats,0.355
music composition,music and video industry,0.355
network access control lists,monitor guest access,0.355
satellite,launching of satellites into orbit,0.354
django (web framework),set quality assurance objectives,0.354
product roadmaps,product data management,0.354
c++ code optimization,periodisation,0.354
natural language processing with bert,body language,0.354
map the financial risks and opportunities of climate change,climate change impact,0.354
model registries,analyse business model,0.354
basic react,apply basic programming skills,0.354
structure from motion,motion graphics,0.353
digital footprint removal,hair removal techniques,0.353
intrusion detection systems,image recognition,0.353
affinity diagram,create flowchart diagram,0.353
measuring customer preferences,measure customer feedback,0.353
dimensionality reduction,perform dimensionality reduction,0.353
organizational analysis,set organisational policies,0.353
talent management,apply change management,0.353
building a balanced meal,inspect building systems,0.353
reinforcement learning trading algo development,use learning strategies,0.353
script writing,writing techniques,0.352
goals and rewards,manage personal progression,0.352
type class,determine skin type,0.352
retail management,apply change management,0.352
music arrangement,music and video industry,0.352
retail strategy,plan marketing strategy,0.352
data loading with sagemaker,loading charts for transportation of goods,0.352
read lead sheets,handle broken glass sheets,0.352
survival analysis,survive at sea in the event of ship abandonment,0.352
distributed version control (drcs),explain distributed ledger technologies principles,0.351
verbal dexterity,follow verbal instructions,0.351
basic trigonometry,apply basic programming skills,0.351
designing a stress test,perform physical stress tests on models,0.351
cold calling,work in cold environments,0.351
intrusion detection system,image recognition,0.351
optimal trading,trading law,0.351
user story,provide user documentation,0.351
application monitoring with azure,monitor production developments,0.351
spring configuration techniques,types of spring,0.351
soft skills,teach corporate skills,0.351
teambuilding,build team spirit,0.35
spam detection,image recognition,0.35
espresso testing framework,set quality assurance objectives,0.35
competitiveness,ensure price competitiveness,0.35
application state management with redux,apply safety management,0.35
lean methods,funding methods,0.35
scratch (programming language),apply basic programming skills,0.349
run experiments and train models,perform chemical experiments,0.349
aws key management service,support social service users in skills management,0.349
empregos em design de ux,design process,0.349
computed aided design,use computer-aided translation,0.348
ethical issues of artificial intelligence,manage ethical issues within social services,0.348
screen scraping,screen clients,0.348
5. evaluate the results and outcomes of change through kpi analysis,document analysis results,0.348
prototyping,design prototypes,0.348
principal component analysis,perform data analysis,0.348
art direction,follow directions of the artistic director,0.347
stochastic policy gradients reinforce algorithm,algorithms,0.347
proportional hazards model,identify airport safety hazards,0.347
getting the most of data you collect,gather data,0.347
reinforcement learning trading algorithm optimization,algorithms,0.347
base address,knowledge base,0.347
reformer models,design scale models,0.347
data transformation,inspect data,0.347
model interpretability,analyse business model,0.346
apis for trade finance,pass on trade techniques,0.346
writing code in verilog,writing techniques,0.346
bioinformatics,medical informatics,0.346
integration testing,use testing equipment,0.346
cascading style sheets (css),writing style guides,0.345
feature embeddings,perform dimensionality reduction,0.345
statistical modeling fundamentals,carry out statistical forecasts,0.345
six sigma green belt,monitor conveyor belt,0.345
develop azure compute solutions,create solutions to problems,0.345
reflect on the development of the research proposal,industrial research and development,0.345
integrative care,newborn care,0.345
customer lifetime value,process customer orders,0.345
google maps in android development,development delays,0.345
alexa skill creation,facilitate motor skill activities,0.345
object detection,image recognition,0.344
behavioral health,test for behavioural patterns,0.344
mechanics and risks of decentralized exchange,mechanics,0.344
cloud load balancing,load animals for transportation,0.344
cloud computing business context,business processes,0.344
understanding of testing theory,game theory,0.344
updating packages,handle delivered packages,0.344
basic descriptive statistics,develop financial statistics reports,0.343
sample mean and covariance,perform sample testing,0.343
create and customize the user experience of an app using appsheet views and branding,manage the customer experience,0.343
reinforcement learning trading strategy development,use learning strategies,0.343
attention models,capture people's attention,0.343
2d image transforms,image recognition,0.343
cloud governance strategy,government representation,0.343
product life cycles,life sciences,0.343
tensorflow datasets,computer vision,0.342
application deployment,give battle commands,0.342
connect to and consume azure services and third-party services,assess quality of services,0.342
principal component analysis (pca),perform data analysis,0.342
toil reduction,advise on chemical use reduction,0.342
pomodoro technique,cleaning techniques,0.342
sexually transmitted infections,infection control,0.342
customer loyalty,process customer orders,0.342
instructional design,design process,0.342
application programming interfaces (api),interpret graphical communication interfaces,0.342
ethical design and production,control production,0.341
understand the research process,research taxation procedures,0.341
front-end development basics,development delays,0.341
react,react to emergency situations in a live performance environment,0.341
voice user interfaces,work with a voice coach,0.341
query performance tuning,conduct performance tests,0.341
social return on investment (sroi),make investment decisions,0.341
standard template library,adhere to Standard Operating Procedures,0.341
statistical hypothesis testing,carry out statistical forecasts,0.341
setting up your development environment,development delays,0.34
viral strategies,implement marketing strategies,0.34
statistical data bias detection,carry out statistical forecasts,0.34
user personas,provide user documentation,0.34
human-centered design,human anatomy,0.34
basic knowledge of microsoft excel,knowledge base,0.34
natural language entity extraction,body language,0.34
sample size determination (penentuan ukuran sampel),perform sample testing,0.34
google cloud platform,construct working platform,0.34
manage motivation and engagement,apply customer engagement strategy,0.34
web-scritpting tools,plumbing tools,0.339
point cloud data,process data,0.339
job readiness,organise job search workshops,0.339
black scholes model,analyse business model,0.339
model deployment,give battle commands,0.339
ux design jobs,design process,0.339
using version control,oversee quality control,0.339
cloud cost governance,government representation,0.339
object creation design patterns,grade patterns for wearing apparel,0.339
reflectance models,design scale models,0.339
hotel management,apply change management,0.339
organization design,design process,0.338
résolution de problèmes,create solutions to problems,0.338
sequential pattern mining,data mining methods,0.338
promote effective communication for both individuals and group members,mentor individuals,0.338
recommendation engine business context,business processes,0.338
get & post,collect mail,0.337
financial ratio analyses & forecasting techniques,financial capability,0.337
bias detection,image recognition,0.337
automated planning problem definition,operate automated process control,0.337
open collaboration,promote open innovation in research,0.337
device hardening strategy,plan marketing strategy,0.337
production-ready assets,control production,0.337
functional programming concepts,program firmware,0.337
network defensive tactics,devise military tactics,0.337
human–computer interaction,computer graphics,0.337
distributed file systems,type of file,0.336
- rstudio,assess studio production,0.336
recovery time objective,provide objective assessments of calls,0.336
cloud cost evaluation,assess operating cost,0.336
rstudio,assess studio production,0.336
adopt different sampling approaches,perform sample testing,0.336
lead designers,lead a team,0.336
herbal preparations,oversee pre-assembly operations,0.336
cloud cost optimization,periodisation,0.336
human computer interaction,add computer components,0.336
sql query performance tuning,conduct performance tests,0.336
server hardening strategy,run a media server,0.335
security vulnerabilities and treatments,security threats,0.335
decentralized storage protocol,organise storage facilities,0.335
competitive analysis,perform data analysis,0.335
principled negotiation,perform political negotiation,0.334
backup strategy,plan marketing strategy,0.334
engaging teams,coordinate engineering teams,0.334
e-commerce,international business,0.334
probabilistic models,design scale models,0.333
conversion tracking,conduct performance measurement,0.333
behavioral finance,test for behavioural patterns,0.333
symptom assessment and management,assessment processes,0.333
threat intelligence,business intelligence,0.333
fundamental analysis,perform data analysis,0.333
evidence-based practices,present evidence,0.333
threat actors,hand props to actors,0.332
transaction costs-modeling,analyse transportation costs,0.332
cost savings and performance improvements,recommend product improvements,0.332
basis (linear algebra),algebra,0.332
medical code sets,medical devices,0.332
• write unit testing using jest,test electronic units,0.331
text processing in python,use word processing software,0.331
palliative care,newborn care,0.331
virus,remove computer virus or malware from a computer,0.331
crowd-sourced lending,control crowd,0.331
algorithmes et techniques de chiffrement,algorithms,0.331
competitive position,competition law,0.331
project scoping and design,organise project meetings,0.331
model interpretation,interpret 3D plans,0.331
treatment effect estimation,report the results of treatment,0.331
diversification (finance),advise on public finance,0.331
presenting data insights,inspect data,0.33
cybersecurity incident response playbooks,process incident reports for prevention,0.33
aurally identify chords,identify legal requirements,0.33
navigate the appsheet ui and editor to build an app,consult with editor,0.33
evolution,evolution of economic forecasts,0.33
navigate growth and change in teams,strive for company growth,0.33
e-commerce strategy,develop investigation strategy,0.33
relational models,database,0.329
you will develop a good understanding about why we need earth economics in addition to traditional macroeconomics (nation-level) and microeconomics (individual and firm level,economics,0.329
predictive modelling,3D modelling,0.329
tensorflow probability,probability theory,0.329
evaluate projects on a portfolio basis the economic attractiveness of various abatement projects,review construction projects,0.329
cybersecurity program elements,join wood elements,0.329
application and data access control,monitor guest access,0.329
describe how to work with non-relational data on azure,database,0.329
matlab,computer vision,0.328
permanent placement,program firmware,0.328
generalized advantage estimation,state estimation,0.328
decision matrix method,advise on legal decisions,0.328
videography,teach geography,0.328
autonomous vehicle fluency,maintain vehicle service,0.327
explain the process and benefits of following up with a proscpect after a sales call,advise on social security benefits,0.327
high-dynamic-range (hdr) imaging,clinical imaging techniques,0.327
signal-to-noise ratio,ensure compliance with noise standards,0.326
crud commands,give battle commands,0.326
power bi report design,refractive power,0.326
complementary therapies,energy therapy,0.326
refine research instruments,types of optical instruments,0.326
cybersecurity threat triage,security threats,0.326
build a personal brand on linkedin,manage brand assets,0.326
sketch,draw design sketches,0.326
sql (structured query language),body language,0.326
object motion models,motion graphics,0.326
inclusive innovation,promote open innovation in research,0.326
concurrent computing,scientific computing,0.325
a/b testing and model deployment,give battle commands,0.325
model selection validation improvement,provide improvement strategies,0.325
minimal viable products,pump products,0.325
time series,keep time accurately,0.325
design equivalent-circuit models for lithium-ion battery cells,battery components,0.324
biodiversity,adopt ways to foster biodiversity and animal welfare,0.324
classes,design web-based courses,0.324
react (web framework),set quality assurance objectives,0.324
bookkeeping,bookkeeping regulations,0.324
understand the difference between leadership and management,adapt leadership styles in healthcare,0.324
infographics,motion graphics,0.324
generalized linear model,analyse business model,0.324
data limitations and biases,manage quantitative data,0.323
sessions and cookies,help clients make decisions during counselling sessions,0.323
transformation and loading (etl),loading charts for transportation of goods,0.323
data encryption,inspect data,0.323
fundamental programming concepts,program firmware,0.323
solution sketching,adjust solutions' consistency,0.323
open web application security project (owasp),investigate social security applications,0.323
news reporting,international financial reporting standards,0.323
1d robot motion control,motion graphics,0.323
collaborative working environment,"maintain a safe, hygienic and secure working environment",0.323
c++ copy and move semantics,semantics,0.322
model selection,analyse business model,0.322
edge and corner detection,image recognition,0.322
streaming data stores,process data,0.322
configuring network protection and dynamic routing using firewalls,call routing,0.322
regular expression (regex),schedule regular machine maintenance,0.322
zero trust deployment strategy,build trust,0.322
understand how to designing a low-carbon tracking-index portfolio (on excel),manage portfolio,0.322
user-centered design,design process,0.322
agility,react to physical changes or hazards,0.321
bonding curves,operate soldering equipment,0.321
tree (data structure),manage event structure installation,0.321
real-world projects,review construction projects,0.321
reproductive health,provide health education,0.321
consensus mechanisms,fluid mechanics,0.32
apresentação,present reports,0.32
simulating fpga designs,plan new packaging designs,0.32
organisationskultur,advise on organisational culture,0.32
hypothesis-driven development,development delays,0.32
model deployment with azure,give battle commands,0.319
respect,work with respect for own safety,0.319
metamask client,ensure client orientation,0.319
scipy and scikit-learn,demonstrate willingness to learn,0.319
implement state-of-health estimators for lithium-ion battery cells,battery components,0.319
r and rstudio,assess studio production,0.319
keyword research,research design,0.319
tensorflow lite,computer vision,0.318
recovery point objective,provide objective assessments of calls,0.318
sample size determination,perform sample testing,0.318
constant function automated market makers,operate automated process control,0.318
project selection techniques,organise project meetings,0.318
itil 4 foundation topics,integrate strategic foundation in daily performance,0.318
ensure accountability to diversity and inclusion efforts for a sense of belonging,promote inclusion,0.317
asking effective questions,use questioning techniques,0.317
gated recurrent unit (gru),check dangerous goods transport unit,0.317
user authentication,provide user documentation,0.317
azure form recognizer,align content with form,0.317
correlation and dependence,dependency on drugs,0.317
minimax search,conduct search engine optimisation,0.317
alexa skill deployment,give battle commands,0.317
organizational capability building,assess employees' capability levels,0.316
managing your own personal invetsments,manage personal professional development,0.316
• problemlösung,identify problems,0.316
implement state-of-charge estimators for lithium-ion battery cells,battery components,0.316
problemlösung,identify problems,0.316
describe the apps and services available in a microsoft 365 subscription,identify available services,0.316
legal issues of artificial intelligence,manage legal personal issues,0.316
azure compute service,focus on service,0.316
automating system administration tasks with python,perform clerical duties,0.315
hospital management,apply change management,0.315
object-oriented programming (oop),program firmware,0.315
word embedding,use word processing software,0.315
building customer loyalty,inspect building systems,0.314
evidence-based practice,present evidence,0.314
private equity,coordinate public-private partnerships in tourism,0.314
functional,functionalities of machinery,0.314
part of speech tagging,speech techniques,0.314
learn how to managing climate risk in equity portfolios,review investment portfolios,0.314
value-based care,value-added tax law,0.314
artificial intelligence (a.i.),business intelligence,0.313
artificial intelligence (ai),business intelligence,0.313
tensorflow serving,computer vision,0.313
understanding the evidence for climate change and for its anthropogenic origin,climate change impact,0.313
diversity,respect the diversity of cultural values and norms,0.312
collaboration,cooperate with colleagues,0.312
transporting,coordinate transportation,0.311
structed light methods,lighting techniques,0.311
self-awareness,promote environmental awareness,0.311
parallel computing,scientific computing,0.311
publish–subscribe pattern,publish academic research,0.31
chart types,create flowchart diagram,0.31
sagemaker model monitor,analyse business model,0.31
data encryption in aws,inspect data,0.31
presentación,present reports,0.31
agile user stories,listen to the stories of the disputants,0.31
embedded systems,mechanical systems,0.31
collections,debt collection techniques,0.309
unweighted pair group method with arithmetic mean (upgma),peer group methods,0.309
taxes,cadastral taxation,0.309
identity and access management fundamentals,manage digital identity,0.309
model bias analysis,perform data analysis,0.308
model tuning,analyse business model,0.308
build a simple ui using the layout editor,consult with editor,0.307
backup,system backup best practice,0.307
process modeling,design process,0.307
text pre-processing,prepress processes,0.307
android custom views,produce customised products,0.306
game design document,design process,0.306
raising capital,perform fundraising activities,0.306
investigación en ux,investigation research methods,0.306
many-to-many data modeling,process data,0.306
react component state,state estimation,0.306
list,define technical requirements,0.306
enhanced oil recovery,manage disaster recovery plans,0.306
express web framework,set quality assurance objectives,0.306
presentasi,present reports,0.306
css code,code of Conduct for Responsible Fisheries,0.306
debriefing,write weather briefing,0.306
google app engine (gae),inspect engine rooms,0.305
real world,World Wide Web Consortium standards,0.305
controlling,automatic control system,0.305
public-key cryptography,public relations,0.305
amazon web services basics,web analytics,0.305
custom and exotic models,produce customised products,0.305
root-finding,root cause analysis,0.305
facebook ads,online ads campaign techniques,0.305
argo cd,inspect cargo,0.305
cloud solution evaluation,perform sensory evaluation of food products,0.305
rapid prototyping,design prototypes,0.305
create react app,create a financial plan,0.304
standard score,adhere to Standard Operating Procedures,0.304
computation,scientific computing,0.304
reflective practice,personal reflection techniques based on feedback,0.304
hone observation skills,participant observation,0.304
problem validation,solve ICT system problems,0.304
search text ads,adapt text culturally,0.304
leading and managing change in organisation,adapt to change,0.304
substance use disorder screening,undertake employee screening,0.304
cooking,process booking,0.304
contingency plan,create a financial plan,0.304
good judgment,share good practices across subsidiaries,0.304
command line tools,use hand tools,0.304
write a co-writing agreement,facilitate official agreement,0.304
z/os,install operating system,0.303
simple model for market dynamics,thermodynamics,0.303
vector space models,design scale models,0.303
h​ow to implement state-of-health (soh) estimators for lithium-ion battery cells,battery components,0.302
critical thinking,address problems critically,0.302
random sample consensus (ransac),perform sample testing,0.302
google sheets,handle broken glass sheets,0.302
distributed model training with sagemaker,organise training,0.302
mutual funds,crowdfunding,0.302
describe features of conversational ai workloads on azure,advise on medical device features,0.302
asking the right questions,use questioning techniques,0.302
run basic analyses in r,apply basic programming skills,0.302
cloud deployment models,give battle commands,0.301
symptom management,apply change management,0.301
using comments to enhance code readability,enhance website visibility,0.301
cuda,computer vision,0.3
product launch,manage packaging development cycle from concept to launch,0.3
imagining the future with a frame,forecast future levels of business,0.3
viral,virology,0.3
evaluate different data collection approaches,debt collection techniques,0.3
model training and deployment with bert,organise training,0.3
keras,computer vision,0.3
modeling,3D modelling,0.299
substance use disorder treatment,report the results of treatment,0.299
android activity lifecycle,complete report sheets of activity,0.299
substance use disorder diagnosis,nuclear medicine,0.299
prediction,state estimation,0.299
object-oriented design patterns,grade patterns for wearing apparel,0.299
design de experiência do usuário (uxd),design process,0.299
ice scoring model,analyse business model,0.298
project valuation: npv irr and payback period,perform stock valuation,0.298
empathy,show empathy,0.298
toma de decisiones,make decisions,0.297
etl,"data extraction, transformation and loading tools",0.297
counterterrorism,identify terrorism threats,0.297
substance use disorder prevention,fire prevention procedures,0.296
breadth-first search,apply first response,0.296
power bi report customization,refractive power,0.296
powerpoint skills,teach corporate skills,0.296
such as investigating and communicating raw data to understand the columns of the data and their meaning,gather data,0.296
manipulate preset patches,manipulate glass,0.296
post-earnings-announcement drift (pead),post-processing of photographs,0.295
create control flow patterns using conditionals and loops,control air flow,0.295
call stacks,report call errors,0.295
mixture model,ensure correct gas pressure,0.295
matrix operations,monitor machine operations,0.295
risikomanagement,advise on risk management,0.295
value-based reinforcement learning exploration-exploitation dilemma,learning difficulties,0.295
create custom patches in strobe 2,produce customised products,0.294
managing and encrypting a zero-trust environment,build trust,0.294
value-based healthcare,manage healthcare staff,0.294
organizational transformation,set organisational policies,0.294
patient-centered care,develop patient treatment strategies,0.294
cross-functional team dynamics,thermodynamics,0.294
ibm code engine,repair engines,0.293
message passing,disseminate messages to people,0.293
kafka basics,electricity,0.293
object-oriented programming basics,apply basic programming skills,0.293
persuasion,present arguments persuasively,0.293
keyword lists,translate keywords into full texts,0.293
e-commerce store optimization,periodisation,0.293
product scaling,product data management,0.292
understand common data distributions and types of variables,common children's diseases,0.292
active defense,listen actively,0.292
cloud integration,"data extraction, transformation and loading tools",0.292
python classes,design web-based courses,0.292
power bi calculated columns and measures,refractive power,0.292
sensitive data tracking,process data,0.292
analyse de donnees,analyse data about clients,0.292
uncover campaign insights using native facebook and snapchat analytics tools,data analytics,0.291
different approaches to custody,adapt to different weather conditions,0.291
dental healthcare organization operations,manufacture dental instruments,0.291
cross-functional collaboration,ensure cross-department cooperation,0.291
user interface techniques,use moulding techniques,0.291
3d robot motion control,set up automotive robot,0.291
firewall (computing),scientific computing,0.291
refactoring from a monolith,extract products from moulds,0.29
whole-person care,act as contact person during equipment incident,0.29
basic cybersecurity implementation,support implementation of quality management systems,0.29
making safe spaces to communicate,communicate production plan,0.29
tensorflow extended (tfx),computer vision,0.29
particle filter,"browse, search and filter data, information and digital content",0.29
non-linear motion tracking,motion graphics,0.29
video terminology and while not required,comprehend financial business terminology,0.289
inference,state estimation,0.289
functions,test lift operation,0.289
describe ai workloads and considerations,forecast workload,0.288
ml deployment challenges,give battle commands,0.288
application to personal finances,use personal protection equipment,0.288
confluent kafka python client,ensure client orientation,0.287
2d robot motion control,set up automotive robot,0.287
cross-site scripting forgery (csrf),ensure cross-department cooperation,0.287
gyroscopes,operate microscope,0.287
critical path method,make time-critical decisions,0.287
satellite imagery,launching of satellites into orbit,0.286
delegation,delegate responsibilities,0.286
bootstrap (front-end framework),set quality assurance objectives,0.286
understand the fundamentals of the sales process,sales department processes,0.286
understand balancing requirements and implement power estimators for lithium-ion battery packs,battery components,0.286
track conversion ratios,conduct performance measurement,0.286
understanding the sap world and solutions,create solutions to problems,0.285
unfair labor practices,teach driving practices,0.285
phygitalization (combining physical + digital),digital systems,0.285
denial-of-service attack (dos),maintain privacy of service users,0.284
react hooks,react to emergency situations in a live performance environment,0.284
code reviews,code of Conduct for Responsible Fisheries,0.284
aws codepipeline,repair pipelines,0.283
écriture commerciale,manage commercial risks,0.283
construct a cox regression model in r,analyse business model,0.283
functional api,functionalities of machinery,0.283
model bias mitigation,manage currency exchange risk mitigation techniques,0.283
exchange traded funds (etfs),manage currency exchange risk mitigation techniques,0.283
create and configure network peering,develop professional network,0.283
qualitätsmanagement,manage air quality,0.283
github collaboration,cooperate with colleagues,0.283
resilience,adjust to physical demands,0.282
recommendation engine fluency,inspect engine rooms,0.282
understand how climate change risk exposure affects corporate decisions and value,climate change impact,0.282
analyze and model losses in magnetic components,fasten components,0.282
augmentation,augmented reality,0.282
prepare a detailed sales call plan,sales department processes,0.282
tree ensembles,conduct musical ensembles,0.282
price discrimination,negotiate price,0.281
competitive lifecycle,ensure price competitiveness,0.281
organizational skill gap analysis,set organisational policies,0.281
appsheet,inspect glass sheet,0.281
custom loss functions,produce customised products,0.281
double-entry bookkeeping system,supervise data entry,0.281
unix shell,computer programming,0.28
program evaluation and review technique (pert),perform contract reporting and evaluation,0.279
cybersecurity,security threats,0.279
how to implement state-of-charge (soc) estimators for lithium-ion battery cells,battery components,0.279
income statement,financial statements,0.279
organizational anthropology,set organisational policies,0.279
describe features of computer vision workloads on azure,develop computer vision system,0.278
equities,trade securities,0.278
filtering and ordering,order equipment,0.278
liquids,flammable fluids,0.278
fixed income,public finance,0.278
process definition document,document sharing procedures,0.278
document retrieval,document evidence,0.278
- präsentation,prepare presentation material,0.277
application authentication and authorization,blockchain application areas,0.277
executing tests,perform laboratory tests,0.277
regaining power over the future,forecast future levels of business,0.277
how to launch and develop your sap career,manage packaging development cycle from concept to launch,0.277
radiometry,biometrics,0.276
time-series analysis with ml,perform data analysis,0.276
understand the purpose and importance of developing a team culture,manage a team,0.276
stack (abstract data type),process data,0.276
error handling approach & activities,monitor artistic activities,0.275
improved symptom management,apply change management,0.274
delivering a persuasive speech,present arguments persuasively,0.274
spanning tree,inspect trees,0.274
microcontroller,install lift controller,0.274
azure functions,test lift operation,0.274
threading,types of thread,0.274
arranging,arrange audit,0.273
identifying species,aquatic species,0.273
internality,internal auditing,0.273
contact tracing,act as contact person during equipment incident,0.273
keyword selection,translate keywords into full texts,0.273
internet,conduct web searches,0.273
server-side javascript,run a media server,0.273
social determinants of health,health and safety regulations,0.272
radiography,teach geography,0.272
• create and manipulate objects and arrays,carpentry,0.272
query plans,develop design plans,0.272
question answering systems,mechanical systems,0.272
programmation r,evaluate education programmes,0.272
solução de problemas,create solutions to problems,0.271
singular value decomposition (svd),estimate value of clocks,0.271
dom manipulation,manipulate rubber products,0.271
subnetwork,social network analysis,0.271
basic time series analysis,perform data analysis,0.271
basic tensor functionality,apply basic programming skills,0.271
stocks,manage consumables stock,0.27
astrobiology,clinical microbiology,0.27
sharing your vision as a leader,document sharing procedures,0.27
unreal engine (user interface),inspect engine rooms,0.27
collecting data with a hypothesis,gather data,0.27
threat,identify security threats,0.269
microeconomics,economics,0.269
basic understanding of macos helpful,apply basic programming skills,0.269
document object model (dom),document evidence,0.269
socially responsible investing,exercise stewardship,0.269
hough transforms. feature detection,image recognition,0.269
euler's totient function,packaging functions,0.268
inspecting specimens,inspect clocks,0.268
parts-of-speech tagging,speech techniques,0.268
usability,disability types,0.268
likelihood function,packaging functions,0.268
familiarise with the elements of a research report,prepare market research reports,0.268
intrinsic function,packaging functions,0.268
build enhanced communications skills required in sales interactions,apply technical communication skills,0.268
makefile,type of file,0.268
portofolio kerja,manage portfolio,0.267
how you can alter your consumption of protein to optimize your health and the health of the environment,health and safety in the workplace,0.267
distributed model training and hyperparameter tuning,organise training,0.267
visualización de datos (dataviz),prepare visual data,0.267
solution design and implementation,support implementation of quality management systems,0.267
cybersecurity grc,security threats,0.267
tensorflow object detection api,computer vision,0.266
questionnement,use questioning techniques,0.266
hr lifecycle,manage staff,0.266
create custom synthesizer patches,produce customised products,0.266
gaussian mixture models,ensure correct gas pressure,0.266
multi-screen app design,design process,0.266
newton's method,funding methods,0.266
it fundamentals,kinetics,0.266
application tracing,dies,0.265
robo advising,advise on equipment maintenance,0.265
jupyter notebooks,read books,0.265
list methods for gaining committment from a prospect,funding methods,0.265
graphql,design graphics,0.265
goal setting,analyse goal progress,0.265
ibm new collar,create new recipes,0.264
optimism,conduct search engine optimisation,0.264
the document object model,document evidence,0.264
programação em r,promote education programmes,0.264
futures,forecast future levels of business,0.264
python operator,operate signal generator,0.264
visualização de dados (dataviz),prepare visual data,0.263
describe features of natural language processing (nlp) workloads on azure,advise on medical device features,0.263
queries,assist visitors,0.263
competitive analysis and benchmark,perform data analysis,0.263
solución de problemas,create solutions to problems,0.263
mlflow,control air flow,0.263
telemedicine,medicines,0.263
one-to-many models,design scale models,0.263
instrumental variable,manufacture dental instruments,0.263
fulfillment and delivery,check deliveries on receipt,0.263
declare and initialize different types of variables,use different types of fire extinguishers,0.262
mythology,pathology,0.262
interest rate,protect client interests,0.261
motivation,motivate employees,0.261
applying permissions,add colour,0.261
questionamento,use questioning techniques,0.261
container vulnerability management,apply change management,0.261
neurobiology,clinical microbiology,0.26
create and understand custom iam roles,produce customised products,0.26
go functions,functionalities of machinery,0.26
foams,apply spray foam insulation,0.26
assess critically the economic desirability of different technologically feasible abatement technologies,analyse economic trends,0.26
binary tree,inspect trees,0.259
scripting,transcription methods,0.259
bayesian inference,state estimation,0.259
feature prioritization,perform dimensionality reduction,0.259
cybersecurity pivoting,security threats,0.259
function approximation,packaging functions,0.259
python functions,test lift operation,0.259
entity recognition,image recognition,0.259
extract transform load (etl),load animals for transportation,0.258
sharing new insights from data,document sharing procedures,0.258
leverage the copyright law to your advantage,copyright legislation,0.258
read,read maps,0.258
vulnerability scanning,medical imaging technology,0.258
learn the process to deploy and publish an app,publish academic research,0.258
calculus,calculate dividends,0.258
filtering text files,adapt text culturally,0.257
use ads manager to create and optimize twitter ads,online ads campaign techniques,0.257
neuromarketing,marketing mix,0.257
desenvolvimento de carreira,carry out de-icing activities,0.257
suffix tree,inspect trees,0.257
programación en r,promote education programmes,0.257
h​ow to design balancers and power-limits estimators for lithium-ion battery packs,battery components,0.256
execution,manage government policy implementation,0.256
sql queries,assist visitors,0.256
how to identify sustainably caught (or farmed) fish and seafood,fish varieties,0.256
univariate time-series analysis,perform data analysis,0.256
higher-order function,civil process order,0.256
reproducibility,reprography,0.256
observe your own unique eating patterns and identify areas of improvement.,identify statistical patterns,0.256
feuille de calcul,calculate dividends,0.256
for example,collect samples for analysis,0.256
design pattern fundamentals,design process,0.256
attention deficit hyperactivity disorder (adhd),capture people's attention,0.255
bash (unix shell),computer programming,0.255
interactivity,interactive media,0.255
prepare for and address prospect concerns,offer advice on diet-related concerns,0.255
facilitation,manage facilities services,0.255
causal inference,state estimation,0.255
world health organization analysis,perform data analysis,0.255
facial recognition,image recognition,0.255
c++ functions,test lift operation,0.255
google compute engine,repair engines,0.255
hr tech,manage staff,0.255
use facebook ads manager to create and optimize ad campaigns,online ads campaign techniques,0.254
pivot tables,operate table saw,0.254
invoicing,monitor billing procedures,0.254
applying moderation and variety to your meals,carry out forum moderation,0.254
substance use disorder,communication disorders,0.254
form recognition,image recognition,0.254
describe core data concepts,process data,0.253
react-redux bindings,bind wire,0.253
java,understand spoken Javanese,0.253
solver,use solvents,0.253
survivorship,survive at sea in the event of ship abandonment,0.253
understand the capabilities of the appsheet no-code app development platform,development delays,0.252
externality,communicate with external laboratories,0.252
e-invoicing & e-way bill,draft bill of materials,0.252
dynamic search ads,online ads campaign techniques,0.251
use social selling tactics to connect and engage with prospects,sell clocks,0.251
utm codes,building codes,0.251
hydra,hydraulics,0.251
"understand the various policy approaches involved in the transition to a low carbon economy including in particular ""cap & trade"" carbon markets",advise on carbon emissions reduction,0.25
affordable care act,newborn care,0.25
python operators,liaise with politicians,0.25
calculs de données,calculate dividends,0.25
linked list,define technical requirements,0.249
transformers,electrical machines,0.249
scales,temperature scales,0.249
k means clustering,biomechanics,0.249
powerbi,use power tools,0.249
dog,dog behaviour,0.249
google ads,online ads campaign techniques,0.249
files,type of file,0.248
speech recognition,image recognition,0.248
formal verification,verify product specifications,0.247
gestion de la qualité,manage quality,0.247
object-oriented design,design process,0.247
create and edit a workbook with multiple sheets,handle broken glass sheets,0.247
multi-factor authentication,administer multi-modal logistics,0.247
javascript object methods,funding methods,0.246
holistic product lifecyle,product data management,0.246
embedded c,upgrade firmware,0.246
streams,hydraulic fluid,0.246
comprehensive unit-based safety program (cusp) toolkit,safety engineering,0.246
emailing,execute email marketing,0.245
inclusive,work for public inclusion,0.245
protocoles réseau,create safe working protocols,0.245
treejack,fell trees,0.245
tableurs,operate table saw,0.245
domain name system (dns),automatic control system,0.245
logical erds,logic,0.244
budgeting techniques for cost and profit centers,estimate profitability,0.244
increase collaboration by implementing strategies for team performance,implement marketing strategies,0.244
cultura organizacional,advise on organisational culture,0.244
applying vision,develop computer vision system,0.243
virtualization,create a product's virtual model,0.243
react (javascript library),react to emergency situations in a live performance environment,0.243
prospecting,handle quotes from prospective shippers,0.243
collecte de données,collect mail,0.242
stylegans,design hair style,0.242
devise a customized plan for optimizing your eating patterns.,grade patterns for wearing apparel,0.242
react native os apis,install operating system,0.242
fair use,use databases,0.242
gamification,fish identification and classification,0.241
jobs,occupational physiology,0.241
goroutines,write routine reports,0.241
feature tracking,perform dimensionality reduction,0.241
work with app data sources using google sheets,handle broken glass sheets,0.24
threat modeling,3D modelling,0.24
custom and exotic models with functional api,perform physical stress tests on models,0.24
lemmatization,digitization,0.24
word2vec,use word processing software,0.24
rhythm,express yourself creatively,0.239
analyzing firewall logs and configuring security controls,security engineering,0.239
facial recognition system,automatic control system,0.239
regression modeling,3D modelling,0.239
list comprehension,define technical requirements,0.239
harnessing imagination in scenarios,process spatial information,0.238
itil terminogy,terminology,0.238
برنامج tableau,operate table saw,0.238
gestion du changement,apply change management,0.238
ux and ui,install electrical and electronic equipment,0.238
mental illness,educate on the prevention of illness,0.237
python scripting,transcription methods,0.237
experiencia del usuario (ux),manage the customer experience,0.237
diversification,fish identification and classification,0.237
capital budgeting,evaluate budgets,0.237
object-oriented python,lead others,0.237
cybersecurity analyst,security threats,0.237
animation,animal biology,0.236
prototipo,design prototypes,0.236
inclusive ml,work for public inclusion,0.236
poetry,geometry,0.236
practice self-compassion with regard to your eating behaviors and food choices.,adopt ways to foster biodiversity and animal welfare,0.236
conditionals,monitor processing conditions,0.235
iterators,set up generators,0.235
issue tracking system,automatic control system,0.235
create a simple android ui,create a financial plan,0.235
utilize methods for talking with and engaging leads,funding methods,0.234
set protocol’s tokenization method,create safe working protocols,0.234
servicio de directorio,follow directions of the artistic director,0.233
cardiovascular understanding,interpret electrical diagrams,0.233
filmmaking,film studies,0.233
veränderungsmanagement,apply change management,0.233
named-entity recognition,image recognition,0.233
sagemaker feature store,perform dimensionality reduction,0.233
responding with an elevator pitch,interact with an audience,0.233
gestion de proyectos de desarrollo,carry out de-icing activities,0.233
list & label,prepare prescription labels,0.232
run and interpret kaplan-meier curves in r,interpret current data,0.232
compiler,compile appraisal reports,0.232
amazon elastic container registry,types of containers,0.232
visualization,visual disability,0.232
étude de cas,carry out de-icing activities,0.232
binary search tree,conduct search engine optimisation,0.231
basic understanding of how to read different types of charts,loading charts for transportation of goods,0.231
variability,assess reliability of data,0.231
sql scripts,perform scripted dialogue,0.231
cybersecurity staffing,security threats,0.231
estudo de caso,carry out de-icing activities,0.231
how might we method,funding methods,0.23
tomada de decisões,carry out de-icing activities,0.23
internet of things (iot),conduct web searches,0.23
metadaten,manage content metadata,0.23
conditional generation,set up generators,0.229
user interface,provide user documentation,0.229
mapreduce,reduce business mobility costs,0.229
desarrollo profesional,interact professionally in research and professional environments,0.229
• create simple javascript code,code of Conduct for Responsible Fisheries,0.229
resolução de problemas,identify problems,0.228
gestión de riesgos,carry out de-icing activities,0.228
estimativa de tarefas,carry out de-icing activities,0.228
preparing an informative lecture,structure information,0.228
object recognition,image recognition,0.228
gestión de cambios,carry out de-icing activities,0.228
discrete random variables,respect confidentiality obligations,0.228
trabajos de diseño de ux,carry out de-icing activities,0.228
gestión de calidad,carry out de-icing activities,0.228
publicidad de rendimiento,carry out de-icing activities,0.228
r function definition,packaging functions,0.228
benchmarking,laser marking processes,0.228
econometrics,biometrics,0.227
how to choose more sustainably raised meat and chicken when shopping at the supermarket (if you eat these foods),perform mystery shopping,0.227
determinación del tamaño de la muestra,carry out de-icing activities,0.227
recursively enumerable set,set production facilities standards,0.227
describe how to work with relational data on azure,database,0.227
differentiate the traits that make up a good prospect from those of a bad prospect,handle quotes from prospective shippers,0.227
k-means clustering,biomechanics,0.227
deploying vpns and ssl/ssh encryption,military code,0.227
soporte al cliente,coach clients,0.226
sistema de nombres de dominio,carry out de-icing activities,0.226
whole genome sequencing,numerical sequences,0.226
sistema de nomes de domínio (dns),carry out de-icing activities,0.226
sending a message with relatability,disseminate messages to people,0.225
aggregations,disaggregate the production plan,0.225
priorización de riesgos,carry out de-icing activities,0.225
hoja de cálculo,carry out de-icing activities,0.225
datenaggregation,disaggregate the production plan,0.225
test de facilité d’utilisation,test package,0.225
fusion 360,blood transfusion,0.225
sistemas de archivos de linux,carry out de-icing activities,0.225
análise de dados,carry out de-icing activities,0.225
gestão de mudança,carry out de-icing activities,0.225
modelo de red,carry out de-icing activities,0.225
limpeza de dados,carry out de-icing activities,0.224
segurança de rede,carry out de-icing activities,0.224
gestión de proyectos,carry out de-icing activities,0.224
object-oriented analysis and design,perform data analysis,0.224
análisis e identificación de riesgos,carry out de-icing activities,0.224
analytic mindset,data analytics,0.224
user-centered design (create basic visualizations that match data and user needs),deliver visual presentation of data,0.224
recopilación de datos,carry out de-icing activities,0.224
protocolo ligero de acceso a directorios,carry out de-icing activities,0.224
cultura de la organización,study cultures,0.224
modelo de rede,carry out de-icing activities,0.224
gestão de riscos,carry out de-icing activities,0.224
animations,animal biology,0.224
coleta de dados,carry out de-icing activities,0.224
segurança de redes sem fio,carry out de-icing activities,0.224
seguridad de la red,carry out de-icing activities,0.224
diseño de la experiencia del usuario (uxd),carry out de-icing activities,0.224
diseño de proyectos,carry out de-icing activities,0.224
redacción de negocios,carry out de-icing activities,0.223
charte de projet,carry out de-icing activities,0.223
execução de projetos,carry out de-icing activities,0.223
ética de datos,carry out de-icing activities,0.223
agregação de dados,carry out de-icing activities,0.223
integridad de datos,carry out de-icing activities,0.223
gestion de projets,carry out de-icing activities,0.223
evaluación de necesidades,carry out de-icing activities,0.223
cybersecurity fluency,security threats,0.223
agregación de datos,carry out de-icing activities,0.223
cálculos de dados,carry out de-icing activities,0.223
pesquisa de ux,carry out de-icing activities,0.223
fusion360,blood transfusion,0.223
estimación de tareas,carry out de-icing activities,0.223
esquema de página,carry out de-icing activities,0.223
escrita de negócios,carry out de-icing activities,0.223
gerenciamento de projetos,carry out de-icing activities,0.223
resolución de problemas,identify problems,0.223
serviço de diretórios,carry out de-icing activities,0.223
gestión de recursos humanos,carry out de-icing activities,0.223
gerenciamento de riscos,carry out de-icing activities,0.223
gestión de marcas,carry out de-icing activities,0.223
planejamento de projetos,carry out de-icing activities,0.223
prise de décision,carry out de-icing activities,0.223
limpieza de datos,carry out de-icing activities,0.223
conception de l’expérience utilisateur (uxd),carry out de-icing activities,0.223
análisis de datos,carry out de-icing activities,0.223
gestion de projet,carry out de-icing activities,0.223
testagem de usabilidade,carry out de-icing activities,0.222
question-answering,answer requests for quotation,0.222
pruebas de usabilidad,carry out de-icing activities,0.222
planification de projet,carry out de-icing activities,0.222
détermination de la taille d’échantillon,carry out de-icing activities,0.222
emplois de conception ux.,carry out de-icing activities,0.222
interfaz de comandos,carry out de-icing activities,0.222
planificación de proyectos,carry out de-icing activities,0.222
gestión de los interesados,carry out de-icing activities,0.222
introduction to python for cybersecurity,security threats,0.221
rebuild your relationship with food by learning to genuinely love the foods that will support your health in the long term.,plan medium to long term objectives,0.221
songwriting,writing techniques,0.221
structural,examine civil structures,0.22
automl,drive automatic car,0.22
cloud functions,test lift operation,0.22
queues,use questioning techniques,0.22
knowing the buyer's journey,represent the organisation,0.22
python function definition,risk identification,0.219
redshift,coordinate shifts,0.219
sql aggregations,disaggregate the production plan,0.219
playing guitar,play with children,0.219
tests de la facilité d’utilisation,perform laboratory tests,0.218
- datenanalyse,analyse data about clients,0.218
cartography,teach geography,0.218
materialized view,test materials,0.218
datenanalyse,analyse data about clients,0.218
gestion des partenaires,design questionnaires,0.218
go conditionals,monitor processing conditions,0.217
seasonality,theories of personality,0.217
creational,make artistic food creations,0.216
perception,transport topography,0.216
owner’s equity and owner’s draw,draw design sketches,0.216
controllable generation,set up generators,0.215
airplane conception and validation,aircraft mechanics,0.215
vector calculus,calculate dividends,0.215
microstrategy,operate microscope,0.215
arrays,position glass on trays,0.215
sectors,legal requirements in the social sector,0.214
understand the likely impacts on the real economy of the different courses of actions ahead of us,circular economy,0.214
generics,set up generators,0.214
samtools,use hand tools,0.214
cybersecurity reconnaissance,security threats,0.214
- r-programmierung,program firmware,0.213
metadatos,manage content metadata,0.213
producing,paper production processes,0.213
microservices,microsensors,0.213
bash scripting,transcription methods,0.212
object-oriented javascript,lead others,0.212
understand the fundamentals of magnetic components including inductors and transformers,kinetics,0.212
recyclerview,maintain recycling records,0.212
time-to-event modeling,keep time accurately,0.212
datenvisualisierung (dataviz),deliver visual presentation of data,0.211
genomics,ergonomics,0.211
use ui component libraries to build android ui,replace defect components,0.211
- datenvisualisierung (dataviz),deliver visual presentation of data,0.211
understand common ways to choose what predictors go into a regression model,common children's diseases,0.211
real-world examples,World Wide Web Consortium standards,0.211
authentication and authorization,use authentic crafting techniques,0.211
adaptability,manage profitability,0.211
guitar scales,temperature scales,0.21
react native basics,electricity,0.21
vector visualization,visual disability,0.21
analytic frameworks,data analytics,0.21
css frameworks,set quality assurance objectives,0.209
firewall configuration,program lift controller,0.209
unity,analyse community needs,0.209
git and github,install electrical and electronic equipment,0.209
hospice,teach hospitality principles,0.209
javac,understand spoken Javanese,0.209
wireshark,organise wires,0.209
branding,manage brand assets,0.209
serial line internet protocol (slip),monitor the production line,0.208
cis benchmarks,trademarks,0.208
math,communicate mathematical information,0.208
tumour immunity,clinical immunology,0.208
object clustering,produce copies of valuable objects,0.207
autocorrect,manage corrective actions,0.206
javascript functions,test lift operation,0.206
bonds,trade securities,0.206
conceptual erds,think abstractly,0.206
hashing,rope lashing,0.205
junior cybersecurity analyst,security threats,0.205
ibm powervc,use power tools,0.205
differential equations,adapt to different weather conditions,0.205
discriminator,criminal law,0.205
iterator,operate signal generator,0.204
backtesting,use testing equipment,0.204
auth0,authoring software,0.204
built-in python functions,firmware,0.204
ideation,develop creative ideas,0.203
intractability,manage profitability,0.203
real-world assignments,World Wide Web Consortium standards,0.202
portfólio profissional,manage portfolio,0.202
openshift,work in shifts,0.202
front and back ends,use back-up and recovery tools,0.202
k-anonymization,periodisation,0.202
strategisches denken,strategic planning,0.201
design and optimize inductors and transformers for switched-mode power converters,refractive power,0.201
trauma,apply first response,0.201
hyperledger,manage the general ledger,0.201
salesforce,achieve sales targets,0.201
vectors,communicate with waste collectors,0.2
dynamic linear modeling,3D modelling,0.2
cucumber,distinguish lumber categories,0.2
orchestrator user interface,provide user documentation,0.2
worksheet,use spreadsheets software,0.2
dataflow,process data,0.2
mitigating vulnerabilities using packet capture and analysis,business analysis,0.2
choosing advisors,select mould types,0.199
leading a diverse workforce,lead a team,0.199
bounding boxes,determine property boundaries,0.199
syndication,provide medication information,0.199
psycopg2,developmental psychology,0.199
vision alignment,develop computer vision system,0.198
object tracking,produce copies of valuable objects,0.197
including the use of basic functions such as sum and average,manage the use of vaccines,0.196
selectors,communicate with waste collectors,0.196
functional javascript,conduct research across disciplines,0.196
explainable ai,advise on sustainable management policies,0.196
adjective,provide objective assessments of calls,0.195
screenwriting,writing techniques,0.195
sql joins,create wood joints,0.195
wiremock,organise wires,0.195
alteryx,alternative energy,0.195
cube and rollup,install electrical and electronic equipment,0.195
agile frameworks,set quality assurance objectives,0.194
tracking,track key performance indicators,0.194
extended kalman filters,maintain concentration for long periods,0.194
dashboard,conduct on board safety inspections,0.194
gameplay,demonstrate games,0.194
gcp ace certification,fish identification and classification,0.194
zk-snarks,trademarks,0.193
cloud-hosted notebooks,read books,0.193
azure defender,escort defendants,0.193
determinants,determine production capacity,0.193
مؤثرات عرض البيانات (dataviz),process data,0.193
integrals,integrate new products in manufacturing,0.193
wireless,organise wires,0.192
unity (user interface),provide user documentation,0.192
teradata,statistics,0.192
option,comply with optical prescriptions,0.192
normalization,identify abnormalities,0.192
ros nodes,apply electrolytes to cathodes and anodes,0.191
observability,carry out scientific research in observatory,0.191
attack and defend,comply with the principles of self-defence,0.191
comunicação eficaz,use communication devices,0.191
go arrays,position glass on trays,0.191
gst compliances & return filing,test dental appliances for compliance,0.191
jupyter notebook,book reviews,0.19
strings,tune stringed musical instruments,0.19
android notifications,fish identification and classification,0.19
c# coding,apply basic programming skills,0.19
coding,apply basic programming skills,0.19
ui kits and plugins,install electrical and electronic equipment,0.19
perangkat lunak tableau,operate table saw,0.189
logiciel tableau,operate table saw,0.189
webpack,pack goods,0.189
cryptography,teach geography,0.189
agile,pack fragile items for transportation,0.188
aws elastic beanstalk,manipulate plastic,0.188
azure ml sdk,optical character recognition software,0.188
regularization to avoid overfitting,make an informed use of the health-care system,0.188
java annotations,musical notation,0.187
cooking vegetables in ways that will delight,entertain people,0.187
metadados,manage content metadata,0.186
java compiler,compile appraisal reports,0.186
amazon elastic kubernetes,manipulate plastic,0.186
tableau visualizations,visual disability,0.186
paying for college,collect samples for analysis,0.186
creating links to files and directories,follow directions of the artistic director,0.185
happiness,collect mapping data,0.185
powershell,computer programming,0.185
docker,wicker materials,0.185
ethica hacking,data ethics,0.184
unittest,test electronic units,0.184
phishing,metal polishing machine parts,0.184
pemrograman r,evaluate education programmes,0.184
hyperparameter tuning,optimise production processes parameters,0.184
intellij,intellectual property law,0.184
deception,clean public areas,0.184
brain,brainstorm ideas,0.184
crisp-dm,crisis intervention,0.183
pythagorean theorem,understand written Korean,0.183
vhdl coding,apply basic programming skills,0.183
effective use of labor,communicate in healthcare,0.183
ai fairness,attend book fairs,0.182
packer,wicker materials,0.182
star and snowflake schema,install electrical and electronic equipment,0.182
databricks,use databases,0.182
tokenization,digitization,0.181
eigenvalues and eigenvectors,install electrical and electronic equipment,0.181
graphslam,design graphics,0.181
hiring,recruit personnel,0.181
for loop,conduct web searches,0.181
serverless,run a media server,0.181
python arrays,position glass on trays,0.181
projektplanung,organise project meetings,0.181
mindful eating,adopt ways to foster biodiversity and animal welfare,0.18
dataset annotation,musical notation,0.18
zoom,zoo regulations,0.18
adobe photoshop,study aerial photos,0.18
masking,perform multiple tasks at the same time,0.179
retain,maintain pipeline coating properties,0.179
upload,load animals for transportation,0.179
tact,devise military tactics,0.179
termo de abertura do projeto,carry out de-icing activities,0.179
sistemas de arquivos do linux,carry out de-icing activities,0.178
logging,use rigging tools,0.178
estatuto del proyecto,maintain statutory books,0.178
lucidchart,create flowchart diagram,0.178
gestion des risques,use questioning techniques,0.177
f1 score,mark processed workpiece,0.177
redux,reduce business mobility costs,0.177
municipal bonds,trade securities,0.177
preprocessor,prepress processes,0.177
base64,knowledge base,0.177
naive bayes classifiers,fish identification and classification,0.177
command line interface basics,monitor the production line,0.177
neuroscience,data science,0.177
javascript,transcription methods,0.176
bag of words,use word processing software,0.176
gratitude,demonstrate professional attitude to clients,0.176
diretórios do ldap,give massages,0.176
laziness,assemble insulating glazing units,0.176
threat profiling,identify security threats,0.176
mysql,perform mystery shopping,0.175
arrays in javascript,write Javanese,0.175
shiny dashboards,design circuit boards,0.175
perfectionnement professionnel,interact professionally in research and professional environments,0.175
cancer,cancellation policies of service providers,0.174
experiência do usuário (ux),give massages,0.174
memoir,memorise information,0.174
marvel,carve materials,0.174
meditation,ensure sanitation,0.174
how to navigate the egg section (understanding terms like free range and pasture raised),use free typing techniques,0.174
firebase,conduct fire tests,0.173
graphs,post-processing of photographs,0.173
cobol coding,apply basic programming skills,0.173
compose ui using kotlin ui views,give interviews to media,0.172
variable scope,agronomy,0.172
transition to hospice,adapt to change,0.172
dentures,joint ventures,0.171
tablature,operate table saw,0.171
bioconductor,semiconductors,0.171
right to be forgotten,crime victims' rights,0.171
effektive kommunikation,communicate in healthcare,0.171
apposition,show determination,0.171
pros and cons of gans,health and safety regulations,0.171
convolution and deconvolution,install electrical and electronic equipment,0.171
randomization,periodisation,0.17
sift detector,radars,0.17
causality,determine cause of damage,0.17
assertiveness,support the positiveness of youths,0.17
bayes' theorem,game theory,0.17
easing pain and suffering,public offering,0.17
onboarding,conduct on board safety inspections,0.169
refinancing,financial capability,0.169
microservices debugging,microsensors,0.169
signature,use signalling equipment,0.167
crazy 8s,operate cranes,0.167
determinação do tamanho da amostra,give massages,0.167
cryptographic attacks,photographic processing techniques,0.167
tableau storypoint,operate table saw,0.167
serializers and deserializers,install electrical and electronic equipment,0.166
logo,logic,0.166
wpscan,screen clients,0.166
- fallstudie,communication studies,0.166
electrocardiographs,electroplating,0.166
comunicación efectiva,remove defective products,0.166
java arrays,position glass on trays,0.165
aws config,show confidence,0.165
iteration,conduct literature research,0.165
loops,train military troops,0.164
interface de comando,interpret graphical communication interfaces,0.164
photometric stereo,biometrics,0.164
gestion agile,pack fragile items for transportation,0.164
precomputing predictions,scientific computing,0.164
metaverse,manipulate metal,0.163
creating sensible and delightful desserts,design firmware,0.163
salience,data science,0.163
venture capital financing,financial capability,0.163
cyclegan,manage packaging development cycle from concept to launch,0.163
wireframe,organise wires,0.163
fasttext,adapt text culturally,0.162
gaming,train dealers in gaming,0.162
adobe indesign,design process,0.162
nmap,read maps,0.162
venture capital,joint ventures,0.161
storyboarding,tune keyboard music instruments,0.161
exécution du projet,oversee construction project,0.161
foresight,forest conservation,0.161
podcast,lead cast and crew,0.161
ethereum 2.0 approaches to scaling,freight transport methods,0.161
polymorphism,polymer chemistry,0.16
powerpoint,use power tools,0.16
influencers,influence policy makers on social service issues,0.16
lambda expressions,express yourself creatively,0.159
salesforce lightning,lighting techniques,0.159
locality-sensitive hashing,respect confidentiality obligations,0.159
ides,herbicides,0.158
autocad,monitor automated machines,0.157
story telling,teach history,0.157
command-line interface,monitor the production line,0.157
invision,work under supervision in care,0.156
codebuild,building codes,0.156
postgresql,collect mail,0.156
histogram filters,teach history,0.155
api endpoints,create wood joints,0.155
storytelling,spelling,0.155
cluster validation,validate raw materials,0.155
flexbox,perform services in a flexible manner,0.155
reason,interpret mathematical information,0.155
swaps and options,comply with optical prescriptions,0.154
redis,develop food waste reduction strategies,0.154
backups,system backup best practice,0.154
tiers of deletion,business strategy concepts,0.154
multivariable calculus,calculate dividends,0.153
spark sql,park guest's vehicle,0.153
cryptocurrency,manage currency exchange risk mitigation techniques,0.153
cuestionamiento,use questioning techniques,0.153
apache jmeter,read gas meter,0.152
tensorboard,conduct on board safety inspections,0.152
css,style sheet languages,0.151
persistence,understand spoken Persian,0.151
lean six sigma,clean surfaces,0.151
sprint retrospectives,handle quotes from prospective shippers,0.151
biopython,biophysics,0.151
amazon elastic compute cloud,manipulate plastic,0.151
debugging,use rigging tools,0.151
melodic hooks,read books,0.15
comparative genomics,ergonomics,0.15
influencing,advise on licencing procedures,0.15
flourishing,metal polishing machine parts,0.149
kalman filters,"browse, search and filter data, information and digital content",0.149
cherrytree,inspect trees,0.148
use snapchat ad manager to set up and optimize snapads,support managers,0.148
hashtables,operate table saw,0.148
projektcharta,perform project management,0.148
conception expérience utilisateur (uxd),develop a pedagogical concept,0.148
nvidia,media law,0.148
cyber attacks,security threats,0.148
poise,ensure compliance with noise standards,0.148
adaptibility,execute feasibility study,0.148
autodesk,handle helpdesk problems,0.147
matrix factorization,assess risk factors,0.147
pseudocode,code of Conduct for Responsible Fisheries,0.147
javascript coding,apply basic programming skills,0.147
rest api's,forest conservation,0.147
ingenuity,ensure continuous styling of artists,0.147
query string,tune stringed musical instruments,0.146
strategize to gain qualified leads and referrals,maintain professional records,0.146
perfect tenses,master language rules,0.146
belting,monitor conveyor belt,0.146
cryptocurrency tokens,manage currency exchange risk mitigation techniques,0.146
phpmyadmin,maintain contract administration,0.146
c++ polymorphism,polymer chemistry,0.145
resiliency,adjust to physical demands,0.145
clustering,prepare surface for plastering,0.145
json,advise on lesson plans,0.145
go loops,train military troops,0.144
- r markdown,market analysis,0.144
r markdown,market analysis,0.144
np-completeness,review completed contracts,0.144
azure conversational ai agents,handle chemical cleaning agents,0.144
html and css,style sheet languages,0.144
armature,control temperature,0.144
openstack,stack goods,0.144
jazz,Javanese,0.144
burp suite,wear cleanroom suit,0.143
mockito,make architectural mock-ups,0.143
studi kasus,religious studies,0.143
expérience utilisateur (ux),manage the customer experience,0.143
javascript async/await,transcription methods,0.143
influencia,influence policy makers on social service issues,0.142
transformation matrix,provide information,0.142
executive presence,translate spoken language consecutively,0.142
java stream api,understand spoken Javanese,0.142
constraint propagation,construction methods,0.142
cloud observability,carry out scientific research in observatory,0.142
go structs,construction methods,0.142
projektabwicklung,perform project management,0.142
effect modifcation,communicate in healthcare,0.142
grid+,tend CNC grinding machine,0.142
meta spark,park guest's vehicle,0.141
backward induction,control production,0.141
solidity,liquidity management,0.141
cyclegans,manage packaging development cycle from concept to launch,0.141
montgomery modular multiplication,perform multiple tasks at the same time,0.141
terraform,work on uneven surfaces,0.141
orchestration,operate brazing equipment,0.14
framing,create furniture frames,0.14
cli,coach clients,0.139
neurodiversity,respect the diversity of cultural values and norms,0.139
iifes,advise on healthy lifestyles,0.139
gradient descent,adolescent socialisation behaviour,0.139
gpu,collect data using GPS,0.139
devops,hand props to actors,0.139
artifact and lineage tracking,track key performance indicators,0.138
criptografía,transcription methods,0.137
log–log plot,maintain records of maintenance interventions,0.137
bias in gans,critically evaluate information and its sources,0.137
javascript promises,transcription methods,0.137
autodesk fusion 360,blood transfusion,0.137
fourier transform,risk transfer,0.136
planilha,plan,0.136
cobol divisions,diving operation requirements,0.136
javascript variables,transcription methods,0.135
punctuation,tend punch press,0.134
kanban,hoshin kanri strategic planning,0.134
dash,handle cash flow,0.133
tally prime,choose proper primer coat,0.132
depreciation,appreciate diverse cultural and artistic expression,0.132
ooda loops,train military troops,0.132
pytorch,torch temperature for metal processes,0.132
rest apis,forest conservation,0.132
particle filters,photonics,0.132
variables,act reliably,0.131
splunk,splice cable,0.131
arima,primary care,0.131
modules,create production schedules,0.131
mainframe,create furniture frames,0.131
agile fluency,pack fragile items for transportation,0.131
chatgpt,mechatronics,0.13
hibernate orm,international business,0.13
offline caching,advise on teaching methods,0.13
fragestellung,perform PESTEL analysis,0.13
confounding,funding methods,0.13
esquema,Basque,0.13
bigquery,analyse big data,0.13
compras,ban cameras,0.129
diagonalization,manage localisation,0.129
buffer overflow,buffing motions,0.129
adobe xd,use presentation software,0.129
servlets,perform media outlets research,0.129
belief propagation,political ideologies,0.128
ux friction,use dictionaries,0.128
java class library,understand spoken Javanese,0.128
random variable,act reliably,0.127
cyber attack,comply with the principles of self-defence,0.127
gerenciamento da qualidade,manage quality,0.126
hypertext preprocessor (php),prepress processes,0.126
convolutional kernels,create solutions to problems,0.126
angular cli,schedule regular machine maintenance,0.126
consolization,sterilization techniques,0.126
regression,document project progress,0.126
chords,check accounting records,0.126
sparkml,park vehicles,0.126
entomology,pathology,0.125
chatterbot,observe matter,0.125
elevator pitch,operate signal generator,0.125
outreach,position outriggers,0.125
broadcast,lead cast and crew,0.124
fastslam,fasten components,0.124
auto encoders,drive automatic car,0.124
mockup,make architectural mock-ups,0.123
dbscan,screen clients,0.123
combinatorics,combination of flavours,0.123
lean startup,clean surfaces,0.123
point clouds,identify abnormalities,0.122
- tabellenkalkulation,lean manufacturing,0.122
tabellenkalkulation,lean manufacturing,0.122
metasploit,manipulate metal,0.122
amazon dynamodb,thermodynamics,0.122
cyber defense,security threats,0.122
vulnerability patching,check durability of wood materials,0.122
asynchronous javascript,transcription methods,0.122
codeskulptor,code of Conduct for Responsible Fisheries,0.122
junit,check dangerous goods transport unit,0.122
apache spark,park vehicles,0.121
gestión con la metodología agile,pack fragile items for transportation,0.121
sparksql,park vehicles,0.121
incentive,develop preventive maintenance procedures for instruments,0.121
go variables,act reliably,0.121
deserialization,manage localisation,0.121
réflexion stratégique,perform services in a flexible manner,0.12
prostate cancer,cancellation policies of service providers,0.12
least squares,leasing characteristics,0.12
dyslexia,theoretical lexicography,0.119
uipath orchestrator,operate brazing equipment,0.119
numpy,apply numeracy skills,0.119
belonging,practise singing,0.119
flask,keep task records,0.119
maquette fonctionnelle,recruit personnel,0.119
angularjs,computer programming,0.118
kotlin,develop course outline,0.118
dax,melt wax,0.118
flourish,Irish,0.118
planificación estratégica,strategic planning,0.118
glove,Slovenian,0.118
dicom,medical imaging technology,0.118
figma,coordinate fire fighting,0.117
toe,position guardrails and toeboards,0.117
gases,flammable fluids,0.117
latent variables,apply for patents,0.116
python libraries,write calibration report,0.116
gerenciamento agile,pack fragile items for transportation,0.116
go range,micromechanics,0.116
autoencoder,monitor automated machines,0.116
go slices,attend performances,0.116
sorting,international financial reporting standards,0.116
unix,trade union regulations,0.115
gerenciamento das partes interessadas,protect client interests,0.115
sostenibilidad,listen actively,0.115
remix ide,marketing mix,0.115
unscented kalman filters,"browse, search and filter data, information and digital content",0.115
autoencoders,drive automatic car,0.114
approvisionnement,improvise,0.114
six sigma,sign language,0.114
azure portal,Portuguese,0.114
kalkulationstabelle,communicate regulations,0.113
c++ libraries,write calibration report,0.113
vulnerability exploitation,check durability of wood materials,0.113
gitops,hand props to actors,0.113
point cloud library,identify abnormalities,0.113
cloud endpoints,create wood joints,0.113
variational autoencoders,quality of fish products,0.112
backpropagation,manage backlogs,0.112
wgans,general medicine,0.112
ingestion,use questioning techniques,0.112
docstrings,tune stringed musical instruments,0.112
python ides,herbicides,0.112
linearity,maintain linen operation,0.111
python library fluency,literary techniques,0.111
retailing,attend to detail,0.111
apache hive,manage construction archive,0.111
html/css,style sheet languages,0.111
sql subqueries,assist visitors,0.111
bestimmung der stichprobengröße,clinical immunology,0.111
cloud native,alternative energy,0.11
linear equation,monitor the production line,0.109
github,Lithuanian,0.109
swagger,forging processes,0.109
css-in-js,style sheet languages,0.108
google adwords,use word processing software,0.107
midi,Hindi,0.107
accelerometers,monitor manufacturing impact,0.107
single linkage clustering,adopt ways to reduce negative impact of consumption,0.107
código binario,bind wire,0.107
blog posts,calculate production costs,0.107
datenethik,data ethics,0.106
anaconda,secondary school procedures,0.106
agrégation des données,law of obligation,0.106
hierarchical clustering,prepare surface for plastering,0.105
elevator pitches,install electric switches,0.105
fastapi,fasten components,0.105
datenintegrität,listen actively,0.105
touchpoint,administer appointments,0.105
jest,analyse test data,0.105
adobe illustrator,use presentation software,0.104
foreach loop,types of bleach,0.104
hanyu shuiping kaoshi (hsk),install metal gas piping,0.104
kafka rest proxy,forest conservation,0.104
autoscaling,drive automatic car,0.103
cors,audit contractors,0.103
derrivatives,deal with arrivals in accommodation,0.103
petri net,pet diseases,0.103
lidar,study radar images,0.102
pemecahan masalah,determine salaries,0.102
ridge regression,estimate repair priority,0.102
hypervisor,perform diving interventions,0.102
corruption,manage corrective actions,0.101
encoding,metal eroding technology,0.101
centurylink,analyse call centre activities,0.101
amazon cloudwatch,inspect clocks,0.1
recursion,nursing principles,0.1
linear regression,install power lines,0.1
thymeleaf,draft press releases,0.1
python lists,ethical code of conduct of journalists,0.1
modular exponentiation,export control principles,0.1
matrix diagonalization,manage localisation,0.099
débogage,mortgage loans,0.099
sagemaker jumpstart,work with prop makers,0.099
harmony,provide testimony in court hearings,0.099
apache impala,climate change impact,0.098
star schemas,blueprints,0.098
partial derivative,political parties,0.098
opencv,computer programming,0.098
cvss,press law,0.098
concatenation,international law,0.097
esri,Bihari,0.097
scrum,surveillance methods,0.097
metabolic pathways,cast metal,0.097
tesol,test package,0.097
aws cli,coach clients,0.097
• scrum,surveillance methods,0.097
selenium,select event providers,0.096
fluency,influence policy makers on social service issues,0.096
dcgans,general medicine,0.096
aws autoscaling,drive automatic car,0.096
integridade dos dados,integrate new products in manufacturing,0.096
merchandising,anodising process,0.096
adquisiciones,study acquisition of language,0.095
perceptron,transport topography,0.095
api gateway,learning management systems,0.095
jasmine,mine dump design,0.095
derivatives,manage test drives,0.095
simple stereo,computer vision,0.095
knime,examine crime scenes,0.095
prometheus,promote company,0.095
dead reckoning,meet deadlines,0.094
análise dos dados,prepare government funding dossiers,0.094
cassandra,manage fundraising activities,0.094
google dataflow/google bigquery,analyse big data,0.094
watson,water policies,0.093
ci/cd,circus aesthetics,0.093
apis,liaise with typists,0.092
accrual,accounting,0.092
kubernetes,conduct web searches,0.091
truffle ide,maintain trusts,0.091
tinkercad,create CAD drawings,0.091
kindness,attend to detail in preparation for audits,0.091
api fluency,increase the impact of science on policy and society,0.09
tai fluency,influence policy makers on social service issues,0.09
mindfulness,keep an open mind,0.09
aws lambda,repair laminated structures,0.09
volatility smile,mobility disability,0.09
jquery,lacquer wood surfaces,0.089
iaas paas saas,install metal gas piping,0.089
uipath,relate empathetically,0.089
implied volatility,mobility disability,0.089
watson ai,water policies,0.089
sqlalchemy,chemistry,0.089
amazon api gateway,learning management systems,0.089
vuforia,editorial standards,0.088
chatbot,mechatronics,0.088
suffix array,rehabilitation,0.087
zokrates,types of containers,0.087
intégrité des données,manage donor database,0.087
melody,apply body paint,0.086
karriereentwicklung,wicker materials,0.085
verilog,verify feasibility,0.085
inheritance,analyse stress resistance of materials,0.085
crt0,operate cranes,0.084
app runner,run simulations,0.084
nodejs,apply electrolytes to cathodes and anodes,0.084
node.js,apply electrolytes to cathodes and anodes,0.084
bitcoin core,identify key processes of traceability systems,0.084
quadcoper,manage quality,0.084
jwts,patents,0.083
savoring,develop energy saving concepts,0.083
sass,rinse glass,0.083
ibm z,"data extraction, transformation and loading tools",0.083
bitcoin,coining,0.083
recherche ux,develop professional network with researchers and scientists,0.083
éthique des données,manage donor database,0.083
guitar chords,keep records of work progress,0.082
heroku,herbicides,0.082
esg,Estonian,0.082
sqlite,literary techniques,0.082
seguridad inalámbrica,types of lubricants,0.081
ibm watson,"data extraction, transformation and loading tools",0.081
emt,train employees,0.081
respaldo,assume responsibility,0.081
clarity,test gas purity,0.08
augur,install machinery,0.08
intake,take over pedal control,0.08
ethereum,data ethics,0.079
apache kafka,analyse staff capacity,0.079
linux,monitor the production line,0.079
ndas,create cadastral maps,0.079
chord,record test data,0.079
beschaffung,system backup best practice,0.079
xgboost,assess operating cost,0.078
plotly,work efficiently,0.078
balsamiq,perform balance sheet operations,0.078
apache avro,analyse staff capacity,0.077
amazon lex,theoretical lexicography,0.077
mybatis,business incubation,0.077
datenerhebung,inspect overhead power lines,0.077
solids,telemarketing,0.077
fintech disruption,advise on bankruptcy proceedings,0.077
cálculos en torno a los datos,study aerial photos,0.077
caso práctico,legal case management,0.076
ibm cloud,"data extraction, transformation and loading tools",0.076
dapps,collect data using GPS,0.076
maquete,test concrete,0.075
martech fluency,influence policy makers on social service issues,0.075
convulsion,conduct performance measurement,0.075
entscheidungsfindung,perform dunning activities,0.074
grafana,design graphics,0.074
amazon rds,zoning codes,0.073
faus,spot metal imperfections,0.073
pengambilan keputusan,reputation management,0.072
netflix oss,artificial neural networks,0.072
pensamento estratégico,provide mentorship,0.072
datenbereinigung,process data,0.071
- datenbereinigung,process data,0.071
erds,quality standards,0.071
datenberechnungen,process data,0.071
dropouts,hydroelectricity,0.071
pandas,security panels,0.069
rhocp,apply HACCP,0.069
aws iam,characteristics of diamonds,0.068
guitar,determine suitability of materials,0.068
snort ids,manage chronic health conditions,0.068
gazebo,Azerbaijani,0.068
efl,personal reflection techniques based on feedback,0.067
maqueta,statistics,0.067
turtlebot,Turkish,0.067
google,assemble goods,0.067
aws,tax legislation,0.066
• einflussnahme,influence policy makers on social service issues,0.066
jre,bend wire,0.066
crm,operate cranes,0.066
cloudera,cameras,0.065
tuple,trace people,0.065
pensamiento estratégico,strategic planning,0.065
nettoyage des données,manage donor database,0.065
cloud,adjust clothes,0.065
apache hadoop,analyse staff capacity,0.064
amazon s3,zoning codes,0.064
ggplot2,adjust clothes,0.064
rnns,review construction plans authorisations,0.063
node-postgres,apply electrolytes to cathodes and anodes,0.063
neo4j,translate spoken language simultaneously,0.063
cloud sql,adjust clothes,0.062
slam,Slovenian,0.062
mengajukan pertanyaan,Bengali,0.061
cloudant,adjust clothes,0.061
helm,film studies,0.061
cyberattacks,rig loads,0.061
matplotlib,test materials,0.06
aws cloud,adjust clothes,0.06
ciberseguridad,fibre optics,0.06
cibersegurança,fibre optics,0.059
cloud api,adjust clothes,0.059
delta lake,deliver online training,0.059
owasp top-10,conduct research on speech-related topics,0.059
arduino,evaluate employees,0.058
cloud roi,adjust clothes,0.058
google cloud,use presentation software,0.057
cloud hosting,estimate value of clocks,0.057
red hat linux,monitor the production line,0.057
asesoramiento,provide mentorship,0.057
amazon vpc,zoning codes,0.057
zero,Azerbaijani,0.056
pydicom,medical imaging technology,0.056
vim,crime victims' needs,0.056
ableton,operate table saw,0.056
knitr,operate gas extraction equipment,0.056
ai/ml,inspect aircraft for airworthiness,0.055
kpis okrs north stars,Earth science,0.055
grpc,Greek,0.055
ejecución del proyecto,create a product's virtual model,0.055
raspberry pi,write Berber,0.054
nosql,Norwegian,0.053
aufgabenschätzung,communicate with youth,0.053
vertex ai,advertising techniques,0.051
sostenbilidad,validate raw materials,0.051
mongodb,count money,0.051
métadonnées,Macedonian,0.051
piano,lay pipe installation,0.05
rdbms,building automation,0.05
ipython,communicate by telephone,0.049
pentaho,carpentry,0.049
git,create digital content,0.049
jdk,optical character recognition software,0.048
manejo del tiempo,analyse business model,0.047
sas va,manage disaster recovery plans,0.046
kaggle,Kazakh,0.045
idle (python),handle personal identifiable information,0.045
maquette,aquatic species,0.044
ética em dados,"data extraction, transformation and loading tools",0.044
zenhub,enhance website visibility,0.043
maven,make data-driven decisions,0.04
olap cubes,business incubation,0.039
esl,Estonian,0.039
sql & rdbms,building automation,0.037
xml,computer programming,0.034
sql,work in teams,0.03
pix2pix,lay pipe installation,0.03
c++,computer programming,0.029
c/c++,computer programming,0.029
rpa,asphalt mixes,0.024
uml,computer programming,0.024
c++11,computer programming,0.017
html,computer programming,0.017
html5,use spreadsheets software,0.015
ipv4,use personal organization software,0.009
xp,identify available services,0.0
محفظة الوظائف,identify available services,0.0
طرح الأسئلة,identify available services,0.0
عملية اتخاذ القرار,identify available services,0.0
لغة البرمجة r,identify available services,0.0
tf-idf,identify available services,0.0
نظيف البيانات,identify available services,0.0
دول البيانات,identify available services,0.0
dvc,identify available services,0.0
cx,identify available services,0.0
سلامة البيانات,identify available services,0.0
دراسة الحالة,identify available services,0.0
ksql,identify available services,0.0
حل المشكلات,identify available services,0.0
جمع البيانات,identify available services,0.0
جدول البيانات,identify available services,0.0
تنظيف البيانات,identify available services,0.0
تحليلات البيانات,identify available services,0.0
تحليل البيانات,identify available services,0.0
تحديد حجم العينة,identify available services,0.0
تجميع البيانات,identify available services,0.0
بيانات التعريف,identify available services,0.0
http,identify available services,0.0
العمليات الحسابية للبيانات,identify available services,0.0
العرض التقديمي,identify available services,0.0
أخلاقيات البيانات,identify available services,0.0
jpa,identify available services,0.0
ビジュアライゼーション,identify available services,0.0
