conceptUri,iscoGroup,preferredLabel,altLabels,hiddenLabels,scopeNote,description
http://data.europa.eu/esco/occupation/002da35b-7808-43f3-83bf-63596b8b351f,2431,hospitality revenue manager,yield manager;hospitality yields manager;hospitality revenues manager;revenue manager,,,"Hospitality revenue managers maximise revenue generated from facilities such as hotels, holiday resorts and camping grounds by analysing trends and competition. They assist establishment managers in strategic decisions. Hospitality revenue managers analyse and optimise the financial potential of facilities and manage the corresponding staff."
http://data.europa.eu/esco/occupation/01205776-db8d-4588-a6a6-56d0b9c660a9,2422,housing policy officer,policy officer;housing policy analyst;affordable housing policy officer;housing policy development officer;senior housing policy officer;housing policy advisor;planning and housing;housing policy researcher;housing policy and strategy officer,,,"Housing policy officers research, analyse and develop housing policies which enable affordable and adequate housing for all. They implement these policies to improve the housing situation of the population by measures such as building affordable housing, supporting people to buy real estate and improving conditions in existing housing. Housing policy officers work closely with partners, external organisations or other stakeholders and provide them with regular updates."
http://data.europa.eu/esco/occupation/01d74409-5303-4b5c-8925-0cc21c4da8ee,2641,medical writer,healthcare writer;medical information analyst;medical editor;regulatory medical writer;medical publications associate;medical technical writer;research medical writer,,,"Medical writers produce and process scientific documents related to medical affairs. Work alongside scientists, doctors and other healthcare professionals."
http://data.europa.eu/esco/occupation/0464b062-cea6-4164-b10d-956c61956ae7,2529,ICT security administrator,CISO;IT security administrator;information security administrator;ICT security administrators;network security administrator;system security administrator,,,"ICT security administrators plan and carry out security measures to protect information and data from unauthorised access, deliberate attack, theft and corruption."
http://data.europa.eu/esco/occupation/04ba4d6c-957d-417f-bf63-5b9e015a9f86,2512,software analyst,software requirement analyst;programming analyst;software analysts;programmer analyst;application analyst;software requirements analyst;analyst of software,,,"Software analysts elicit and prioritise user requirements, produce and document software specifications, test their application, and review them during software development. They act as the interface between the software users and the software development team."
http://data.europa.eu/esco/occupation/0561328b-875b-4ae2-9ba1-9af9049aef01,2422,procurement category specialist,procurement associate category specialist;market specialist;supply specialist;associate category specialist;category specialist,,,"Procurement category specialists are experts in specific markets and contract types and provide advanced knowledge of a particular category of supplies, services or works. They help internal or external clients to increase value for money and end users' satisfaction through their advanced knowledge of the suppliers and their offering."
http://data.europa.eu/esco/occupation/0611f232-b30e-46c7-9c26-2d59b1448e79,2632,criminologist,criminology scientist;criminology research scientist;criminology studies scientist;criminology studies research scientist;criminology researcher;criminology studies researcher;criminologists;criminology studies scholar;criminology science researcher;criminology scholar,,,Criminologists study conditions pertaining to humans such as the social and psychological aspects that could lead them to commit criminal acts. They observe and analyse different factors ranging from behavioural conditions up to social background and environment of suspects in order to advise organisations on the prevention of crime.
http://data.europa.eu/esco/occupation/068370e0-9c27-4814-87d0-44fbb3140815,2423,recruitment consultant,job placement officer;temporary labour officer;employment agent;employee recruiter;job placement consultant;temporary labour agent;recruiting process consultant;head hunter;recruitment officer,,,"Recruitment consultants provide the suitable candidates to employers according to the specific job profile requested. They perform testing and interviewing with job seekers, shortlist few candidates to present to the employers and match candidates to appropriate jobs. Recruitment consultants maintain relationships with employers to offer their services on a more long-term basis."
http://data.europa.eu/esco/occupation/076d23f3-a689-4f1a-8b55-ae870c9aaa85,2413,securities analyst,securities research analyst;corporate securities research analyst;bonds analyst;stock analyst;securities research director;rating analyst;shares analyst,,,"Securities analysts perform research activities to gather and analyse financial, legal and economic information. They interpret data on the price, stability and future investment trends in a certain economic area and make recommendations and forecasts to business clients."
http://data.europa.eu/esco/occupation/07bd65d7-c13f-443a-bdf6-88903f3822be,2612,judge,adjudicator;recorder;investigating magistrate;inquisitorial magistrate;appeal court judge;high court judge;district judge;examining magistrate;circuit judge;youth court judge;family court judge;deputy circuit judge,,,"Judges preside over, review and handle court cases, hearings, appeals and trials. They ensure that court procedures conform to conventional legal processes and review evidence and juries. Judges preside over cases involving such areas as crime, family issues, civil law, small claims and juvenile offenses."
http://data.europa.eu/esco/occupation/07e60525-1aad-4099-aaf3-2c7014c92212,2511,integration engineer,IT integration engineer;ICT integration engineers;system integration engineer;software integration engineer,,Includes people performing managerial activities.,Integration engineers develop and implement solutions which coordinate applications across the enterprise or its units and departments. They evaluate existing components or systems to determine integration requirements and ensure that the final solutions meet organisational needs. They reuse components when possible and assist management in taking decisions. They perform ICT system integration troubleshooting.
http://data.europa.eu/esco/occupation/092fdeeb-a76f-4ed2-b248-90fd6eaaffef,2513,search engine optimisation expert,search engine optimisation experts;search engine optimization expert;search engine optimisation specialist;search engine optimiser;SEO expert;SEO specialist;inbound marketer;growth hacker;search engine marketing specialist;search engine optimisation consultant;SEO experts,,,Search engine optimisation experts increase the ranking of a company's web pages with regard to target queries in a search engine. They create and launch SEO campaigns and identify areas of improvement. Search engine optimisation experts may conduct pay per click (PPC) campaigns.
http://data.europa.eu/esco/occupation/094e04fd-3039-4615-850b-b232794f84f5,2635,youth information worker,youth counsellor;youth mentor;youth advisor;youth information consultant;youth information provider;youth consultant;extracurricular manager;youth information expert;field information worker;youth agent;school youth worker;youth moderator;youth informant;information and youth advice technician;youth project consultant;information mission leader;youth facilitator;youth career consultant;youth centre director;youth information animator,sexual health consultant;youth policy manager;youth operator;eurodesk mobility advisor;youth animator;youth technician;youth Information researcher;youth professional;youth officer;hobby manager;youth coach;youth entertainer;youth worker;youth content producer;youth broker;youth trainer;youth supporter;youth planner,,"Youth information workers deliver youth information, guidance and counselling services in a variety of settings in order to empower young people and support their wellbeing and autonomy. They ensure that those services are accessible, resourced and welcoming for young people and run activities aimed at reaching the entire youth population, by means that are effective and appropriate for different groups and needs. Youth information workers aim to enable young people to make their own informed choices and become active citizens. They work in close partnership with other services."
http://data.europa.eu/esco/occupation/0ab5c12c-c1c1-4772-8345-aa287d0e391d,2519,ICT test analyst,IT test analyst;test designer,,,"ICT test analysts work in testing environments, assessing products, checking for quality and accuracy, or creating tests scripts. They design tests which are then implemented by testers."
http://data.europa.eu/esco/occupation/0ba06640-e0ac-4911-9e43-289a8e41651e,2424,corporate trainer,corporate education professional;professional development coach;trainer of corporate employees;corporate professional trainer;workplace training specialist;skills development coach;in-company trainer;skill development trainer;educational planner;trainer in corporate sector;skill development coach;corporate training specialist,,,"Corporate trainers train, coach, and guide employees of a company to teach and improve their skills, competences and knowledge in accordance with the needs of the company. They develop the existing potential of the employees to increase their efficiency, motivation, job satisfaction, and employability."
http://data.europa.eu/esco/occupation/0c448a27-10ec-43ba-b880-d9938bade424,2529,digital forensics expert,computer forensics consultant;computer forensics investigator;computer forensics expert;digital forensics analyst;digital forensics specialist;digital forensics experts;ICT forensics expert;digital forensic expert;cyber forensics expert;cybersecurity analyst;information forensics expert;cybersecurity and forensic specialist,,,"Digital forensics experts retrieve and analyse information from computers and other types of data storage devices. They examine digital media that may have been hidden, encrypted or damaged, in a forensic manner with the aim to identify, preserve, recover, analyse and present facts and opinions about the digital information."
http://data.europa.eu/esco/occupation/0ce5a9f4-e00a-4bbe-b255-3c63407167a4,2529,cyber incident responder,ICT security consultant;cyber crisis expert;information technology security consultant;security operations center analyst;cyber incident handler;information communications technology security consultant;cyber fighter;IT security expert;incident response engineer;ICT security engineer;cybersecurity SIEM manager;ICT security advisor;IT security advisor;security architect;security operation analyst;SOC Analyst;consultant in ICT security activities;cyber defender;IT security consultant;ICT security architect,,,"Cyber incident responders monitor and assess cybersecurity state systems, analysing, evaluating, and mitigating the impact of cybersecurity incidents. Moreover, they identify malicious actors and cyber incidents root causes. According to the organisation’s Incident Response Plan, they restore systems and process functionalities to an operational state, collecting evidence and documenting actions taken."
http://data.europa.eu/esco/occupation/0d423a2e-6fb7-4704-8544-bd6c522b3c62,2635,child care social worker,social worker (children and families);childcare social worker;social worker family safeguarding team;children's social worker;child protection social worker;social worker (looked after children);social worker (child protection);social worker (child care);children's services practitioner,,,Child care social workers provide social services to children and their families in order to improve their social and psychological functioning. They aim to maximize family's well-being and protect children from abuse and neglect. They assist adoption arrangements and find foster homes where needed.
http://data.europa.eu/esco/occupation/0ecedad1-1144-45ff-83db-a3c4db393036,2412,investment manager,investments manager;investment executive;investment consultant;portfolio analyst;investments portfolio manager;global investment manager;investment portfolio manager,,"Includes people performing financial planning, strategy and research.","Investment managers administer the portfolio of investments that a company has. They perform close follow up of the investments looking for the most profitable solutions represented in financial products or securities. They analyse behaviour in financial markets, interests rates, and the companies' position in order to advise on risks and profitability for the client."
http://data.europa.eu/esco/occupation/102e75c8-3b47-4964-9b47-30a980aed25c,2519,ICT disaster recovery analyst,business continuity analyst;ICT resilience analysts;IT resilience analyst;IT disaster recovery analyst;business continuity strategist;disaster recovery officer,,Excludes people performing development activities.,"ICT disaster recovery analysts develop, maintain, and implement ICT continuity and disaster recovery strategies and solutions. They support the technical teams, assess the risks, design and develop procedures, documentation and strategies for disaster recovery in order for business functions to continue and recover with a minimal loss of data. They also coordinate the system backups tests and validations."
http://data.europa.eu/esco/occupation/10469d70-78a3-4650-9e29-d04de13c62c1,2511,embedded system designer,embedded system programmer;embedded systems designers;embedded software developer;embedded system developer;embedded systems programmer;battery controls engineer;embedded systems developer;embedded systems engineer,,Excludes people performing programming and coding activities.,Embedded system designers translate and design requirements and the high-level plan or architecture of an embedded control system according to technical software specifications.
http://data.europa.eu/esco/occupation/106f79e4-6264-45f1-9e7a-297435cd684b,2519,software tester,module tester;application tester;soft tester;application software tester;software testing specialist;unit tester;software testers;software application tester;tester,,Excludes people performing managerial activities.,Software testers perform software tests. They may also plan and design them. They may also debug and repair software although this mainly corresponds to designers and developers. They ensure that applications function properly before delivering them to internal and external clients.
http://data.europa.eu/esco/occupation/114e1eff-215e-47df-8e10-45a5b72f8197,2433,renewable energy consultant,sustainable energy market consultant;renewable energy survey consultant;renewable energy market consultant;sustainable energy consultant;sustainable energy technical consultant;renewable energy research consultant;sustainable energy survey consultant;renewable energy technical consultant;sustainable energy research consultant,,,"Renewable energy consultants advise clients on the advantages and disadvantages of different renewable energy sources. They conduct surveys and interviews to research demand of and opinions on renewable energy, and strive to advise clients on the most advantageous source of renewable energy for their purpose."
http://data.europa.eu/esco/occupation/11df8941-508c-4103-ad40-52cdf9430a59,2632,sociologist,urban sociology science researcher;sociologists;rural sociology science researcher;urban sociology analyst;sociology science researcher;economic sociology research analyst;rural sociology research analyst;sociology research analyst;sociology analyst;urban sociology research scientist;economic sociology researcher;economic sociology analyst;sociology researcher;urban sociology research analyst;economic sociologist;urban sociology scholar;urban sociology scientist;sociology scientist;economic sociology science researcher;rural sociology analyst;intercultural communications adviser;rural sociology scientist;urban sociologist;rural sociologist;rural sociology scholar;economic sociology scholar;law sociologist;rural sociology research scientist;urban sociology researcher;economic sociology research scientist;family and consumer science researcher;sociology scholar;economic sociology scientist;rural sociology researcher;sociology research scientist;gerontologist,,,"Sociologists focus their research on explaining social behaviour and the way people have organised themselves as a society. They research and explain the way societies have evolved by describing their legal, political, and economic systems and their cultural expressions."
http://data.europa.eu/esco/occupation/12ff7f9c-c5b5-4d4a-b585-c350dd1400eb,2631,business economics researcher,fiscal economics strategist;economic analyst;fiscal economics analyst;business advisor;financial market advisor;business research scientist;business researcher;financial market economist;fiscal economics researcher;business analyst;business economy researcher;economic advisor;business economist;fiscal economics advisor;financial market researcher,,,"Business economics researchers conduct research on topics regarding economy, organisations, and strategy. They analyse macroeconomic and microeconomic trends and use this information to analyse the positions of industries or specific companies in the economy. They provide advice regarding strategic planning, product feasibility, forecast trends, emerging markets, taxing policies, and consumer trends."
http://data.europa.eu/esco/occupation/133ab775-f08d-4bc7-8629-89d286180f4e,2431,employer branding manager,branding manager;corporate communications manager,,,Employer branding managers collaborate with marketing experts to promote an employer's image through communication formats such as print and social media. Manage an online marketing program to promote job openings and career opportunities at the company.
http://data.europa.eu/esco/occupation/13427968-250b-4967-a682-afac5cd0af4f,2432,campaign canvasser,campaign worker;political party activist;canvasser;political campaign canvasser;party activist;political party volunteer;campaign canvass worker;party campaigner;political canvasser,,,"Campaign canvassers operate on field level to persuade the public to vote for the political candidate they represent. They engage in direct conversation with the public in public places, and gather information on the public's opinion, as well as perform activities ensuring that information on the campaign reaches a wide audience."
http://data.europa.eu/esco/occupation/137b1d11-c4bc-4016-89ba-45345d4c71f0,2432,online community manager,online reachout manager;digital community manager;online community specialist;interactive media specialist;online content and community manager;online community managers;social media strategist;social media specialist;social media manager;social media reachout manager,,,"Online community managers provide and maintain an interactive environment facilitated by applications such as social media, forums and wikis. They maintain the relations between different digital communities."
http://data.europa.eu/esco/occupation/1562c7a3-c7d9-419d-b9b6-db26610bcf84,2521,data warehouse designer,data warehouse architect;data warehouse developer,,,"Data warehouse designers are responsible for planning, connecting, designing, scheduling, and deploying data warehouse systems. They develop, monitor and maintain ETL processes, reporting applications and data warehouse design."
http://data.europa.eu/esco/occupation/1619d7f3-7d95-407c-a20e-47745bfcde73,2619,data protection officer,data compliance officer;data protection and security officer;DPO;compliance officer data privacy;privacy protection officer;data protection legal advisor;data protection advisor;privacy officer;GDPR expert;data protection counsel;legal and data protection officer;data protection specialist,,,"Data protection officers ensure that the processing of personal data in an organisation is compliant with data protection standards and with the obligations set out in the applicable legislation such as GDPR. They elaborate and implement the organisation policy related to data protection, are responsible for data protection impact assessments and handle complaints and requests from third parties and regulatory agencies. Data protection officers lead investigations into potential data breaches, conduct internal audits and act as point of contact within the organisation on any matters related to the processing of personal data. Data protection officers may develop training programmes and provide training to other employees on data protection procedures."
http://data.europa.eu/esco/occupation/16605833-c196-48d7-a6f5-bbdebdc353df,2434,ICT presales engineer,IT presales technician;ICT presales technician;IT presales engineer;ICT presale support;ICT presales engineers,,,"ICT presales engineers actively drive and manage the ICT evaluation stage of the sales process, working in conjunction with the sales team. They provide technical guidance to pre-sales personnel and plan and modify product ICT configurations to meet client requirements. They pursue additional business development opportunities."
http://data.europa.eu/esco/occupation/186ef31e-f26f-4320-a307-c5f95d6cb284,2635,consultant social worker,policy advisor;social work researcher;social work academic;social work consultant;social work educator;social work trainer;social work expert;academic social worker;social work staff trainer,,,"Consultant social workers deliver high quality social work services by contributing to the development and improvement of social work and social care practice. They contribute to policy development, deliver trainings and focus on research in the field of social work practices."
http://data.europa.eu/esco/occupation/18d2b37a-9c31-4393-833e-bc2f7b1ce52a,2413,mergers and acquisitions analyst,M&A analyst;mergers and acquisitions banker;mergers and acquisitions associate;acquisition manager;M&A specialist;mergers and acquisitions professional;m&a banker;acquisitions analyst;m&a professional;mergers analyst,,,"Mergers and acquisitions analysts oversee the execution of transactions for the purchase, sale, merger or takeover of companies. They negotiate and complete the deal on the client's behalf, by working closely with lawyers and accountants. Mergers and acquisitions analysts conduct operational and legal risk assessments of a company, assess comparable companies in the market and help with the post-merger integration."
http://data.europa.eu/esco/occupation/19db5ad1-ffbf-41a0-8746-d3878f0d5dbd,2632,media scientist,media science researcher;media studies scholar;media research analyst;media research scientist;media analyst;media anthropologist;media studies researcher;media researcher;media studies research scientist;media scholars;media studies scientist,,,"Media scientists research the role and impact that media has on the society. They observe and document the usage of different kinds of media such as newspapers, radio and TV and the response from society."
http://data.europa.eu/esco/occupation/19f6634f-ec0c-4513-b0d9-d43f9ddeb82d,2635,education welfare officer,education engagement officer;school social worker;attendance support officer;social worker in education;education and family engagement officer;school welfare officer;social worker in schools;wellfare officer (education);education social worker;attendance welfare officer;pastoral advisor;education welfare practitioner;school attendance officer;school-based social worker;social worker in education institutions;learning advisor;specialist school social worker;school based social worker;senior education welfare officer;educational institution social worker,,,"Education welfare officers address the social and psychological well-being of students. They counsel students concerning their personal issues that affect their school behaviour, performance and social life. These issues may range from attention deficit problems, to social and personal issues such as poverty or domestic and sexual abuse. Education welfare officers also handle the communication between the students, the parents and the school."
http://data.europa.eu/esco/occupation/1a07bd7d-2e1d-4930-a84a-1a442b8f2a44,2643,translator,business translator;editorial translator;sworn translator;translation project manager;book translator;language specialist;language leader;technical translator;reviser;linguistic coordinator;video game translator;medical translator;language specialist consultant;financial translator;literary translator;translator coordinator;speech-to-text interpreter;scientific translator;translator reviser;post-editor,,,"Translators transcribe written documents from one or more languages to another ensuring that the message and nuances therein remain in the translated material. They translate material backed up by an understanding of it, which can include commercial and industrial documentation, personal documents, journalism, novels, creative writing, and scientific texts delivering the translations in any format."
http://data.europa.eu/esco/occupation/1a46d0f0-93d7-44d1-bff9-58e3f21bd4c4,2422,social service consultant,welfare consultant;social service planning consultant;social services expert;social planning consultant;community development consultant;social development consultant;social services consultant;social services planner;social services developer,,,"Social service consultants aid in the development of policy and procedure for social service programs. They research social service programs and identify areas for improvement, as well as aid in the development of new programs. They fulfil advisory functions for social service organisations."
http://data.europa.eu/esco/occupation/1ad59946-d13e-441e-9b36-56e1df055e21,2411,financial auditor,auditor;finance auditor;internal auditor;audit manager;chartered accountant;finances auditor;financial examiner;senior internal auditor;bank auditor;external examiner;financial systems analyst;bank examiner;internal examiner;external auditor,,,"Financial auditors collect and examine financial data for clients, organisations and companies. They ensure the financial data is properly maintained and free of material misstatements due to error or fraud, that it adds up, and functions legally and effectively. They review lending and credit policies or numbers in databases and documents, evaluate, consult and assist the source of the transaction if necessary. They use their review of the client's financial governance as assurance to give testimony to the shareholders, stakeholders and board of directors of the organisation or company that all is up to par."
http://data.europa.eu/esco/occupation/1c5a45b9-440e-4726-b565-16a952abd341,2511,computer vision engineer,computer vision applied scientist;computer vision expert;computer vision specialist;computer vision project engineer;smart technics computer vision engineer,,,"Computer vision engineers research, design, develop, and train artificial intelligence algorithms and machine learning primitives that understand the content of digital images based on a large amount of data. They apply this understanding to solve different real-world problems such as security, autonomous driving, robotic manufacturing, digital image classification, medical image processing and diagnosis, etc."
http://data.europa.eu/esco/occupation/1c5a896a-e010-4217-a29a-c44db26e25da,2529,embedded systems security engineer,cybersecurity engineer;cyber security engineer;IoT security engineer;internet of thing security engineer;embedded systems security expert,,"The focus of the embedded systems security engineers is on connected products and their supporting networks, and less on organisational security as with the ICT security engineer.","Embedded systems security engineers advise and implement solutions to control access to data and programs in embedded and connected systems. They help ensuring the safe operation of products with embedded systems and connected devices by being responsible for the protection and security of the related systems and design, plan and execute security measures accordingly. Embedded systems security engineers help to keep attackers at bay by implementing safeguards that prevent intrusions and breaches."
http://data.europa.eu/esco/occupation/1e331638-3f66-4641-9c49-56a94235f94c,2413,insurance rating analyst,insurance analyst;insurance assessor;insurance rater,,,"Insurance rating analysts analyse information related to insurance markets and their credit rating, prepare rating reports and invoices, compile financial data and present and explain credit rating opinions to stakeholders, clients and external parties. They work for insurance companies and calculate the insurance premium and rates for the company’s clients using both manual and automated methods."
http://data.europa.eu/esco/occupation/1fce1be0-bf52-449b-9a2b-3f2cc710290a,2423,compensation analyst,compensation advisor;incentive compensation analyst;compensation coordinator;compensation manager;benefits and compensation analyst;compensation and benefits analyst;compensation consultant;compensation lead;total rewards analyst;global compensation analyst;manager of compensation;compensation administrator;international compensation analyst;HR compensation analyst;variable compensation analyst,,,Compensation analysts recognise and reward contributions and behaviors that support company’s business objectives and corporate values.
http://data.europa.eu/esco/occupation/203ea2ee-bbee-4aaf-83d7-2f2225f916e3,2632,archaeologist,archaeology analyst;marine archaeology research analyst;excavation director;archaeologist scientist;archaeology science researcher;marine archaeology science researcher;epigraphist;marine archaeology researcher;marine archaeology research scientist;archaeology research analyst;archaeology researcher;marine archaeologist;archaeology research scientist;archaeology scientist;marine archaeology scholar;marine archaeology analyst;marine archaeology scientist;archaeology scholar,,,"Archaeologists research and study past civilisations and settlements through collecting and inspecting material remains. They analyse and draw conclusions on a wide array of matters such as hierarchy systems, linguistics, culture, and politics based on the study of objects, structures, fossils, relics, and artifacts left behind by these peoples. Archaeologists utilise various interdisciplinary methods such as stratigraphy, typology, 3D analysis, mathematics, and modelling."
http://data.europa.eu/esco/occupation/2079755f-d809-49e6-8037-4de6180e54c0,2511,data engineer,data engineer expert;research data engineer,,Excludes data scientist and data analyst.,"Data engineers develop the architecture needed to process, manage, and store large amounts of data which will be used by data scientists for analysis. They design the infrastructure and maintain data pipelines and warehouses to leverage data for strategic advantage."
http://data.europa.eu/esco/occupation/207d7b18-6540-432e-8aa6-785ed434572f,2421,business intelligence manager,market intelligence manager;business research analyst;business intelligence specialist;business research consultant;business intelligence analyst;strategic business and intelligence manager;competitive intelligence manager;research consultant;business intelligence consultant,,,"Business intelligence managers gain knowledge of the industry, the innovative processes therein, and contrast them with the operations of the company in order to improve them. They focus their analysis in the supply chain processes, warehouses, storage, and sales as to facilitate communication and revenue improvement."
http://data.europa.eu/esco/occupation/20b9f370-6b56-4679-8c06-c23b866a5bd0,2423,labour relations officer,industrial liaison officer;industrial relations officer;union representative;labour policy officer,,,"Labour relations officers implement labour policy in an organisation, and advise trade unions on policies and negotiation. They handle disputes, and advise management on personnel policy as well as facilitate communication between trade unions and managerial staff."
http://data.europa.eu/esco/occupation/219d1c30-3849-4de3-b0d6-07da187b6521,2421,manufacturing cost estimator,manufacturing cost analyst;manufacturing estimate clerk;production cost estimator;estimator;manufacturing cost recovery technician,,,"Manufacturing cost estimators collect and analyse data to evaluate the money, materials, labour and time required for manufacturing processes. They conduct analyses to identify (alternative) cost effective technical designs and production processes. They develop and use methods and tools for cost planning, controlling and analysis. They also perform quantitative and qualitative risk analyses and report on the development of costs."
http://data.europa.eu/esco/occupation/21af40bb-2ae3-4fc7-9b28-d2cdd8308912,2431,promotion assistant,events and promotion assistant;marketing promotion assistant;promotions assistant;assistant promoter;promotional assistant,,,"Promotion assistants provide support in the implementation of programs and promotional efforts in points-of-sale. They research and administer all the information required by managers to decide whether promotional programs are required. If so, they support in getting of materials and resources for the promotional action."
http://data.europa.eu/esco/occupation/21de0f3b-a71a-4263-a9ba-90c5f3721b4d,2412,financial planner,financial adviser;personal banker;independent financial adviser;financial planning practitioner;personal financial adviser;personal financial planner;wealth adviser,,Includes wealth advisers.,"Financial planners assist people dealing with various personal financial issues. They are specialised in financial planning, such as retirement planning, investment planning, risk management and insurance planning, and tax planning. They advise a strategy tailored to the client's needs. They ensure the accuracy of bank and other financial records while maintaining a customer-orientated approach and following ethical standards."
http://data.europa.eu/esco/occupation/22987b58-dbfa-4ecd-ae3f-82dd209255f6,2511,green ICT consultant,IT environmental consultant;green IT consultant;green ICT consultants;ICT environmental consultant;ICT sustainability systems consultant,,,"Green ICT consultants advise organisations on their green ICT strategy and its implementation in the most effective and efficient manner to allow the organisation to reach their short, mid, and long term ICT environmental objectives."
http://data.europa.eu/esco/occupation/23e692a9-a242-4d4f-988f-ed562f757864,2643,interpreter,court interpreter;public service interpreter;consecutive interpreter;simultaneous interpreter;remote interpreter;sworn interpreter;community interpreter;conference interpreter;police interpreter;bilingual health advocate;advocate interpreter;telephone interpreter;social interpreter;guide interpreter;medical interpreter;bilateral interpreter;television interpreter;business interpreter,,,"Interpreters understand and convert spoken communication from one language to another. They retain considerable amounts of information, often with the aid of note-taking, and communicate it immediately after whilst keeping the nuances and stress of the message in the recipient language."
http://data.europa.eu/esco/occupation/24135b84-cbdd-4d42-9ed2-02fd982d15b2,2512,blockchain developer,DLT engineer;blockchain development engineer;decentralized ledger technology specialist;blockchain engineer;DLT specialist,,,"Blockchain developers implement or program blockchain-based software systems based on specifications and designs by using programming languages, tools, and blockchain platforms."
http://data.europa.eu/esco/occupation/244a79eb-122b-4bee-8065-b4c39efce4ff,2412,corporate investment banker,corporate banker;corporate investment adviser;operational investment banker;corporate investment strategist;investment banker;investment banking associate,,Includes people performing activities to monitor the compliance of legal regulations and to advise on financial transactions and deals. Includes people performing research and analysis. Excludes people performing investor relations management.,"Corporate investment bankers offer strategic advice on financial services to companies and other institutions. They ensure that legal regulations are being followed by their clients in their efforts of raising any capital. They provide technical expertise and information on mergers and acquisitions, bonds and shares, privatisations and reorganisation, raising capital and security underwriting, including equity and debt markets."
http://data.europa.eu/esco/occupation/246dda29-70f6-408b-b205-aa17b2ffb168,2619,election observer,election monitor;electoral observer;international election observer;short term election observer;election scrutineer;international observer;long term election observer,,,Election observers are skilled and trained spectators of the elections in a functioning democracy in order to enhance the transparency and credibility of the observed elections.
http://data.europa.eu/esco/occupation/258e46f9-0075-4a2e-adae-1ff0477e0f30,2511,data scientist,data expert;research data scientist;data research scientist;electromobility data scientist,,Excludes people performing engineering and programming activities. Excludes people performing managerial and general focus research activities.,"Data scientists find and interpret rich data sources, manage large amounts of data, merge data sources, ensure consistency of data-sets, and create visualisations to aid in understanding data. They build mathematical models using data, present and communicate data insights and findings to specialists and scientists in their team and if required, to a non-expert audience, and recommend ways to apply the data."
http://data.europa.eu/esco/occupation/26ca1895-2047-4c76-a678-831c85824f61,2642,fact checker,copy editor/fact checker;journalist/fact checker;fact-checker;editor/fact checker;writer/fact checker;researcher/fact checker;assistant editor,,,Fact checkers make certain that all the information in texts that are ready for publishing is correct. They research the facts thoroughly and correct errors.
http://data.europa.eu/esco/occupation/26ce22fe-4018-4387-8e6b-c2555f5fc0ac,2642,newspaper editor,news editor;newspaper graphics editor;sports editor;graphics editor;newspaper news editor,,,Newspaper editors decide which news stories are interesting enough and will be covered in the paper. They assign journalists to each item. Newspaper editors determine the length of each news article and where it will be featured in the newspaper. They also ensure that publications are finished on time for publishing.
http://data.europa.eu/esco/occupation/276a4ff1-a67c-4677-9f20-dc85f1060e1b,2413,middle office analyst,middle office associate;transaction reporting specialist;middle office specialist;structured products middle office analyst;derivatives middle office analyst;middle office junior manager;middle office risk and control analyst;middle office regulatory reform analyst;middle office senior manager;senior analyst-control,,,"Middle office analysts work in the treasury of a financial company, ensuring compliance with company policy and legislation, providing research and analysis on financial matters, measuring risk and supporting operations in the front office."
http://data.europa.eu/esco/occupation/276ba420-ef09-4a0e-b215-2c2e2f80ad28,2529,chief ICT security officer,information security manager;CISO;information security administrator;IT security officer;ICT security officer;chief information security officer;ISO;chief ICT security officers;cybersecurity programme director;information security officer;head of IT security;head IT security officer;head of information security,,Includes people performing corporate security functions.,"Chief ICT security officers protect company and employee information against unauthorized access. They also define the Information System security policy, manage security deployment across all Information Systems and ensure the provision of information availability."
http://data.europa.eu/esco/occupation/2808c7ec-cdb1-4b48-8429-e160a418ed0c,2422,regional development policy officer,regional policy officer;policy officer for regional development;regional development policy analyst;regional development policy researcher;legal policy officer for regional development;regional development policy developer;policy officer in regional development department;regional development policy coordinator,,,"Regional development policy officers research, analyse and develop regional development policies. They implement policies that aim at reducing regional disparities by fostering economic activities in a region and structural changes such as supporting multi-level governance, rural development and improvement of infrastructure. They work closely with partners, external organisations or other stakeholders and provide them with regular updates."
http://data.europa.eu/esco/occupation/2bef94db-0088-4507-982a-2ca717529adb,2511,enterprise architect,enterprise architects;enterprise developer;enterprise architecture manager;enterprise designer,,,"Enterprise architects balance technological opportunities with business requirements. They also maintain a holistic view of the organisation's strategy, processes, information and ICT assets and link the business mission, strategy and processes to the ICT strategy."
http://data.europa.eu/esco/occupation/2c9939ef-ebab-4111-8f27-605ae8782791,2619,contract manager,medical contract manager;commercial contract manager;construction contract manager;contract compliance manager;contract auditor;contract specialist,,,Contract managers oversee the respect of awarded contracts to ensure that services are delivered as foreseen and that each step of the delivery is properly documented. They act as the main point of contact for suppliers on contractual matters and report back to their leadership. They implement financial and operational controls and ensure compliance with all reporting requirements.
http://data.europa.eu/esco/occupation/2d6a1cc1-cd13-42c5-a2b1-f0183bd0d253,2433,technical sales representative in agricultural machinery and equipment,graduate technical sales representative in agricultural machinery and equipment;agricultural machinery and equipment field salesperson;agricultural machinery and equipment field saleswoman;assistant technical sales engineer in agricultural machinery and equipment;senior technical sales engineer in agricultural machinery and equipment;agricultural machinery and equipment outside technical sales representative;trainee technical sales engineer in agricultural machinery and equipment;trainee technical sales representative in agricultural machinery and equipment;agricultural machinery and equipment field salesman;graduate technical sales engineer in agricultural machinery and equipment;assistant technical sales representative in agricultural machinery and equipment;agricultural machinery and equipment technical field sales representative;senior technical sales representative in agricultural machinery and equipment;agricultural machinery and equipment inside technical sales representative,,,Technical sales representatives in agricultural machinery and equipment act for a business to sell its merchandise while providing technical insight for customers.
http://data.europa.eu/esco/occupation/2ed56c3f-61d6-4f7e-9ef8-8849eb102e4c,2514,mobile application developer,cell phone app developer;app programmer;mobile app specialist;app coder;mobile app developer;app developer,,Excludes people performing managerial activities.,"Mobile application developers implement applications software for mobile devices, based on the designs provided, using general or specific development tools for device operating systems."
http://data.europa.eu/esco/occupation/2fb96c6c-8d0b-4ef0-b1ee-3e493305e4eb,2512,cloud architect,aws cloud architect;cloud solutions consultant,azure cloud architect,,"Cloud architects are responsible for converting the technical features of a project into the architecture to lead to the final product. To develop technical cloud strategy, they have in-depth knowledge of the architectural principles and services, assisting with cloud migration efforts, review workload architectures, and provide guidance on how to address high-risk issues. They typically perform in a pre-sales capacity and are often asked to deliver proof-of-concept projects, topical workshops, and lead implementation projects. They team up with DevOps engineers to build the appropriate technologies."
http://data.europa.eu/esco/occupation/31854d78-3615-43a4-aa3a-c597ecb20ceb,2619,legal consultant,legal advisor;legal nurse consultant;city legal advisor;business law consultant;city legal adviser;legal adviser,,,"Legal consultants advise a varied array of clients ranging from business, individuals, up to legal firms. They provide legal advisory outside courtrooms in relation to legal affairs which depend on the nature of the client. They advise in matters such as merging of multinationals, housing purchase, modification of contracts and its implications. They help clients in general to abide by the regulations and avoid committing illegal acts."
http://data.europa.eu/esco/occupation/33e4f026-a823-4ffc-99e4-60d3fe597a1e,2519,digital games tester,virtual games tester;computer games tester;digital game tester;digital games testers;video games tester,,,Digital games testers review and test various genres of digital games by playing them in order to find bugs and glitches within the game's functionality or graphics. They may evaluate the capacity of attraction and playability of games. They may also debug the games themselves.
http://data.europa.eu/esco/occupation/349ee6f6-c295-4c38-9b98-48765b55280e,2512,cloud engineer,hybrid cloud engineer;cloud computing engineer;cloud infrastructure engineer;cloud software engineer;cloud-native engineer;cloud security engineer;cloud developer;cloud network engineer;cloud solution engineer,,,"Cloud engineers are responsible for the design, planning, management and maintenance of cloud-based systems. They develop and implement cloud-applications, handle the migration of existing on-premise applications to the cloud, and debug cloud stacks."
http://data.europa.eu/esco/occupation/353c19d6-62d6-4dfc-85e9-f59d219d457c,2612,supreme court judge,justice;high court judge;justice of the supreme court;justice of the high court;lord advocate,,,"Supreme court judges preside in high courts, dealing with complex criminal and civil cases. They examine the case during trials in order to formulate a sentence or to direct a jury in reaching a conclusion, and decide on any punishments if an offending party is found guilty. They rule proceedings and ensure the trial is held in a fair manner compliant with legislation."
http://data.europa.eu/esco/occupation/35553663-deab-4d9a-bf22-15c1625d28e8,2511,artificial intelligence engineer,intelligent systems designers;artificial intelligence designer;ICT intelligent systems designer;AI system designer;semantic technologies engineer;machine learning systems designer;intelligent systems developer;linked data engineer;intelligent system designer;machine learning engineer;designer of intelligent systems;intelligent systems engineer,,Excludes people performing managerial activities.,"Artificial intelligence engineer apply methods of artificial intelligence in engineering, robotics and computer science to design programs which simulate intelligence including thinking models, cognitive and knowledge-based systems, problem solving, and decision making. They also integrate structured knowledge into computer systems (ontologies, knowledge bases) in order to solve complex problems normally requiring a high level of human expertise or artificial intelligence methods."
http://data.europa.eu/esco/occupation/356227b9-2263-4dbd-81e9-7dfc6d3f3af7,2431,online marketer,digital marketer;social media marketing coordinator;assistant online marketer;e-commerce marketing specialist;trainee online marketer;online marketing specialist;e-commerce marketer;social media marketing specialist;graduate online marketer;senior online marketer;internet marketer;internet marketing specialist;online sales channel marketer,,,"Online marketers use e-mail, internet and social media in order to market goods and brands."
http://data.europa.eu/esco/occupation/3826cb92-27f5-40ac-8dad-70af5abd6036,2422,competition policy officer,policy manager;civil servant;competition policy manager;entrepreneurship policy officer;policy manager for competition;consumer protection officer,,,"Competition policy officers manage the development of regional and national competition policies and law, in order to regulate competition and competitive practices, to encourage open and transparent trade practices and to protect consumers and businesses."
http://data.europa.eu/esco/occupation/38d9c76b-1a7b-4d65-879b-733ae7e9364e,2412,investment adviser,financial and investment adviser;investment executive;corporate investment adviser;investment consultant;investment manager;investment advisor;RIA;investing director,,Excludes people working with large companies or institutions. Includes people working with individual clients and small companies.,"Investment advisers are professionals who offer transparent advice by recommending suitable solutions on financial matters to their clients. They advise on investing pension or free funds in securities such as stocks, bonds, mutual funds and exchange-traded funds to customers. Investment advisers serve individuals, households, families and owners of small companies."
http://data.europa.eu/esco/occupation/394a4bdd-7032-4d87-89a2-9d937cebdd09,2631,economic policy officer,economic policy researcher;economic policy advisor;economical policy officer;economic policy specialist;policy officer for economy;economic policy analyst;policy officer economics;finance policy officer,,,"Economic policy officers develop economic strategies. They monitor aspects of economics such as competitiveness, innovation and trade. Economic policy officers contribute to the development of economic policies, projects and programs. They research, analyse and assess public policy problems and recommend appropriate actions."
http://data.europa.eu/esco/occupation/39e9fc8f-02bd-4577-b603-2dc96204ce74,2422,community development officer,social development officer;outreach support worker;local community development officer,,,"Community development officers develop plans to improve quality of life in local communities. They investigate and assess the community's issues and needs, manage resources, and develop implementation strategies. They communicate with the community for investigation purposes, and to inform the community on development plans."
http://data.europa.eu/esco/occupation/3af4d6be-90b5-41f6-be06-3330dab3df73,2632,social work researcher,social research worker;social science researcher;social work research manager;social research interviewer;social scientist;communities research worker;social work research officer;social work research assistant,,,"Social work researchers manage research projects aiming to investigate and provide reports on social issues. They first perform research by gathering information through interviews, focus groups and questionnaires; followed by organising and analysing the gathered information using computer software packages. They analyse social problems and needs, and the different ways and techniques to respond to them."
http://data.europa.eu/esco/occupation/3b1ea27c-781c-41eb-821f-214285260dd2,2519,ICT change and configuration manager,configuration manager;application lifecycle manager;software change and configuration manager,,,"ICT change and configuration managers organise and implement a process to manage changes throughout the lifecycle of ICT assets such as software, applications, ICT systems, etc. ICT change and configuration managers have a sound knowledge of the main technologies and processes used in system engineering and to manage the lifecycle of ICT systems and subsystems."
http://data.europa.eu/esco/occupation/3b2229b4-807c-482a-89ca-2d0a542be196,2635,gerontology social worker,social worker;older adults community care social worker;geriatric social worker;seniors social worker;social care gerontologist;social work gerontologist;gerontological social worker;older adults social worker,,,"Gerontology social workers provide assistance to elderly individuals and their families helping them to cope with their biopsychosocial needs. They help connecting the elderly with community resources by gathering information about the array of services available to them. Gerontology social workers assess their clients' needs, functional capacity and health problems and liaise with medical professionals when necessary."
http://data.europa.eu/esco/occupation/3d190639-90f8-4402-b1b3-a104a17e0d67,2521,database integrator,data integrator;data base integrator;data base integrators;database integrators;database development specialist,,Excludes people performing managerial activities. Includes people performing programming and coding activities.,Database integrators perform integration among different databases. They maintain integration and ensure interoperability.
http://data.europa.eu/esco/occupation/3e213d52-e7a0-4980-99d9-23da1f717f50,2432,political campaign officer,strategy manager;strategy advisor;campaign strategy consultant;political consultant;political aide;political advisor;political campaign consultant,,,"Political campaign officers provide support during political campaigns, advising the candidate and campaign management staff on campaign strategies and campaign staff coordination, as well as developing advertising and research strategies."
http://data.europa.eu/esco/occupation/3fa31588-2e4d-49c3-b839-4b615cc62742,2422,humanitarian advisor,humanitarian consultant;humanitarian affairs advisor;humanitarian assistance advisor;charity worker;non governmental organisation officer;humanitarian affairs officer,,,Humanitarian advisors ensure strategies to reduce the impact of humanitarian crises on a national and/or international level. They provide professional advice and support and this in collaboration with different partners.
http://data.europa.eu/esco/occupation/403be630-8d1e-43b7-9f07-098aca5bb689,2619,mediator,arbitrator;family mediator;labour mediator;advice worker;alternative dispute resolution coordinator;labor mediator;legal intermediary;conciliator;mediation commissioner;conflict mediator,,"Excludes people performing resolution of legal process by making the final decision. Excludes <a resource=""http://data.europa.eu/esco/occupation/666846b2-01ce-43f6-8cb7-f3be09fac4a2"" typeOf=""http://data.europa.eu/esco/model#Occupation"" href=""http://data.europa.eu/esco/occupation/666846b2-01ce-43f6-8cb7-f3be09fac4a2""><span property=""http://www.w3.org/2000/01/rdf-schema#label"" xml:lang=""en"">ombudsman</span></a>.","Mediators resolve disputes between two parties by examining the case, interviewing both parties, and advising on a solution which would be the most beneficial for them. They listen to both parties in order to facilitate communication and find a fair agreement and organise meetings. They aim at resolving disputes through dialogue and alternative solution without having to take the case to litigation and courts. Mediators ensure that the resolution is compliant with legal regulations and is also enforced."
http://data.europa.eu/esco/occupation/4163b31e-440b-4991-b5c3-48d0515250ef,2431,network marketer,commercial network development manager;marketing promotions manager;multi-level marketer;promotion strategy manager;commercial marketing specialist;network marketing specialist;advertising manager;network marketeer,,,"Network marketers apply various marketing strategies, including ​network marketing strategies to sell products and convince new people to also join in and start selling these products. They use personal relations to attract customers and sell various types of products."
http://data.europa.eu/esco/occupation/441a5b76-2f51-4704-9df7-3b8e715dd3ad,2632,behavioural scientist,behavioural science scholar;behavioural science research analyst;behavioural science analyst;behavioural science researcher,,,"Behavioural scientists research, observe and describe human behaviour in society. They draw conclusions on the motives that stir actions in humans, observe the various circumstances for different behaviours, and describe different personalities. They advise organisations and governmental institutions on this field. They may also analyse the behaviour of animals."
http://data.europa.eu/esco/occupation/4543bf7b-8ffb-4ade-88b9-58da34366f04,2523,ICT capacity planner,ICT capacity planners;IT capacity planner;ICT capability manager;IT capability planner;ICT performance manager,,,"ICT capacity planners ensure that the capacity of ICT services and ICT infrastructure is able to deliver agreed service level targets in a cost effective and timely manner. They also consider all resources required to deliver the appropriate ICT service, and plan for short, medium, and long term business requirements."
http://data.europa.eu/esco/occupation/456ed487-02f2-45c9-9213-d0fd8e9a069d,2514,ICT application configurator,app configurator;software application configurator;application configurators;application software configurator,,Excludes people performing managerial activities. Includes people performing statistical and consultation activities.,"ICT application configurators identify, record, and maintain user-specific application configurations based upon user requirements and business rules. They configure generic software systems in order to create a specific version applied to an organisation's context. These configurations range from adjusting basic parameters through the creation of business rules and roles in the ICT system to developing specific modules (including the configuration of Commercial off-the-shelf systems (COTS). They also document configurations, perform configuration updates, and ensure the configurations are correctly implemented in the application."
http://data.europa.eu/esco/occupation/4791e217-d607-40d5-9f84-df1d0a071cbc,2431,marketing consultant,air transport marketer;marketing adviser;marketing analyst;marketing advisor;marketing specialist;sales and marketing consultant;digital marketing strategist;marketing campaign planner;strategic marketing consultant,,,"Marketing consultants advise companies in the development of marketing strategies for specific purposes. They can advise and develop strategies for the entry of a brand in the market, for the re-launch of a product, for the introduction of a new product, or for the positioning of a commercial image. They perform previous studies of the position of the company and perception of customers in order to define the marketing approach."
http://data.europa.eu/esco/occupation/4795d4e3-c623-47ff-abab-7de97fcb764e,2431,advertising media buyer,radio buyer;media space buyer;media buyer and planner;media buyer & planner;radio media buyer;advertising media specialist;space buyer;senior media buyer;media buyer;advertisment media buyer;media and advertising buyer;press buyer;international media buyer;TV buyer,,Includes people working with the advertising media planner.,"Advertising media buyers purchase, on behalf of their clients, advertising space in the print, broadcast and online media. They analyse the effectiveness and appropriateness of the different channels depending on the good or service, providing advice for the decision-making. They try to negotiate the best price, without compromising the quality of the advertisements. They support the development and implementation of marketing and advertising plans through the most suited media outlet."
http://data.europa.eu/esco/occupation/47e81c7f-2d04-4a60-a8ff-9913c36d8344,2431,marketing assistant,general marketing assistant;marketing associate;marketing officer;marketing operations assistant;marketing executive assistant;marketing practitioner,,,"Marketing assistants support all the efforts and operations carried out by marketing managers and officers. They prepare reports in relation to the marketing operations needed by other departments, especially account and financial divisions. They ensure that resources needed by the managers to perform their job are in place."
http://data.europa.eu/esco/occupation/49c3db8c-c586-42d1-9726-f65d8303c0b1,2643,lexicographer,bilingual dictionaries lexicographer;bilingual dictionary editor;dictionary editor;computational lexicographer;senior lexicographer;lexicologist;linguistic lexicographer,,,Lexicographers write and compile the content for dictionaries. They also determine which new words are common use and should be included in the glossary.
http://data.europa.eu/esco/occupation/4a13bafa-a2ac-4864-a278-176ea5969280,2433,"technical sales representative in hardware, plumbing and heating equipment","technical salesperson in hardware, plumbing and heating equipment;technical sales representative in heating equipment;technical salesman in hardware, plumbing and heating equipment;senior technical sales representative in hardware, plumbing and heating equipment;graduate technical sales engineer in hardware, plumbing and heating equipment;hardware sales representative;assistant technical sales engineer in hardware, plumbing and heating equipment;trainee technical sales representative in hardware, plumbing and heating equipment;technical sales representative in hardware;technical saleswoman in hardware, plumbing and heating equipment;senior technical sales engineer in hardware, plumbing and heating equipment;heating product sales representative;assistant technical sales representative in hardware, plumbing and heating equipment;trainee technical sales engineer in hardware, plumbing and heating equipment;technical sales representative in plumbing;graduate technical sales representative in hardware, plumbing and heating equipment;hardware, plumbing and heating sales representative",,,"Technical sales representatives in hardware, plumbing and heating equipment act for a business to sell its merchandise while providing technical insight for customers."
http://data.europa.eu/esco/occupation/4ae470fc-bcf8-4704-abd5-e086ebb1552c,2431,membership manager,subscription manager;membership management officer;membership supervisor;membership sales manager;membership account manager;membership and subscription manager;membership director;membership coordinator;club manager;regional membership manager;member records manager,,,"Membership managers oversee and coordinate the membership plan, support existing members and engage with possible new members. They analyse the market trend reports and develop marketing plans accordingly. Membership managers monitor and ensure the efficiency of processes, systems and strategies."
http://data.europa.eu/esco/occupation/4b05bef2-ded4-4b09-ab94-f4c6a555a775,2635,social worker,community worker;community counsellor;cultural mediator;social outreach worker;community services officer;community centre worker;child and youth worker;social services worker;community liaison worker;welfare worker;community development worker;community rehabilitation worker;community and social services worker;social and community services worker;social services assistant;community service worker,,"Includes people performing social policy formulation, analysis, advocacy and political interventions activities.","Social workers are practice-based professionals who promote social change and development, social cohesion, and the empowerment and liberation of people. They interact with individuals, families, groups, organisations and communities in order to provide various forms of therapy and counselling, group work, and community work. Social workers guide people to use services to claim benefits, access community resources, find jobs and training, obtain legal advice or deal with other local authority departments."
http://data.europa.eu/esco/occupation/4b3201cb-ffc5-4f61-9fc3-5c0f0038fa5f,2511,ICT business analysis manager,IT business analysis manager;IT commercial analysis manager;IT business analysis director;ICT business analysis managers;lead IT business analyst;ICT commercial analysis manager,,,ICT business analysis managers identify areas where information system changes are needed to support business plans and monitor the impact in terms of change management. They contribute to the general ICT functional requirements of the business organisation. ICT business analysis managers analyse business needs and translate them into ICT solutions.
http://data.europa.eu/esco/occupation/4bdc4e52-1c9c-4d80-898a-18522d905fee,2635,youth offending team worker,youth offender team worker;juvenile probation social worker;juvenile probation officer;youth offender social worker;youth offending team officer;youth resettlement officer;youth justice worker;youth offending team leader;youth resettlement worker,,,"Youth offending team workers support young offenders by preventing them from reoffending, counselling them for behavioural changes, referring them to agencies that provide housing, helping them back into education, involving them in constructive activities, visiting them when located in secure institutions and assessing future risks."
http://data.europa.eu/esco/occupation/4bef1707-a251-427e-9d8b-96595ec38d45,2641,book editor,editorial director of publications;acquisitions editor;commissioning editor;book editor and consultant;manuscripts editorial director;senior book editor;book editorial director;book editor and publisher;children's book editor;book editor and project manager,,,Book editors find manuscripts that can be published. They review texts from writers to evaluate the commercial potential or they ask writers to take on projects that the publishing company wishes to publish. Book editors maintain good relationships with writers.
http://data.europa.eu/esco/occupation/4c40c1e8-0584-4a77-8ca3-ec82538f9488,2635,benefits advice worker,social security social worker;welfare benefits social worker;employment and benefits advice worker;welfare rights adviser;welfare rights counsellor;welfare rights officer;social benefits social worker;welfare rights worker;benefit advisor;welfare benefits advice worker;welfare benefits adviser,,,"Benefits advice workers guide individuals in the social work area to help them solve specific problems in their personal life by addressing personal and relationship issues, inner conflicts, depression and addictions. They attempt to empower individuals to achieve change and improve the quality of their life. They may also support and advise clients on demanding their social security benefits."
http://data.europa.eu/esco/occupation/4c715719-3c3f-4058-ba00-9b2ef34848e8,2412,investor relations manager,investors relation manager;investor relations director;investment strategy manager;investor relations supervisor,,Includes people working in public relations departments. Includes people working with larger companies' relations with shareholders and investors through marketing and communication.,"Investor relations managers disseminate the investment strategy of the company and monitor the reactions of the investment community towards it. They use marketing, financial, communications, and security law expertise to ensure transparent communication to the larger community. They respond to inquiries from shareholders and investors in relation to the company's financial stability, stocks, or corporate policies."
http://data.europa.eu/esco/occupation/4ca8ba6c-dc55-40c0-ae6c-d55c94dd2e03,2422,intelligence officer,cyber investigator;intelligence research specialist;cyber threat intelligence specialist;research & intelligence officer;counter-terrorism analyst;criminal intelligence analyst;military intelligence officer;intelligence analyst;housing intelligence officer;intelligence research officer;intelligence investigator;research and intelligence officer,,,"Intelligence officers develop and execute plans to gather information and intelligence. They investigate the lines of enquiry which would provide them with the necessary intelligence, and contact and interview people who may provide intelligence. They write reports on their results, and perform administrative duties to ensure records maintenance."
http://data.europa.eu/esco/occupation/4cc98057-8ed5-4b45-855b-7a67bc2e5bae,2642,foreign correspondent,foreign news correspondent;on-the-scene reporter;international correspondent;foreign reporter;foreign affairs correspondent;foreign journalist,,,"Foreign correspondents research and write news stories of international importance for newspapers, journals, magazines, radio, television and other media. They are stationed in a foreign country."
http://data.europa.eu/esco/occupation/4e4a291d-1d38-4c5a-812a-5827d0691b11,2411,budget analyst,budget and policy analyst;budget accountant;budget officer;cost and planning analyst,,,"Budget analysts monitor the spending activities of public and private institutions and companies. They prepare budget reports, review the budget model used in the company and ensure compliance with the budgeting policies and other legal regulations."
http://data.europa.eu/esco/occupation/4ed22a87-8478-4731-be11-5942eacb2e16,2412,public funding advisor,business advisor;business coach;enterprise mentor;public funding specialist;enterprise advisor;public funding co-ordinator advisor;enterprise coach;business finance advisor;business mentor;grants advisor,,,"Public funding advisors advise individuals and businesses about funding opportunities given by the government. They analyse the needs of clients, consult them on funds, grants and subsidies that apply to them and help with the application process. Public funding advisors also set up public grant administration in organisations."
http://data.europa.eu/esco/occupation/4f5bc9a5-e989-409b-bfb5-973b472163cd,2634,educational psychologist,students psycology specialist;educational psychology specialist;students psychologist;school psychology practitioner;psychologist in education institution;practitioner of educational psychology;students' psychology assistant;school psychologist;practitioner in school psychology;specialist in educational psychology;practitioner in educational psychology;educational psychology practitioner,,,"Educational psychologists are psychologists employed by educational institutions to provide psychological and emotional support to students in need. They are specialised in the provision of direct support and interventions to students, conducting psychological testing and assessment, and consulting with families, teachers and other school-based student support professionals, such as school social workers and educational counsellors, about the students. They may also work with the school administration to improve practical support strategies in order to improve the students' well-being."
http://data.europa.eu/esco/occupation/50760da6-abc3-424c-b159-8ddf0818e016,2412,business valuer,business valuation analyst;business valuation officer;chartered business valuator;valuator of business;chartered appraiser;business evaluator;businesses evaluator;businesses valuator;accredited business appraiser;business valuator;business valuers;business valuation consultant;business valuation specialist;business appraiser;valuator of businesses,,,"Business valuers provide valuation assessements of business entities, stock and other securities and intangible assets, in order to assist their clients in strategic decision-making procedures such as mergers and acquisitions, litigation cases, bankruptcy, taxation compliance and general restructuring of the companies."
http://data.europa.eu/esco/occupation/50af07f0-7a75-424e-a66d-5a9deea10f4c,2519,ICT accessibility tester,accessibility testers;usability tester;accessibility test specialist,,,"ICT accessibility testers evaluate websites, software applications, systems or user interface components with regards to friendliness, operability of the navigation and visibility to all types of users, especially including those with special needs or disabilities."
http://data.europa.eu/esco/occupation/50e00fda-ac7c-4bc5-9f19-69a33ff3d6e7,2422,fiscal affairs policy officer,fiscal policy analyst;fiscal policy consultant;tax policy officer;fiscal policy developer;fiscal policy specialist;fiscal policy officer;fiscal policy researcher;tax and development policy officer,,,"Fiscal affairs policy officers research, analyse and develop policies related to taxation and government spending in public policy sectors, and implement these policies to improve the existing regulation around the sector. They work closely with partners, external organisations or other stakeholders and provide them with regular updates."
http://data.europa.eu/esco/occupation/51cd3a7a-eae6-4dc6-9f24-179d7ec6d230,2421,logistics analyst,supply chain analyst;distribution and logistics consultant;logistics consultant;logistics and distribution analyst;logistics and supply chain analyst;logistician;distribution consultant;distribution analyst;supply chain consultant;analyst of logistics;distribution and logistics analyst,,,"Logistics analysts streamline product manufacturing, transportation, storage and distribution. They assess production and supply chain problems to determine economically efficient solutions. They assists company managers in decision-making processes and direct programs designed to provide subcontractors, managers and customers with logistic technology."
http://data.europa.eu/esco/occupation/51ec004e-aec8-4f89-b114-952bcc56b0b0,2642,vlogger,video podcaster;youtuber;travel vlogger;beauty vlogger;video weblogger;fashion vlogger;video blogger;web video columnist;on-line video columnist;lifestyle vlogger,,,"Vloggers make online videos to talk about a wide range of subjects such as politics, fashion, economics and sports. They can relate objective facts, but often they also give their opinion on the related topic. Vloggers post these videos online on social media or streaming platforms, often accompanied with written text. They also interact with their viewers via comments."
http://data.europa.eu/esco/occupation/52d5edc9-7902-4cd3-8b06-6bd77c98d440,2519,ICT system tester,IT system tester;ICT systems tester;systems tester;ICT systems test engineer;ICT systems testers,,Excludes people performing managerial activities.,ICT system testers perform testing activities and some test planning activities. They may also debug and repair ICT systems and components although this mainly corresponds to designers and developers. They ensure that all systems and components function properly before delivering them to internal and external clients.
http://data.europa.eu/esco/occupation/52ded7d7-11df-42e3-b90a-d7f4b70fb4b9,2634,psychologist,psychology researcher;occupational psychologist;practitioner of counselling psychology;expert in counselling psychology;expert counselling psychologist;specialist counselling psychologist;practitioner of occupational psychology;practitioner of sport and exercise psychology;sport and exercise psychologist;counselling psychology practitioner,,,"Psychologists study the behaviour and mental processes in humans. They provide services to clients who deal with mental health issues and life issues such as bereavement, relationship difficulties, domestic violence, and sexual abuse. They also provide counselling for mental health issues such as eating disorders, post-traumatic stress disorders, and psychosis in order to help the clients rehabilitate and reach a healthy behaviour."
http://data.europa.eu/esco/occupation/52fcfdb9-9dcf-4591-aba5-45337f791a10,2433,technical sales representative in mining and construction machinery,mining and construction machinery field saleswoman;senior technical sales engineer in mining and construction machinery;mining and construction machinery field salesman;senior technical sales representative in mining and construction machinery;mining and construction machinery technical field sales representative;mining and construction machinery outside technical sales representative;assistant technical sales engineer in mining and construction machinery;graduate technical sales representative in mining and construction machinery;mining and construction machinery field salesperson;assistant technical sales representative in mining and construction machinery;trainee technical sales representative in mining and construction machinery;mining and construction machinery inside technical sales representative;technical sales engineer in mining and construction machinery,,,Technical sales representatives in mining and construction machinery act for a business to sell its merchandise while providing technical insight for customers.
http://data.europa.eu/esco/occupation/55d2eb3e-1e49-404a-b4bf-be4829694a59,2643,lawyer linguist,legal linguistics specialist;linguistic lawyer;linguist lawyer;legal linguistics expert;linguistics lawyer;legal linguistic specialist;jurilinguist;freelance legal translator;legal translator;legal interpreter;legal linguist;legal linguistic expert,,,Lawyer linguists interpret and translate legal pieces from one language to another. They provide legal analysis and help in understanding technicalities of the content expressed in other languages.
http://data.europa.eu/esco/occupation/56afc09a-75a0-49c7-a5cb-256df45d8f2d,2631,economic adviser,policy analyst;economic development officer;economic policy researcher;economic policy advisor;economics consultant;economics adviser;financial and economic policy analyst,,,"Economic advisers research economic developments and advise on economic problems. They forecast trends and behaviour in economics, and advise on finance, trade, fiscal and other related matters. They advise companies and organisations on techniques to gain economic profit."
http://data.europa.eu/esco/occupation/5727b567-993d-4d41-a13d-81a6af1a9a8e,2635,social counsellor,social therapist;crisis counsellor;crisis intervension counsellor;social counselling worker;crisis situation counselor;personal counsellor;youth counseller;gerontology counsellor;youth counsellor;rehabilitation support counsellor;crisis intervention counsellor;relationship advisor;social counselor;crisis situation counsellor;social psychologist;crisis counselor,,Excludes people performing counselling services in the medical therapeutic sense.,"Social counsellors provide support and guidance to individuals in the social work area, to help them solve specific problems in their personal life. It involves addressing personal and relationship issues, dealing with inner conflicts, crisis moments such as depression and addiction, in an attempt to empower individuals to achieve change and improve their life quality."
http://data.europa.eu/esco/occupation/572c51ef-531b-4331-8e66-b1641173e54e,2641,dramaturge,production dramaturge;dramaturge & playwright;playwright;music theater dramaturge;playwright & dramaturge;dramaturgist;dramatic advisor;music theatre dramaturge,,,"Dramaturges read new plays and works and propose them to the stage director and/or art council of a theatre. They gather documentation on the work, author, problems addressed, times and described environments. They also participate in the analysis of themes, characters, dramatic construction, etc."
http://data.europa.eu/esco/occupation/57af9090-55b4-4911-b2d0-86db01c00b02,2514,embedded systems software developer,embedded systems software developers;embedded software developerl embedded systems engineer;embedded systems designer;embedded system software programmer;embedded software programmer;embedded system software developer,,Excludes people performing managerial activities.,"Embedded systems software developers program, implement, document and maintain software to be run on an embedded system."
http://data.europa.eu/esco/occupation/57b459d4-655c-4053-b189-3c249ce33faf,2434,ICT business development manager,IT business development manager;ICT commercial development manager;IT commercial development manager;ICT business development managers,,,"ICT business development managers increase business opportunities for the organisation and develop strategies that will enhance the smooth running of the organisation, product development and product distribution. They negotiate prices and establish contract terms."
http://data.europa.eu/esco/occupation/586fe133-1987-41f4-b89a-f39d4bc58e1e,2431,eBusiness manager,eCommerce manager;eBusiness development officer;eBusiness managers;e-commerce manager;eBusiness development manager;e-business manager;e-business managers;e-commerce development manager;web business development manager,,,"eBusiness managers create and execute a company's electronic strategy plan for selling products and services online. They also improve data integrity, placement of online tools and brand exposure and monitor sales for companies that market products to customers using the internet. They collaborate with the marketing and sales management team using ICT tools to reach sales goals and provide accurate information and offerings to business partners."
http://data.europa.eu/esco/occupation/59c22779-4d89-4bc9-ba8b-d64bea236723,2411,tax advisor,fiscal advisor;tax specialist;tax expert;tax evaluator;tax preparer;tax adviser;tax consultant;tax advisors;chartered tax adviser;corporate tax preparer;tax examiner;licensed tax consultant,,,"Tax advisors use their expertise in tax legislation to provide commercially-focused advisory and consultancy services to a wide range of clients from all economic sectors. They explain complicated tax-related legislation to their clients and assist them in ensuring the most efficient and beneficial payment of taxes by devising tax-efficient strategies. They also inform them of fiscal changes and developments and may specialise in tax strategies concerning mergers or multinational reconstruction for business clients, trust and estate taxes for individual clients etc."
http://data.europa.eu/esco/occupation/5a91a8bc-eb18-4c7e-847d-96cbcce5a47a,2641,speechwriter,speech writer;speechwriting consultant;political speechwriter;ministerial speechwriter;speechwriting specialist;executive speechwriter;writer of speeches,,,Speechwriters research and write speeches on multiple topics. They need to catch and hold the interest of an audience. Speechwriters create presentations in a conversational tone so it looks like if the text was not scripted. They write in a comprehensible manner so the audience gets the message of the speech.
http://data.europa.eu/esco/occupation/5d0cc30d-068a-424c-8463-f42872a7149e,2423,career guidance advisor,career coach;career guidance education advisor;counsellor in career guidance;career guidance counsellor;mentor for prior learning;school careers advisor;careers advisor;educational advisor;career guidance practitioner;school career guidance advisor;careers officer,,,"Career guidance advisors provide guidance and advice to adults and students on making educational, training and occupational choices and assist people in managing their careers, through career planning and career exploration. They help identify options for future careers, assist beneficiaries in the development of their curriculum and help people reflect on their ambitions, interests and qualifications. Career guidance advisors may provide advice on various career planning issues and make suggestions for lifelong learning if necessary, including study recommendations. They may also assist the individual in the search for a job or provide guidance and advice to prepare a candidate for recognition of prior learning."
http://data.europa.eu/esco/occupation/5d601b40-7e0e-404e-bbff-bb98e147437c,2422,legal policy officer,legal and compliance policy officer;legal policy advisor;legal policy specialist;legal affairs policy officer,,,"Legal policy officers research, analyse and develop policies related to the legal sector and implement these policies to improve the existing regulation around the sector. They work closely with partners, external organisations or other stakeholders and provide them with regular updates."
http://data.europa.eu/esco/occupation/5d758e75-a116-485a-b800-5db08ffd3ba1,2635,drug and alcohol addiction counsellor,drug and alcohol worker;drug and alcohol addiction counselor;alcohol counsellor;substance abuse counsellor;addictions counsellor;drug and alcohol addiction social counsellor;drug counsellor,,,"Drug and alcohol addiction counsellors provide assistance and counselling to individuals and families dealing with drug and alcohol addictions, monitoring their progress, advocating for them, performing crisis interventions and group therapy. They also assist the persons with the consequences of their addictions which can be unemployment, physical or mental disorders and poverty. Drug and alcohol addiction counsellors may also prepare educational programs for high-risk populations."
http://data.europa.eu/esco/occupation/5e5b1b61-1351-4d3b-a293-deb3661715dd,2411,financial controller,finance manager;financial administrator;accounting supervisor;financial accountant;accountant;financial control manager;financial control officer;corporate controller;finance officer;financial investigator;finance controller;accounting controller;financial investigation clerk,,,"Financial controllers handle all tasks related to the budgeting and accounting aspects of a company or organisation. They implement and ensure compliance with internal financial and accounting procedures, and prepare documentation for external audits. They collect information related to financial statements such as assets, liabilities, equity, and cash flow in order to assess the company's financial position to prepare annual budgets and forecasts."
http://data.europa.eu/esco/occupation/5f50290d-f520-4a69-85c7-1390d2a4a8b6,2519,ICT usability tester,usability developer;usability specialist;usability testers;user-friendliness tester,,,"ICT usability testers ensure compliance with requirements and strive for optimal usability within the software engineering cycle phases (analysis, design, implementation, and deployment). They also work closely with users (analysts) to research for and document user profiles, analyse tasks, workflows, and user scenarios."
http://data.europa.eu/esco/occupation/5fe1b340-9b02-4c40-bbc9-ffd4d5fb5699,2422,cultural policy officer,cultural policy coordinator;culture policy officer;arts worker;arts administrator;cultural policy director;cultural programs officer;culture programmes officer;culture director;cultural policy worker;culture programes officer,,,Cultural policy officers develop and implement policies to improve and promote cultural activities and events. They manage resources and communicate with the public and media in order to facilitate interest in cultural programs and emphasize their importance in a community.
http://data.europa.eu/esco/occupation/60082a99-d8ef-4e84-9290-78902681b6ed,2421,business analyst,management consultant;standardisation manager;business strategy analyst;organisational developer;standardisation expert;business strategy consultant;standardization expert;business development analyst,,,"Business analysts research and understand the strategic position of businesses and companies in relation to their markets and their stakeholders. They analyse and present their views on how the company, from many perspectives, can improve its strategic position and internal corporate structure. They assess needs for change, communication methods, technology, IT tools, new standards and certifications."
http://data.europa.eu/esco/occupation/61053604-8091-4a8e-9c63-5151051722e3,2422,healthcare consultant,management consultant;healthcare advisor;healthcare management adivsor;healthcare management consultant;retirement healthcare advisor,,,"Healthcare consultants advise health care organisations on the development of plans to improve patient care and safety. They analyse health care policies and identify issues, and aid in the development of improvement strategies."
http://data.europa.eu/esco/occupation/643a2225-6a01-4899-81b0-e867ca09b9c9,2422,government planning inspector,planning officer;planning and development surveyor;housing and planning inspector;planning inspector;national infrastructure examining inspector;examining inspector,,,"Government planning inspectors monitor the development and implementation of government plans and policies, as well as processing planning and policy proposals, and performing inspections of planning procedures."
http://data.europa.eu/esco/occupation/659b0ffd-337c-4a1f-82e3-2730812279de,2412,venture capitalist,seed capital investor;angel investor;investor;financier,,,"Venture capitalists invest in young or small start-up companies by providing private funding. They research potential markets and particular product opportunities to help business owners develop or expand a business. They provide business advice, technical expertise, and network contacts based on their experience and activities. They do not assume executive managerial positions within the company, but have a say in its strategic direction."
http://data.europa.eu/esco/occupation/65fb0b53-b8c4-4839-b099-c80b6de5a158,2422,employment programme coordinator,program coordinator employment;employment program manager;job creation advisor;employment programme manager;programme coordinator employment;return to work advisor,,,Employment programme coordinators research and develop employment programmes and policies to improve employment standards and reduce issues such as unemployment. They supervise promotion of policy plans and coordinate implementation.
http://data.europa.eu/esco/occupation/666846b2-01ce-43f6-8cb7-f3be09fac4a2,2619,ombudsman,information commissioner;ombudswoman;children's ombudsman,,"Excludes <a resource=""http://data.europa.eu/esco/occupation/403be630-8d1e-43b7-9f07-098aca5bb689"" typeOf=""http://data.europa.eu/esco/model#Occupation"" href=""http://data.europa.eu/esco/occupation/403be630-8d1e-43b7-9f07-098aca5bb689""><span property=""http://www.w3.org/2000/01/rdf-schema#label"" xml:lang=""en"">mediator</span></a>.","Ombudsmen resolve disputes between two parties where there is a power imbalance, as an impartial mediator. They interview the parties involved and investigate the case in order to come to a resolution beneficial to both parties. They advise on conflict resolution and offer support to clients. The claims are mostly against public institutions and authorities."
http://data.europa.eu/esco/occupation/66fb9704-0d56-4673-8e69-7823816b73e1,2431,market research analyst,market research manager;marketing research coordinator;marketing researcher;marketing research analyst;market researcher;customer insight manager;market analyst;demographic marketer;market research technician;market research specialist,,,"Market research analysts collect the information gathered in the market research and study it to draw conclusions. They define the potential customers of a product, the target group and the way they can be reached. Market research analysts analyse the position of products in the market from different perspectives such as features, prices and competitors. They analyse cross selling and interdependencies between different products and their placement. Market research analysts prepare information helpful for the development of marketing strategies."
http://data.europa.eu/esco/occupation/6a167ceb-f847-4ef0-af47-89454c53770b,2635,clinical social worker,clinical social support worker,,,"Clinical social workers provide therapy, counselling, and intervention services to clients. They treat clients with personal struggles, namely mental illness, addiction, and abuse, advocating for them and helping them gain access to the necessary resources. They also focus on the impact of medical and public health issues within social aspects."
http://data.europa.eu/esco/occupation/6a29d804-f775-446c-bec7-35fc4e28ac97,2421,business consultant,business process consultant,,,"Business consultants analyse the position, structure and processes of businesses and companies and offer services or advice to improve them. They research and identify business processes such as financial inefficiencies or employee management and devise strategical plans to overcome these difficulties. They work in external consulting firms where they provide an objective view on a business and or company's structure and methodological processes."
http://data.europa.eu/esco/occupation/6a6ce738-b049-4521-b402-8e1f346c7eca,2635,homelessness worker,homeless care worker;homelessness support worker;homeless case worker;homeless guidance worker;homeless support worker;homelessness guidance worker;homeless team worker;housing options and advice worker;homeless advice worker;homelessness social worker;homeless social worker;homelessness care worker;homelessness case worker;homelessness advice worker;homelessness team worker,,,"Homelessness workers provide on-the-spot assistance, counselling and advice to people who have housing problems or live on the streets. They present them with services available to homeless people starting from hostel vacancies to financial aid services. They may have to cope with persons with mental health problems, addictions or victims of domestic or sexual abuse."
http://data.europa.eu/esco/occupation/6a7212c9-40da-4346-a190-3896bdd9a925,2635,probation officer,probation services officer;parole officer;prison department social worker,,,"Probation officers supervise offenders after their release, or who were sentenced to penalties outside of incarceration. They write reports providing advice on the offender's sentence and analysis concerning possibilities of reoffense. They aid the offenders during the rehabilitation and reintegration process and ensure the offenders carry out their community service sentence when necessary."
http://data.europa.eu/esco/occupation/6b5e5aa6-9bf7-47e6-90d2-4d2187d47d11,2422,immigration policy officer,government policy manager;asylum policy officer;refugee policy officer;immigration policy analyst,,,"Immigration policy officers develop strategies for the integration of refugees and asylum seekers, and policies for the transit of people from one nation to another. They aim to improve international cooperation and communication on the subject of immigration, as well as efficiency of immigration and integration procedures."
http://data.europa.eu/esco/occupation/6cd08cbe-7611-4d70-8886-6c59c0385442,2632,communication scientist,communication analyst;communication studies research scientist;communication science researcher;communication studies researcher;communication studies analyst;communications scientist;communication scholar;communication research scientist;communication research analyst;communication researcher;communication studies research analyst;communication studies scholar,,,"Communication scientists research the different aspects of the planning, collecting, creating, organizing, preserving, using, evaluating and exchanging information through verbal or non-verbal communication. They study the interactions between groups, individuals, and individuals with technologies (robots)."
http://data.europa.eu/esco/occupation/6ce5f7e3-a534-4aa2-ab23-255408ddb53a,2512,IoT developer,IoT software developer,,,"IoT developers analyse and gather data for interpreting the pattern and predicting the result. They use artificial intelligence for managing the tasks and autonomous decisions, employing machine learning algorithms to create smarter devices through data sensors. IoT developers create software for connecting objects to systems and devices, or for programming these objects to make them function on their own."
http://data.europa.eu/esco/occupation/6d03eaef-1ce5-4a1e-bb41-0908e1af1b65,2423,occupational analyst,organizational structure analyst;corporate business consultant;corporate business analyst;job analyst,,,Occupational analysts collect and analyse occupational information within one field or company in order to make recommendations for reducing costs and general business improvements. They provide technical assistance to employers in dealing with problematic staff recruitment and development and with staff restructuring. Occupational analysts study and write job descriptions and prepare occupational classification systems.
http://data.europa.eu/esco/occupation/6e591f17-65c1-4a24-af2a-ca7862d4625e,2434,technical sales representative in electronic and telecommunications equipment,graduate technical sales representative in electronic and telecommunications equipment;senior technical sales representative in electronic and telecommunications equipment;electronic and telecommunications equipment field salesperson;trainee technical sales representative in electronic and telecommunications equipment;electronic and telecommunications equipment inside technical sales representative;graduate technical sales engineer in electronic and telecommunications equipment;trainee technical sales engineer in electronic and telecommunications equipment;electronic and telecommunications equipment field saleswoman;assistant technical sales representative in electronic and telecommunications equipment;electronic and telecommunications equipment outside technical sales representative;electronic and telecommunications equipment field salesman;senior technical sales engineer in electronic and telecommunications equipment;electronic and telecommunications equipment technical field sales representative;assistant technical sales engineer in electronic and telecommunications equipment,,,Technical sales representatives in electronic and telecommunications equipment act for a business to sell its merchandise while providing technical insight for customers.
http://data.europa.eu/esco/occupation/6e5ceba0-df96-465f-adb4-2e06ae715d43,2514,numerical tool and process control programmer,numerical tool setting operator;numerical process control programmer;numerical tool programmer;numerical process control operator;numerical process control set up operator;numerical process control tool setting operator;numerical tool setter;numerical tool machine set up operator;numerical tool l programme setter;numerical tool and process control programer;numerical tool machine operator;numerical process control supervisor;numerical tool maker,,,"Numerical tool and process control programmers develop computer programs to control automatic machines and equipment involved in manufacturing processes. They analyse blueprints and job orders, conduct computer simulations and trial runs."
http://data.europa.eu/esco/occupation/6e92d4b5-3167-4166-802f-da7753951a31,2511,ICT research consultant,IT research consultant;ICT research advisor;IT research specialist;ICT research consultants;IT research advisor;ICT research specialist,,Includes people performing outsourced activities. Excludes people performing in-house research.,"ICT research consultants perform targeted ICT research and provide a final report to the client. They also use ICT tools to design questionnaires for surveys, analyse the results, write reports, present the results and make recommendations based on the research findings."
http://data.europa.eu/esco/occupation/7086d0ca-1e77-4690-89c9-7ed1a0478fa3,2519,data quality specialist,data integrity officer;data integrity specialist;data quality officer;data quality expert;data quality specialists,,Excludes people performing managerial and development activities.,"Data quality specialists review organisation's data for accuracy, recommend enhancements to record systems and data acquisition processes and assess referential and historical integrity of data. They also develop documents and maintain data quality goals and standards and oversee an organisation's data privacy policy and monitor compliance of data flows against data quality standards."
http://data.europa.eu/esco/occupation/70b5896f-988e-4084-9c19-2c82bd5cc9a5,2642,sports journalist,sports journalist & commentator;sport journalist;sports journalist and commentator;digital sports journalist;sports correspondent;sports reporter;radio sports journalist;on-line sports journalist;sports commentator;sports broadcast journalist,,Includes people working in live sport events.,"Sports journalists research and write articles about sport events and athletes for newspapers, magazines, television and other media. They conduct interviews and attend events."
http://data.europa.eu/esco/occupation/725090a7-9943-4dae-8079-a6999d21ddba,2431,client relations manager,customer service manager;customer service representative;customer service executive;client manager;CRM manager;client service manager;client service representative;client relationship manager;consumer relations manager,,"Excludes <a resource=""http://data.europa.eu/esco/occupation/9c9752b7-3e3b-4a08-8553-b63a013f8072"" typeOf=""http://data.europa.eu/esco/model#Occupation"" href=""http://data.europa.eu/esco/occupation/9c9752b7-3e3b-4a08-8553-b63a013f8072""><span property=""http://www.w3.org/2000/01/rdf-schema#label"" xml:lang=""en"">customer experience managers</span></a>. Excludes people working with short term customers in the hospitality, recreation or entertainment industry.",Client relations managers act as the middle person between a company and its customers. They ensure that the customers are satisfied by providing them with guidance and explanation on their accounts and services received by the company. They also have possible other tasks such as developing plans or delivering proposals.
http://data.europa.eu/esco/occupation/7284ccbf-e2fd-4e2f-8bbf-bc54eab610d5,2412,personal trust officer,personal trust manager;trustee officer;personal trust supervisor,,,"Personal trust officers monitor and administer personal trusts. They interpret trust and testamentary documentation accordingly, interact with financial advisors to define the investment goal for the achievement of trust objectives, coordinate the purchase and sale of securities with account executives and review clients' accounts regularly."
http://data.europa.eu/esco/occupation/72add02e-ae39-4dfb-8047-ced4c1a347f5,2642,picture editor,photo editor;picture selector and organiser;picture selector and organizer;image editor;photograph editor,,,"Picture editors select and approve photographs and illustrations for newspapers, journals and magazines. Picture editors make sure that the photographs are delivered on time for publication."
http://data.europa.eu/esco/occupation/731f38f1-b08f-4dd5-a25e-f8627c038273,2519,ICT integration tester,ICT compatibility tester;compatibility tester;module compatibility tester;module integration tester;integration testers;IT compatibility tester,,,"ICT integration testers perform tests in groups of system components, units or even applications. They group them in larger aggregates and apply integration test plans on them. They oversee the complexity of relations between different components."
http://data.europa.eu/esco/occupation/738257d3-7e56-4745-9b2e-014e60d41d48,2635,hospital social worker,social worker;palliative care social worker;hospital discharge social worker;medical social worker;public health social worker,,,"Hospital social workers provide counselling to patients and their families helping them to better cope with the illness, the emotions surrounding diagnosis, and with social and financial problems. They work in cooperation with doctors, nurses and other health professionals sensitising them on the emotional aspects of a patient. They act as link between patients and medical staff. Hospital social workers also support the patients and their families with the discharge from the hospital."
http://data.europa.eu/esco/occupation/757da94f-d1f3-48ad-ac61-74e22bc18cca,2643,graphologist,forensic document examiner;handwriting expert;graphologists;handwriting specialist;forensic handwriting expert,,,"Graphologists analyse written or printed materials in order to draw conclusions and evidence about traits, personality, abilities and authorship of the writer. They interpret letter forms, the fashion of writing, and patterns in the writing."
http://data.europa.eu/esco/occupation/7591db5b-ee01-4b6b-b626-ddaf892458d4,2635,crisis situation social worker,crisis intervention counsellor;crisis situation counsellor;emergency social worker;crisis situation worker;crisis intervention social worker;crisis response social worker;disaster social worker,,,"Crisis situation social workers provide emergency support and assistance to persons with physical or mental disorders by addressing their distress, impairment, and instability. They assess the level of risk, mobilise client resources, and stabilise the crisis."
http://data.europa.eu/esco/occupation/76884a72-d8b8-4819-bd40-71d6420a9a42,2619,court jury coordinator,legal secretary;court usher;coordinators for court jury;bailiff;jury consultant;solicitor;paralegal;legal executive;trial administator;court legal advisor;trial assistant;trial consultant;coordinator for court jury;court adminsistrative officer;court consultant,,,"Court jury coordinators aid lawyers in the preparation of the trial by researching jury members. They aid in the development of trial strategies, analyse the jury's behaviour during a trial, and advise lawyers on proceedings. They also assist in preparing witnesses and constructing arguments."
http://data.europa.eu/esco/occupation/76a1a76c-b014-4600-8901-56cb936de7ed,2519,ICT auditor manager,ICT auditor managers;ICT audit manager;information technology audit manager;IT audit manager,,,"ICT auditor managers monitor ICT auditors responsible for auditing information systems, platforms, and operating procedures in accordance with established corporate standards for efficiency, accuracy and security. They evaluate ICT infrastructure in terms of risk to the organisation and establish controls to mitigate loss. They determine and recommend improvements in the current risk management controls and in the implementation of system changes or upgrades."
http://data.europa.eu/esco/occupation/76ef0a87-6afe-4560-b5d0-9a086abe45c5,2529,ethical hacker,network security tester;cybersecurity specialist;cybersecurity tester;ICT security tester;system security tester;red team expert;penetration tester;pentester;offensive cybersecurity expert;vulnerability analyst,,,"Ethical hackers perform security vulnerability assessments and penetration tests in accordance with industry-accepted methods and protocols. They analyse systems for potential vulnerabilities that may result from improper system configuration, hardware or software flaws, or operational weaknesses."
http://data.europa.eu/esco/occupation/7754d570-9519-48c2-b1c9-8e165f8bca0f,2529,cybersecurity risk manager,cybersecurity specialist;cybersecurity risk assurance consultant;information security manager;cyber risk manager;cybersecurity risk assessor;IT security chief;ICT security chief;ICT security manager;ICT technical security expert;security coordinator;cybersecurity impact analyst;IT security manager;information security risk analyst,,,"Cybersecurity risk managers identify, analyse, assess, estimate and mitigate cybersecurity-related risks of ICT infrastructures such as systems or services. They manage these aspects by planning risk analysis, applying, reporting, assessing, communicating, and treating them. They establish a risk management strategy for the organisation and ensure that risks remain at an acceptable level for the organisation by selecting mitigation actions and controls."
http://data.europa.eu/esco/occupation/779d13be-60b4-48f3-a339-fe483be96c7f,2619,regulatory affairs manager,compliance manager;regulatory manager;bank compliance officer;regulatory compliance officer;regulatory affairs specialist;regulatory affairs officer;chief compliance officer;regulatory compliance manager;regulatory affairs portfolio leader,,,"Regulatory affairs managers are in charge of regulatory and legal affairs in several sectors such as the healthcare, energy and banking industries. They oversee the development of products and services from inception to market release by making sure everything complies with the local legislation and meets regulatory requirements. They have experience in the different phases of regulatory processes and act as an interface between business and government legislation or regulatory boards."
http://data.europa.eu/esco/occupation/7819669b-30c2-42e6-a1c4-0bcd6f0379ff,2422,international relations officer,international manager;inter governmental cooperation officer;international development officer;international relations director,,,"International relations officers ensure the development of cooperation between international public organisations and governments. They facilitate communication between their organisation and foreign organisations and develop collaboration strategies, promoting a collaborative relationship beneficial for both parties."
http://data.europa.eu/esco/occupation/781a6350-e686-45b9-b075-e4c8d5a05ff7,2512,cloud software developer,cloud and infrastructure specialist;cloud solutions specialist;cloud consultant;cloud deployment specialist;cloud technical specialist;cloud administrator;full stack cloud software engineer;cloud infrastructure it specialist,,,"Cloud software developers create, deploy, and modernize software applications to run on the cloud using microservices, containers, and serverless technologies. They develop scalable and highly available applications using cloud architectures and best practices. They incorporate logging and monitoring into their code and are able to perform root cause analysis on failures."
http://data.europa.eu/esco/occupation/78db356f-a96a-4456-ab29-2de62e52f830,2411,public finance accountant,finance accountant;public finance officer;treasury accountant;treasury officer;public finance manager;finance accountant of government administration;treasury manager,,,"Public finance accountants head the treasury department of a governmental institution. They manage the institution's financial administration, expenditure and income generation, and compliance with taxation and other financial legislation. They perform administrative duties to ensure record keeping, develop plans for budget management and perform financial forecasts."
http://data.europa.eu/esco/occupation/78faf623-2543-43a5-acb2-3c43a22d36e4,2511,blockchain architect,decentralized ledger technology specialist;DLT specialist;blockchain technology specialist;DLT architect,,Excludes the development of decentralized systems.,"Blockchain architects are ICT system architects that are specialized in blockchain-based solutions. They design architecture, components, modules, interfaces, and data for a decentralized system to meet specified requirements."
http://data.europa.eu/esco/occupation/7a6ca615-a2bc-499d-8288-d186ce2594ea,2412,financial risk manager,budget and debt advisor;financial risk department manager;bank risk manager,,,"Financial risk managers identify and assess potential risk areas threatening the assets or capital of organisations and give advice on how to deal with them. They specialise in either credit, market, operational or regulatory risk analysis. They use statistical analysis to evaluate risk, make recommendations to reduce and control financial risk and review documentation for legal compliance."
http://data.europa.eu/esco/occupation/7b629a14-09d0-417e-8181-7683923b4e5e,2422,sports programme coordinator,sports development officer;recreation officer;community development officer;recreation programme coordinator;sports development coordinator,,,"Sports programme coordinators coordinate sports and recreation activities and policy implementation. They develop new programs and aim to promote and implement them, as well as ensure the maintenance of sports and recreation facilities."
http://data.europa.eu/esco/occupation/7b89d3e0-c6fb-4c95-bf0d-3b4acf05f9d6,2619,legislative drafter,researcher;parliamentary drafter;parliamentary draughtsman;parliamentary draftsman;parliamentary draftsperson;parliamentary councel,,,Legislative drafters research pieces of legislations and edit them in order to make them stronger and more clear. Rarely they also add new ideas which have never been incorporated into a law or a bill before.
http://data.europa.eu/esco/occupation/7d9e2a65-758c-4cbd-b66d-3a595d3d63b1,2634,polygraph examiner,polygraph instructor;polygraph operator;signals analyst;polygraphist;lie detector operator;polygraph technician;lie detector examiner,,,"Polygraph examiners prepare individuals for polygraph testing, conduct the polygraph exam and interpret the results. They pay close attention to detail and use a range of instruments to monitor respiratory, sweat and cardiovascular responses to questions addressed during the process. Polygraph examiners write reports on the basis of the results and can provide courtroom testimony."
http://data.europa.eu/esco/occupation/812c217d-32b7-4f6a-9faf-993d3577ac7f,2529,knowledge engineer,linked data engineer;taxonomist;knowledge officer;information engineer;knowledge engineers,,Excludes people performing programming and coding activities.,"Knowledge engineers integrate structured knowledge into computer systems (knowledge bases) in order to solve complex problems normally requiring a high level of human expertise or artificial intelligence methods. They are also responsible for eliciting or extracting knowledge from information sources, maintaining this knowledge, and making it available to the organisation or users. To achieve this, they are aware of knowledge representation and maintenance techniques (rules, frames, semantic nets, ontologies) and use knowledge extraction techniques and tools. They can design and build expert or artificial intelligence systems that use this knowledge."
http://data.europa.eu/esco/occupation/81480b40-a318-47f3-9b2c-56b69ed67d95,2522,ICT network administrator,network manager;network specialist;network administrators;network support;networks administrator,,Includes people performing managerial activities.,"ICT network administrators maintain operation of a reliable, secure, and efficient data communications network, including LAN, WAN, intranet, and internet. They perform network address assignment, management and implementation of routing protocols such as ISIS, OSPF, BGP, routing table configurations and certain implementations of authentication. They perform maintenance and administration of servers (file servers, VPN gateways, intrusion detection systems), desktop computers, printers, routers, switches, firewalls, phones, IP communications, personal digital assistants, smartphones, software deployment, security updates and patches as well as a vast array of additional technologies inclusive of both hardware and software."
http://data.europa.eu/esco/occupation/8213b4bc-60ce-4ffc-9e00-9758fb2003c6,2422,monitoring and evaluation officer,monitoring and reporting analyst;MEL officer;social impact assessment specialist;economic impact assessment officer;evaluator;M&E officer;monitoring and evaluation specialist;social impact assessment analyst;impact assessment manager;MEIL officer;research and evaluation officer;evaluation Officer;MEL Project Officer,,,"Monitoring and evaluation officers are responsible for the conceptualisation, design, implementation and follow-up of the monitoring and evaluation activities of projects, programmes, policies, strategies, institutions or processes, along the relevant programming cycle. They develop monitoring, inspection and evaluation methods and instruments needed to collect and analyse data, and report on results by applying structured M&E frameworks, theories, approaches and methodologies. M&E officers inform decision-making through reporting, learning products or activities and knowledge management. They can also engage in capacity development activities by providing training and capacity building support within their organizations or for clients and partners."
http://data.europa.eu/esco/occupation/82fe0140-7069-47f9-a7d4-d63a611cb5bd,2432,election agent,campaign manager;parliamentary agent;electorate officer;elections officer,,,Election agents manage a political candidate's campaign and oversee the operations of elections to ensure accuracy. They develop strategies to support candidates and persuade the public to vote for the candidate they represent. They conduct research to gauge which image and ideas would be most advantageous for the candidate to present to the public in order to secure the most votes.
http://data.europa.eu/esco/occupation/83dc2d94-9e30-493a-bd93-6346e05fe146,2635,family planning counsellor,sexual health lead;family planning advisor;reproductive health advisor;family planning social counsellor;sexual health advisor;senior sexual health advisor;pregnancy advisor;family planning counselor;family planning clinic advisor,,,"Family planning counsellors provide support and counselling to adults and adolescents on issues such as reproduction, contraceptive methods, pregnancy or termination of pregnancy, in compliance with the legislation and practices. They also provide information about maintaining optimum health practices, sexual disease prevention and treatment recommendation referrals, working in collaboration with the professional doctors."
http://data.europa.eu/esco/occupation/84871c2a-abd1-45eb-b03a-65e51a26fd84,2411,cost analyst,quantity surveyor;cost accountant;cost accounting clerk;cost recovery estimator;cost and budget analyst;cost accounting officer;cost estimator,,,"Cost analysts prepare regular costs, budgeting analyses and reports in order to contribute to the overall cost planning and forecasting activities of a business. They review and reconcile key balance sheets and identify new opportunities to save costs."
http://data.europa.eu/esco/occupation/8529edc5-96ad-4cde-b34a-f86ad3753e4d,2433,sales engineer,coach sales engineer;PCV sales engineer;bus sales technician;bus and coach sales technician;heavy vehicle sales technician;LGV sales technician;light vehicle sales technician;LGV sales engineer;bus and coach sales engineer;coach sales technician;heavy vehicle sales engineer;bus sales engineer;PCV sales technician;light vehicle sales engineer,,,"Sales engineers provide technical customisation of products based on customers requests and needs (mainly heavy duty), such as building equipment. They take care of business to business contact and assume responsibility for complex repairs and maintenance process."
http://data.europa.eu/esco/occupation/85482504-c83d-4038-80d9-265198d18b48,2635,community care case worker,independent living coordinator;community care social worker;domiciliary care manager;domiciliary care supervisor,,,"Community care case workers perform assessment and care management. They organise domiciliary services to support vulnerable adults who are living with physical impairment or convalescing, aiming to improve their lives in the community and enabling them to live safely and independently at their own home."
http://data.europa.eu/esco/occupation/866c7813-2c03-47d7-9bdc-192cfbace57c,2512,user interface developer,user interface engineer;user interface developers;UI programmer;front end developer;UI developer;UI developers,,,"User interface developers implement, code, document and maintain the interface of a software system by using front-end development technologies."
http://data.europa.eu/esco/occupation/8801ef16-92a4-4889-8f80-9b78206c7ec0,2619,human rights officer,human rights project officer;human rights program officer;human rights lawyer;human rights programme officer,,,"Human rights officers investigate and handle human rights violations, as well as develop plans to reduce violations and to ensure compliance to human rights legislation. They investigate complaints by examining information and interviewing victims and perpetrators, and communicate with organisations involved with human rights activities."
http://data.europa.eu/esco/occupation/89330b57-6a30-40e1-b623-50f47a4b0c34,2411,grants management officer,grants officer;proposals manager,,"Excludes <a resource=""http://data.europa.eu/esco/occupation/bb4ca5c1-879d-44e8-840d-24f320206bff"" typeOf=""http://data.europa.eu/esco/model#Occupation"" href=""http://data.europa.eu/esco/occupation/bb4ca5c1-879d-44e8-840d-24f320206bff""><span property=""http://www.w3.org/2000/01/rdf-schema#label"" xml:lang=""en"">grant administrators</span></a>.","Grants management officers work professionally in the administration and management of grant funds. They look at grant applications from individuals, charities, community groups or university research departments and decide whether to award funding given out by charitable trusts, government or public bodies or not. However, sometimes they may refer the grant application to a senior officer or committee."
http://data.europa.eu/esco/occupation/89b85c45-ddc7-4fe1-be5a-d3db2be11f3b,2434,ICT account manager,IT service delivery manager;ICT key account manager;ICT account managers;IT account manager;IT key account manager,,,"ICT account managers build business relationships with customers to facilitate the sale of hardware, software, telecommunications or ICT services. They also identify opportunities and manage sourcing and delivery of products to customers. They achieve sales targets and maintain profitability."
http://data.europa.eu/esco/occupation/8bd74371-1818-47d5-a253-d703c51c5f26,2642,copy editor,editorial assistant;language editor;senior copy editor;copy-editor,,,"Copy editors ascertain that a text is agreeable to read. They ensure that a text adheres to the conventions of grammar and spelling. Copy editors read and revise materials for books, journals, magazines and other media."
http://data.europa.eu/esco/occupation/8bf76ba6-e661-4574-9887-4f2cb943835a,2422,political affairs officer,political consultant;political aide;political advisor;political campaign officer;campaigner;lobbyist;advocacy and political affairs officer;political-military affairs officer;senior political affairs officer;prime minister adviser;president adviser,,,"Political affairs officers analyse developments in foreign politics and other policy matters, monitor conflicts and consult on mediation measures, as well as other developmental strategies. They write reports to ensure communication with governmental bodies, and develop policies and implementation methods."
http://data.europa.eu/esco/occupation/8c57af09-719c-42b3-be40-6ed4946236cc,2521,database administrator,data base administrators;database administrators;data administrator;DBA;database configurator;data base administrator;data manager;database manager,,Includes people performing managerial activities.,"Database administrators test, implement and administer computer databases. They use their expertise in database management systems to plan, coordinate and implement security measures to safeguard computer databases. They also use scripts and configuration files to tailor a database to users' needs."
http://data.europa.eu/esco/occupation/8cb59bc4-1f39-477e-beea-effed12d186c,2641,technical communicator,technical writer;documentation specialist;scientific communicator;technical documentation author;technical documentation specialist;technical editor;scientific and technical communicator;user experience designer;usability expert;advanced technical communicator;senior technical communicator;technical content developer;technical illustrator;information architect;API writer;technical author;e-learning author;tech communicator;technical communicators,,,"Technical communicators prepare clear, concise and professional communication from product developers to users of the products such as online help, user manuals, white papers, specifications and industrial videos. For this, they analyse products, legal requirements, markets, customers and users. They develop information and media concepts, standards, structures and software tool support. They plan the content creation and media production processes, develop written, graphical, video or other contents, generate media output, release their information products and receive feedback from the users."
http://data.europa.eu/esco/occupation/8d586ee9-0ab1-4155-a3b0-2ca786c8e48c,2413,financial analyst,economic analyst;credit analyst;financial markets report writer;financial markets analyst;treasury analyst;financial markets specialist;banking analyst;stock market analyst;m&a analyst;company analyst;structured finance analyst;financial markets researcher;financial researcher;capital markets analyst;financial markets forecaster,,,"Financial analysts conduct economic research and elicit valuable analyses on financial matters such as profitability, liquidity, solvency, and asset management. They provide recommendations on financial matters for decision-making processes. Financial analysts work in both the public and the private sector."
http://data.europa.eu/esco/occupation/8d9ec84d-cf2d-4179-87bc-335cda54a427,2521,database designer,database designers;data architect;secure could-edge computing system architect;data base designer;data model designer;data base designers;database architect;database design engineer,,"Excludes people performing managerial, programming, coding, and setting of a system's activities.","Database designers specify the database's logical structure, processes, and information flows. They design data models and databases to serve data acquisition."
http://data.europa.eu/esco/occupation/903dc1bf-2da8-477d-83b2-687d360cf1da,2432,intercultural communication consultant,intercultural consultant;intercultural mediator;intercultural communication expert;intercultural communication adviser;intercultural communications consultant;intercultural communication specialist,,,"Intercultural communication consultants specialise in social interaction between parties of different cultures, advise organisations on international interactions in order to optimise their performance, and facilitiate cooperation and positive interaction with organisations and individuals from other cultures."
http://data.europa.eu/esco/occupation/90569478-805c-4d14-a1ba-e9c9c4ac2818,2635,victim support officer,victims caseworker;domestic abuse support worker;victim support social worker;relief worker;victim care officer;victim service manager;support coordinator;senior victims support officer;restorative justice officer;victim service officer;victim assistance social worker;victime and witness support officer,,,"Victim support officers provide assistance and counselling to people who were victim of or have witnessed crimes such as sexual assault, domestic abuse or anti-social behaviour. They develop solutions according to the different needs and feelings of persons."
http://data.europa.eu/esco/occupation/934c3572-37f4-4cdd-a4a4-017f5f7809e4,2412,investment fund management assistant,investment fund clerk;investment fund office clerk;investment fund specialist;investment fund assistant,,Includes people working with fund managers to assist them in various tasks including monitoring the financial markets.,Investment fund management assistants provide clients with financial planning advice on financial products and serve as the main contact point for new and old clients. They assist and perform preparatory work in the creation and administration of funds and help with the implementation of fund management decisions made by the portfolio or fund manager.
http://data.europa.eu/esco/occupation/95d0a616-a4a9-4f56-a8fb-4de43cdb4c82,2635,family social worker,family services social worker;family support worker,,,"Family social workers provide advice to families about the range of social services available to solve their problems or challenging life situations such as addictions, mental illnesses, medical or financial struggles. They help their users to access these social services and monitor their appropriate usage."
http://data.europa.eu/esco/occupation/96e20037-0a25-4bf6-a25e-808d1605d890,2513,user interface designer,UI designer;accessibility designer;user interface designers,,,"User interface designers are in charge of designing user interfaces for applications and systems. They perform layout, graphics and dialogues design activities as well as adaptation activities."
http://data.europa.eu/esco/occupation/974d4eab-fbee-4c52-b16e-73bdd8c25b53,2611,lawyer,social law lawyer;barrister;medical lawyer;industrial property lawyer;procurement law lawyer;administrative law lawyer;information technology lawyer;fiscal lawyer;agricultural lawyer;property law lawyer;property law attorney;employment lawyer;family law lawyer;bank and capital market lawyer;labour lawyer;patent law lawyer;building and construction dispute lawyer;building lawyer;traffic law lawyer;prosecutor assistant;commercial and company lawyer;counsellor;advocate;inheritance law lawyer;intellectual property lawyer;attorney;copyright and media lawyer;international business law lawyer;personal law lawyer;financial lawyer,,,"Lawyers provide legal advice to clients and act on their behalf in legal proceedings and in compliance with the law. They research for, interpret and study cases to represent their clients in a variety of settings such as courts and administrative boards. They create arguments on behalf of their clients for lawsuits in different contexts with the aim of finding a legal remedy."
http://data.europa.eu/esco/occupation/976c7f50-7f9e-4347-bbb9-f0dc842046a3,2634,health psychologist,health psychology researcher;research health psychologist;practitioner of healthcare psychology;consultant health psychologist;consultant in health psychology;specialist healthcare psychologist;healthcare psychologist;expert healthcare psychologist,,,"Health psychologists deal with the various aspects of health related behaviour of individuals and groups, by helping individuals or groups prevent illness and promote healthy behaviours by also providing counseling services. They perform tasks for the development of health promotion activities and projects on the basis of psychological science, research findings, theories, methods and techniques. They also engage in research about health related issues to influence public policy on health care issues."
http://data.europa.eu/esco/occupation/98358049-fbcd-479e-a644-e92bde5af2e0,2432,activism officer,activism and events officer;campaigner;campaign worker;charity officer;activism and engagement officer;activist;activism & engagement officer;activism coordinator;activism & events officer;events officer,,,"Activism officers promote or hinder social, political, economic or environmental change by using different tactics such as persuasive research, media pressure or public campaigning."
http://data.europa.eu/esco/occupation/9851c83c-5670-4da0-964a-1ef0e682e30b,2632,thanatology researcher,thanatologist;researcher in the psychology of death and dying;thanatological researcher;researcher in thanatology;fellow in thanatology;thanatological scholar,,,"Thanatology researchers study death and the dying in a variety of scientific fields such as psychology, sociology, physiology and anthropology. They contribute to the growth of knowledge on aspects of death such as the psychological phenomena the dying and those around them are experiencing."
http://data.europa.eu/esco/occupation/98b261ec-def2-4871-b062-56cdd290c844,2635,military welfare worker,air force social worker;military and veterans social worker;navy social worker;army welfare officer;forces welfare worker;forces social worker;military families welfare worker;army social worker;air force welfare officer;navy welfare officer;military families support worker;forces family support worker,,,"Military welfare workers assist families in coping with the deployment in the military of a family member by supporting them through the adjustment process of leaving and returning of the family member. They help teenagers go through the fear of loosing their parents to the military or not recognising their parents at their return. Military welfare workers help veterans to re-adapt to civilian life and help them manage sufferings, trauma disorders or griefs."
http://data.europa.eu/esco/occupation/98c3d8f8-e3a8-49b7-9e58-236f25a6f6a0,2522,system configurator,system configurators;system setup professional;system configuration professional;ICT system configurator;IT system configurator;systems configurator,,Excludes people performing managerial activities.,System configurators tailor a computer system to the organisation's and users' needs. They adjust the base system and software to the needs of the customer. They perform configuration activities and scripting and ensure communication with users.
http://data.europa.eu/esco/occupation/98e58946-3227-4f6c-a5d1-5892fe76883d,2433,after-sales service technician,after-sales support technician;field technician;workshop technician;sales support technician;help-desk technician;after-sales installation technician;after-sales rectification technician;after-sales team member;after-sales repair technician;customer service technician;after-sales maintenance technician;field support technician,,,"After-sales service technicians provide after-sales service support to customers, such as the installation, maintenance and repair of the sold products. They take corrective actions to ensure customers’ satisfaction, resolve technical product-related issues and write customer summary reports."
http://data.europa.eu/esco/occupation/98f17395-0f8c-4f51-9072-cb8f66fd6044,2422,agricultural policy officer,agronomist;agriculture policy officer;agriculture policy manager;policy manager agriculture;farming advisor;agricultural consultant;policy officer agriculture;agriculture policy coordinator;agriculture policy advisor,,,Agricultural policy officers analyse and identify agricultural policy issues and develop plans for improvement and new policy implementation. They write reports and presentations in order to communicate and acquire support for the policies from government officials and the public. They also communicate with professionals in agriculture for research and information purposes and perform administrative duties.
http://data.europa.eu/esco/occupation/99492920-e5a5-4dba-9e5a-93193147198c,2631,economist,econophysicist;economics scholar;economics scientist;economics researcher;econometrician;economics research analyst;interest analyst;economics research scientist;macro analyst;economics science researcher;social economist;labour economist;economics analyst,,,"Economists perform research and develop theories in the field of economics, whether for microeconomic or macroeconomic analysis. They study trends, analyse statistical data, and to some extent work with economic mathematical models in order to advise companies, governments, and related institutions. They advise on product feasibility, trend forecasts, emerging markets, tax policies, and consumer trends."
http://data.europa.eu/esco/occupation/9a2147aa-a72f-4f83-8653-c3f50d4e1e73,2643,sign language interpreter,business sign language interpreter;remote sign language interpreter;police sign language interpreter;interpreter of sign language;conference sign language interpreter;community sign language interpreter;television sign language interpreter;court sign language interpreter;medical sign language interpreter;social sign language interpreter;sworn sign language interpreter;guide sign language interpreter;public service sign language interpreter,,,Sign language interpreters understand and convert sign language into spoken language and vice versa. They maintain the nuances and the stress of the message in the recipient language.
http://data.europa.eu/esco/occupation/9aa2115d-83cb-4db1-af1d-b426c87c2393,2635,criminal justice social worker,family court advisor;prison social worker;probation social worker;family court adviser,,,Criminal justice social workers tackle criminal behaviour and reduce risk of reoffending by promoting and establishing programs to prevent crime within communities. They assist in prosecutions and help to investigate criminal cases. They assist prisoners reinsert into the community after release from custody. They also support and supervise the offenders sentenced to community service and provide support to the victims and the people closely affected by the crime.
http://data.europa.eu/esco/occupation/9c9752b7-3e3b-4a08-8553-b63a013f8072,2431,customer experience manager,guest relations specialist;guest relations manager;guest relations officer;hospitality customer experience manager;guest experience manager;guest experience specialist,,,"Customer experience managers monitor customer experiences by creating, evaluating and improving the customer's interaction organisations in the hospitality, recreation or entertainment industry. They develop plans of action to optimise all aspects of the customer's experience. Customer experience managers strive to ensure customer satisfaction and boost company profits."
http://data.europa.eu/esco/occupation/9cda1c7c-ba07-4381-b831-1bb346ff865f,2635,marriage counsellor,marriage and family counsellor;family therapist;marriage guidance counsellor;marriage counselling team member;marital crisis counsellor;marriage guidance and relationship counsellor;marriage and family therapist;marriage guidance advisor;couples counsellor;relationship counsellor;marriage counselor;marriage guidance and advice counsellor;marriage counselling team leader;family counsellor;relationship coach;marriage guidance worker;marriage crisis counsellor,,"Excludes <a resource=""http://data.europa.eu/esco/occupation/95d0a616-a4a9-4f56-a8fb-4de43cdb4c82"" typeOf=""http://data.europa.eu/esco/model#Occupation"" href=""http://data.europa.eu/esco/occupation/95d0a616-a4a9-4f56-a8fb-4de43cdb4c82""><span property=""http://www.w3.org/2000/01/rdf-schema#label"" xml:lang=""en"">family social workers</span></a>.","Marriage counsellors support and guide couples and families that are going through crises such as depression, substance abuse and relationship problems. They help improving their communication by providing group or individual therapy."
http://data.europa.eu/esco/occupation/9e1e8379-6377-4969-b141-0d2337218fc9,2631,economic development coordinator,economist;economic development consultant;economic development officer;socio economic development coordinator;regeneration manager;development officer;development consultant;planning officer,,,"Economic development coordinators outline and implement policies for the improvement of a community's, government's or institution's economic growth and stability. They research economic trends and coordinate cooperation between institutions working in economic development. They analyse potential economic risks and conflicts and develop plans to resolve them. Economic development coordinators advise on the economic sustainability of institutions and economic growth."
http://data.europa.eu/esco/occupation/9e285322-2cfa-430f-9b66-41be57d698e2,2432,public affairs consultant,public affairs agent;lobbyist;public affairs officer;public information consultant;public affairs specialist;corporate and public affairs consultant;external relations consultant;public affairs & communication consultant;public affairs and communication consultant;press and public affairs specialist;public affairs activist;public relations specialist;public relations consultant;external relations specialist;corporate & public affairs consultant;communication and public affairs specialist,,,"Public affairs consultants function as representatives for a client's goal. They attempt to persuade legislative bodies and policy makers to implement laws or regulation in accordance with the client's wishes, and negotiate with parties with potentially conflicting interests. They perform analytical and research duties in order to ensure that the client's cause is being addressed in an appropriate way to the appropriate parties. They also consult their clients on their causes and policies."
http://data.europa.eu/esco/occupation/9e2e6e1e-363b-4e1b-a673-7bc0f7343300,2522,ICT system administrator,sysadmin;IT system administrator;IT systems administrator;server administrator;network administrator;system and networks administrator;system and network administrator;ICT sysadmin;ICT sysadmins;enterprise administrator,,Excludes people performing managerial activities. Includes people performing inventory activities.,"ICT system administrators are responsible for the upkeep, configuration, and reliable operation of computer and network systems, servers, workstations and peripheral devices. They may acquire, install, or upgrade computer components and software; automate routine tasks; write computer programs; troubleshoot; train and supervise staff; and provide technical support. They ensure optimum system integrity, security, backup and performance."
http://data.europa.eu/esco/occupation/9ebaf3f0-0be0-47b7-b2b1-b3b04130fa81,2513,digital games developer,digital games developers;digital game developer;computer games developer;games programmer;video games developer;virtual games developer,,Includes people performing managerial activities.,"Digital games developers program, implement and document digital games. They implement technical standards in gameplay, graphics, sound and functionality."
http://data.europa.eu/esco/occupation/a04eedcf-8424-475a-8dc5-f30a9da4b151,2411,financial fraud examiner,fraud analyst;fraud examiner;fraud prevention analyst;fraud investigations manager;financial fraud investigator;forensic accountant;certified fraud examiner,,,"Financial fraud examiners undertake anti-fraud investigations including financial statement irregularities, securities fraud and market abuse detection. They manage fraud risk assessments and prepare forensic reports including the analysis and verification of evidence. Financial fraud examiners liaise with regulatory bodies."
http://data.europa.eu/esco/occupation/a1ba7574-cc28-446c-9741-12d7fbb325cb,2422,labour market policy officer,labour policy officer;labor market policy analyst;labour policy consultant;labour policy analyst;labour market policy analyst;labor policy advisor;policy officer at labour group;labor policy consultant;labor policy researcher;labour policy advisor;lobour policy researcher;policy officer at labour programme;labor policy officer;labor policy analyst,,,"Labour market policy officers research, analyse and develop labour market policies. They implement policies ranging from financial policies to practical policies such as improving job searching mechanisms, promoting job training, giving incentives to start-ups and income support. Labour market policy officers work closely with partners, external organisations or other stakeholders and provide them with regular updates."
http://data.europa.eu/esco/occupation/a28dff76-74df-46ee-929f-d1fffbb63cd7,2519,ICT quality assurance manager,IT quality assurance manager;ICT quality manager;ICT principal testing manager;ICT quality assurance managers;ICT test manager;principal test manager,,,"ICT quality assurance managers establish and operate an ICT quality approach through quality management systems, in compliance with internal and external standards and the organisation's culture. They ensure that the management controls are correctly implemented to safeguard asset, data integrity and operations. They focus on the achievement of quality goals, including the maintenance of the external certification according to quality standards and monitor statistics to forecast quality outcomes."
http://data.europa.eu/esco/occupation/a330b100-e651-4db1-bcf0-e9cbc025c614,2421,process officer,chief process officer;process improvement officer;process management coordinator;business process improvement coordinator;business process advisor;process administration specialist;processing officer;coordinator process management;process support officer;customer process coordinator;process coordinator;continuous improvement officer;business process officer;process improvement coordinator;process administrator;process improvement advisor,,,"Process officers identify, document and maintain the processes that are necessary to be implemented for an organisation. They review existing processes, evaluate improvements with stakeholders, draft internal documents and support the operations of the organization to meet the key KPIs."
http://data.europa.eu/esco/occupation/a47f82d3-4cf7-4abf-bb36-2c8cbad28234,2642,journalist,financial journalist;business journalist;correspondent;commentator;web editor;news anchor;crime journalist;investigative journalist;political journalist;sports journalist;news writer;science journalist;reporter,,,"Journalists research, verify and write news stories for newspapers, magazines, television and other broadcast media. They cover political, economic, cultural, social and sport events. Journalists must conform to ethical codes such as freedom of speech and right of reply, press law and editorial standards in order to bring objective information."
http://data.europa.eu/esco/occupation/a520fba4-2a29-43a0-bfd5-43892306501d,2421,building information modelling consultant,BIM consultant;building information modelling specialist;BIM specialist,,,"Building information modelling consultants advice, guide and evaluate clients in building information modelling (BIM) business processes, as well as construction teams on performing BIM technologies. They manage the communication with staff and clients, implement strategies and BIM solutions for completing the deliverables, and draft documents such as flow charts, agendas and guides for best practices."
http://data.europa.eu/esco/occupation/a6a0b60f-08da-4faa-bf54-942987efb471,2511,ICT system analyst,ICT system analysts;ICT systems analysts;ICT systems analyst;system analyst;IT system analyst;network analyst;systems analyst;IT systems analyst,,Excludes people performing ICT programming.,"ICT system analysts specify the system needs to meet the end user requirements. They analyse system functions in order to define their goals or purposes and to discover operations and procedures for accomplishing them most efficiently. They also design new IT solutions to improve business efficiency and productivity, produce outline designs and estimate costs of new systems, specify the operations the system will perform, and the way data will be viewed by the end user. They present the design to the users and work closely with the users to implement the solution."
http://data.europa.eu/esco/occupation/a74f6c51-37e5-423e-aa5b-044e98663027,2513,web content manager,content specialist;web content specialist;web content curatorspecialist;web content administrators;digital content;content curator,,,"Web content managers curate or create content for a web platform according to the long-term strategic goals, policies and procedures for an organisation's online content or their customers. They control and monitor compliance with standards, legal and privacy regulations and ensure web optimisation. They are also responsible for integrating the work of writers and designers to produce a final layout which is compatible with corporate standards."
http://data.europa.eu/esco/occupation/a76a05bb-e04d-4be8-953e-1ffd691dd58d,2635,mental health social worker,social worker (mental health);approved mental health professional;mental health social support worker;mental health community social worker;care coordinator (mental health);mental health advocate;care coordinator;mental health gateway worker,,,"Mental health social workers assist and provide counselling to people with mental, emotional, or substance abuse problems. They focus on providing personalised support to cases and monitor the recovery process of their clients by providing therapy, crisis intervention, client advocacy and education. Mental health social workers may contribute to mental health services improvement and mental health outcomes for citizens."
http://data.europa.eu/esco/occupation/a7c1d23d-aeca-4bee-9a08-5993ed98b135,2511,ICT system developer,systems programmer;ICT system developers;systems developer;IT system developer;chief ICT system developer;ICT systems developer;system developer;component developer;system software developer;ICT systems developers,,Includes ICT system chief developer.,"ICT system developers maintain, audit and improve organisational support systems. They use existing or new technologies to meet particular needs. They test both hardware and software system components, diagnose and resolve system faults."
http://data.europa.eu/esco/occupation/a99b38bc-6e71-4bef-b127-0f2b5e357815,2529,ICT resilience manager,IT resilience manager;manager for vulnerability;manager for IT resilience;vulnerability manager;disaster recovery manager;manager for disaster recovery,,,"ICT resilience managers research, plan and develop models, policies, methods, techniques and tools that enhance an organisation's cyber security, resilience and disaster recovery."
http://data.europa.eu/esco/occupation/a9a41b21-8dd4-476f-96c7-85733fa63d3b,2635,migrant social worker,social worker;cultural mediator social worker;asylum advice worker;migrant re-settlement worker;immigrant advice worker;immigration support worker;asylum support worker;refugee social worker;migrant advice worker;migrant advice and support worker;immigration social worker,,,"Migrant social workers provide advice to migrants in order to guide them through the necessary steps of integration, namely living and working in a foreign country. They explain eligibility criteria, rights, and duties. They help migrants in the development and maintenance of their information as clients for further referral to day care, social services and employment programs. Migrant social workers collaborate with employers and inform them of the available migrant services, advocating for migrant clients."
http://data.europa.eu/esco/occupation/a9c7a04d-807a-41b5-b441-87c73c73c9c5,2643,linguist,americanist;latinist;linguists;linguistic research scientist;slavist;linguistic scholar;tibetologist;africanist;linguistic researcher;germanist;arabist;anglist;japanologist;scandinavist;semitist;sinologist;hellenist;romanist;philologist;computational linguist;terminologist;koreanist;linguistic science researcher;linguistic scientist;baltist;phonetics specialist;indologist,,,"Linguists study languages scientifically. They master languages and can interpret them in terms of their grammatical, semantic, and phonetic characteristics. They research the evolution of language and the way it is used by societies."
http://data.europa.eu/esco/occupation/ab762f91-d737-485f-a85c-67cab92dee01,2433,medical sales representative,medical device seller;medical saleswoman;clinical representative;clinical device sales representative;medical salesman;medical representative;medical sales person;medical device sales representative;clinical sales representative;medical sales businessperson,,,"Medical sales representatives promote and sell medical devices, equipment and pharmaceutical products to healthcare professionals. They provide product information and demonstrate features to healthcare professionals. Medical representatives negotiate and close sales contracts."
http://data.europa.eu/esco/occupation/ac80b511-fd22-4edf-8570-e531704778bd,2642,blogger,blog content writer;travel blogger;blog writer;vegan food blogger;drinks blogger;food blogger;fashion blogger;sports blogger;head blogger;lifestyle blogger;health blogger;on-line content writer,,,"Bloggers write online articles on a wide range of subjects such as politics, fashion, economics and sports. They can relate objective facts, but often they also give their opinion on the related topic. Bloggers also interact with their readers via comments."
http://data.europa.eu/esco/occupation/acf462a3-9c34-46cb-952a-c612c38299f4,2611,prosecutor,state attorney;public prosecutor;crown prosecutor;prosecuting attorney,,,"Prosecutors represent governmental bodies and the general public in court cases against parties accused of illegal activity. They investigate the court cases by examining evidence, interviewing involved parties, and interpreting the law. They use the results of their investigation in order to present the case during court hearings, and to construct persuasive arguments in order to ensure the outcome is the most favourable for the parties they represent."
http://data.europa.eu/esco/occupation/acf69cab-8629-45c8-ae10-c8fb15f474b6,2632,anthropologist,arts scientist;cultural scientist;linguistic anthropologist;ethnologist;television scientist;music scientist;sociocultural anthropologist;anthropology research scientist;biological anthropologist;social anthropologist;cultural anthropologist;gender scientist;anthropologue;art sciences scientist;theatre scientist;musicology scientist;movie scientist;archaeological anthropologist;forensic anthropologist,,,"Anthropologists research all aspects of life pertaining to humans. They study the various civilisations that have existed along the time and their ways of organisation. They attempt to analyse the physical, societal, linguistic, political, economical, philosophical, and cultural aspects of different people. The aim of their studies is to understand and describe the past of humanity and solve topical societal problems. They explore different perspectives such as philosophical anthropology."
http://data.europa.eu/esco/occupation/af69484e-b43f-4685-b22d-f3418df45c4d,2634,psychotherapist,positive psychotherapist;cognitive behavioural therapist;expert psychotherapist;practitioner of psychotherapy;transpersonal psychotherapist;expert in psychotherapy;integrative psychotherapist;systemic therapist;person-centered psychotherapist;specialist psychotherapist;psycoterapy expert;geriatric psychotherapist;humanistic psychotherapist;group psychotherapist;body psychotherapist;existential psychotherapist;psychotherapy practitioner;person-centred psychotherapist;psychoanalytical psychotherapist;child psychotherapist;neuro-linguistic psychotherapist;reality therapy psychotherapist;gestalt psychotherapist;multi-modal psychotherapist;psychodynamic psychotherapist;hypno-psychotherapist;psychodrama psychotherapist;transactional analytic psychotherapist;youth psychotherapist,,,"Psychotherapists assist and treat healthcare users with varying degrees of psychological, psychosocial, or psychosomatic behavioural disorders and pathogenic conditions by means of psychotherapeutic methods. They promote personal development and well-being and provide advice on improving relationships, capabilities, and problem-solving techniques. They use science-based psychotherapeutic methods such as behavioural therapy, existential analysis and logotherapy, psychoanalysis or systemic family therapy in order to guide the patients in their development and help them search for appropriate solutions to their problems. Psychotherapists are not required to have academic degrees in psychology or a medical qualification in psychiatry. It is an independent occupation from psychology, psychiatry, and counselling."
http://data.europa.eu/esco/occupation/aff66ae0-d6e1-4de3-b6af-78647defd08c,2635,enterprise development worker,social entrepreneur;enterprise development manager;corporate social worker;industry social worker;business social worker;enterprise development officer;social enterprise development worker;enterprise development community worker;cooperative development worker;community enterprise development worker;enterprise development adviser;enterprise social worker;enterprise development facilitator,,,Enterprise development workers support enterprises in solving big social problems by liaising with communities and customers. They strive to improve the productivity of employees and the health of their families by focusing on the work-life balance.
http://data.europa.eu/esco/occupation/b06a1dde-e5a1-4219-9491-2bedd0282e4b,2641,writer,essay writer;medical writer;creative writer;technical writer;fictional writer;travel guide writer;essayist;poet;textbook writer;noir writer;novelist;science-fiction writer;investigative writer;author;thriller writer,,"Excludes <a resource=""http://data.europa.eu/esco/occupation/ebe936e2-64e7-4777-94d6-42caa5a12409"" typeOf=""http://data.europa.eu/esco/model#Occupation"" href=""http://data.europa.eu/esco/occupation/ebe936e2-64e7-4777-94d6-42caa5a12409""><span property=""http://www.w3.org/2000/01/rdf-schema#label"" xml:lang=""en"">script writer</span></a>.","Writers develop content for books. They write novels, poetry, short stories, comics and other forms of literature. These forms of writing can be fictional or non-fictional."
http://data.europa.eu/esco/occupation/b09acdda-6680-49d1-a411-129610ee3bc0,2412,corporate risk manager,risk and insurance consultant;corporate risk department manager;operational risk manager;chief risk executive;chief risk officer;risk management director;risk management specialist,,,"Corporate risk managers identify and assess potential threats and opportunities to a company, and give advice on how to deal with them. They create preventive plans to avoid and reduce risks, and put plans in place for when the company is threatened. They coordinate risk management aspects across the different functions of an organisation and are responsible for technical activities such as risk assessment, risk mapping and insurance purchase. They report on risk issues to the senior management and the company's board."
http://data.europa.eu/esco/occupation/b11e1742-5e28-4270-b081-b0193d85ee7d,2521,database developer,data base developer;database design specialist;database development engineer;database coder;database programmer;data base developers;database developers,,Excludes people performing managerial activities.,"Database developers program, implement and coordinate changes to computer databases based on their expertise of database management systems."
http://data.europa.eu/esco/occupation/b1ab3572-fa2f-4624-8eac-3c3d986d237b,2431,advertising copywriter,advertising strategist;copywriting consultant;commercial writer;creative copy;advertising writer;advertisement copywriter;content marketer;web copywriter;continuity writer;creative copy consultant;copy strategist;text writer;copywriter;creative copy artist;content writer;slogan writer;copy writer;copy-based creative,,,"Advertising copywriters are responsible for the written or verbal design of advertisements and commercials. They write slogans, catchphrases and work closely together with advertising artists."
http://data.europa.eu/esco/occupation/b1c80369-067e-4041-84c8-dbe65640a5d8,2511,ICT consultant,ICT ERP consultant;ICT advisor;IT advisor;IT consultant;IT compliance consultant,,,"ICT consultants provide advice on how to optimise the use of existing tools and systems, make recommendations for the development and implementation of a business project or technological solution and contribute to project definitions. They raise awareness on information technology innovations and their potential value to a business. They also participate in the assessment and choice of ICT solutions."
http://data.europa.eu/esco/occupation/b3e459a2-0103-4182-8882-c255d474a7ff,2631,tax policy analyst,tax analyst;pecunary consultant;tax research analyst;fiscal policy analyst;contributions advisor;fiscal analyst;tax policy adviser;fiscal and policy analyst;tax policy advisor,,,"Tax policy analysts research and develop taxation policies and legislation in order to improve and develop tax policies. They advise official bodies on policy implementation and financial operations, as well as forecast financial influence of changes in tax policies."
http://data.europa.eu/esco/occupation/b55718eb-e8ff-4485-8ad0-bbac32cbd77b,2431,advertising media planner,media coordinator;media manager;junior media planner;media planner;digital media planner;senior media planner;media planning expert;media planning strategist;media planning executive;media planner/buyer;media planning manager,,,"Advertising media planners advise on the best communication media platforms to convey ideas. They analyse advertising plans in order to assess the aim and objective of the marketing strategy. They assess the potential and response rate that different communication channels might have on the transmission of a message related to a product, company, or brand."
http://data.europa.eu/esco/occupation/b5d2db88-9e2b-4efa-8f2f-0e62a494791e,2422,environmental policy officer,policy officer;environmental officer;environmental policy researcher;principal environmental policy officer;senior environmental policy officer;environmental policy analyst;environmental policy advisor;environmental projects and policy officer;environmental policy consultant,,,"Environmental policy officers research, analyse, develop and implement policies related to the environment. They give expert advice to entities such as commercial organisations, government agencies and land developers. Environmental policy officers work on reducing the impact of industrial, commercial and agricultural activities on the environment."
http://data.europa.eu/esco/occupation/b65530b8-0b50-49da-8e9e-331b161374a5,2642,broadcast news editor,radio reporter;television news director;tv news director;digital news editor;night news editor;international news director;news editor;TV news editor;radio news editor;news director;radio editor;television news editor;radio journalist,,,Broadcast news editors decide which news stories will be covered during the news. They assign journalists to each item. Broadcast news editors also determine the length of coverage for each news item and where it will be featured during the broadcast.
http://data.europa.eu/esco/occupation/b6f4573d-659f-49ca-a885-850a48d01913,2433,technical sales representative in machinery and industrial equipment,plant machinery sales representative;graduate technical sales engineer in machinery and industrial equipment;trainee technical sales engineer in machinery and industrial equipment;senior technical sales representative in machinery and industrial equipment;technical salespeople in machinery and industrial equipment;technical salesman in industrial equipment;mechanical equipment sales representative;machinery and industrial equipment salesperson;technical saleswoman in industrial equipment;technical saleswoman in machinery and industrial equipment;senior technical sales engineer in machinery and industrial equipment;technical salesman in machinery and industrial equipment;trainee technical sales representative in machinery and industrial equipment;graduate technical sales representative in machinery and industrial equipment;machinery sales representative;technical salesman in machinery;technical salespeople in industrial equipment;technical salesperson in machinery;technical salesperson in machinery and industrial equipment;technical salespeople in machinery;assistant technical sales representative in machinery and industrial equipment;assistant technical sales engineer in machinery and industrial equipment;technical salesperson in industrial equipment;technical saleswoman in machinery,,,Technical sales representatives in machinery and industrial equipment act for a business to sell its merchandise while providing technical insight for customers.
http://data.europa.eu/esco/occupation/b73f4ce5-13fa-43a0-bbf6-01d7315849b8,2635,social work supervisor,social services team manager;social work programme manager;social work programme supervisor;social work team manager;senior social worker;social work manager;social work team leader;social services coordinator;social work team supervisor,,,"Social work supervisors manage social work cases by investigating alleged neglect or abuse cases. They make family dynamics assessment and provide assistance to sick people or with emotional or mental disorders. They train, assist, advise, evaluate and assign work to subordinate social workers making sure that all work is done according to the established policies, laws, procedures and priorities."
http://data.europa.eu/esco/occupation/b7507136-e71e-47e8-b873-e77d5cdf2922,2635,youth worker,senior youth worker;youth project team worker;youth support worker;youth centre worker;social worker youth justice;youth and community worker;welfare advisor;youth mentor;youth guidance worker;youth project team leader;youth advocate;youth advisor;youth programmes social worker;youth social worker;youth employment advisor;juvenile care worker,,,"Youth workers support, accompany and counsel young people, focusing on their personal and social development. They are involved in managing community projects and services through one-to-one or group-based activities. Youth workers can be volunteers or paid professionals who facilitate non-formal and informal learning processes. They are engaged in a large spectrum of activities by, with and for young people."
http://data.europa.eu/esco/occupation/b76178c0-a03a-4793-b079-1e61e636c521,2431,business developer,business development strategist;business development executive;business continuity analyst,,,"Business developers strive to improve the market share of companies in the market. They perform strategic analyses of the core advantages that a company's products or services have to offer, they cooperate in the development of marketing campaigns for lead generation and support on sales efforts."
http://data.europa.eu/esco/occupation/b7f47c25-bdf3-42fa-a68e-ad32754b2dba,2413,investment analyst,portfolio analyst;investment accounting analyst;investment banking analyst;investment banking business analyst;investment compliance analyst;investment officer;investment operations analyst;oil and gas investment banking analyst;investment specialist,,,"Investment analysts undertake research to make informed recommendations to fund managers. They research investments globally but depending on the nature and field of their employer they can specialise in fields like retail, infrastructure, energy, banking and financial services. They focus on financial and economical information such as the political and economic developments that can impact financial markets, the financial performance of the target companies and use the interpretation of data from different sources to understand how it affects investment decision making."
http://data.europa.eu/esco/occupation/b866b3bb-3dbd-4b3d-9a53-9ec15f43ca2f,2642,columnist,commentator;political columnist;gossip columnist;editorial opinion columnist;humor columnist;food columnist;advice columnist;senior columnist;magazine journalist,,,"Columnists research and write opinion pieces about new events for newspapers, journals, magazines and other media. They have an area of interest and can be recognised by their writing style."
http://data.europa.eu/esco/occupation/b89ba3a8-f03a-46b8-ac54-c87d7204aad0,2432,spokesperson,public relations coordinator;communications officer;press secretary;media coordinator;public relations officer;spokeswoman;spokesman;company spokesperson;media relations specialist,,,Spokespeople speak on behalf of companies or organisations. They use communication strategies to represent clients through public announcements and conferences. They promote their clients in a positive light and work to increase an understanding of their activities and interests.
http://data.europa.eu/esco/occupation/b95bdbed-1e7e-482a-aa73-7bdbb3e36358,2412,investment fund manager,fund director;investment fund adviser;fixed income portfolio manager;fund directors;fund manager;fund managers;portfolio managers;investments fund manager;investment managers;investments manager;portfolio administrators;investment fund coordinator;portfolio administrator;investment fund portfolio manager;investment fund advisor,,,"Investment fund managers implement and monitor the investment strategy of a fund. They manage the fund's portfolio trading activities and supervise the financial, securities, and investment analysts in charge to perform research on the investments and then make buying and selling recommendations. They make decisions on when to buy or sell the assets included in a portfolio. Investment fund managers works in a variety of settings such as banks, investment vehicles and stockbroking companies, working closely with the investment analyst. This occupation manages strategy and does not always work with relations between shareholders or investors."
http://data.europa.eu/esco/occupation/b9dd2ee7-5fea-46f8-b226-ddae9501f728,2635,sexual violence counsellor,victim support worker;sexual violence counselor;sexual violence advisor;sexual assault social counselor;domestic violence counsellor;victim care worker;sexual violence victim advocate;sexual violence support worker;sexual assault counsellor;victim care unit counsellor;victim care unit worker,,,"Sexual violence counsellors provide support services, crisis care services and counselling to women and adolescents who have been directly or indirectly exposed to sexual assault and/or rape. They inform victims of the relevant legal procedures and protective services maintaining client confidentiality. They also address problematic sexualized behaviours of children."
http://data.europa.eu/esco/occupation/bac64fa2-dcd6-47bb-8e5c-04e04a86a199,2632,geographer,economic geographer;geographers;biogeographer;cultural geographer;physical geographer;natural geographer;human geographer;geography research scientist,,,"Geographers are scholars who study human and physical geography. Depending on their specialisation, they study political, economical and cultural aspects of humanity contained within human geography. Moreover, they study land formations, soils, natural frontiers, and water flows contained in physical geography."
http://data.europa.eu/esco/occupation/bb6198c4-1d3e-40b9-9cc4-ad2dd9d7c74b,2514,industrial mobile devices software developer,industrial mobile devices software programmer;industrial mobile devices software coder;handheld programmer;handheld software developer,,,"Industrial mobile devices software developers implement applications software for specific, professional industrial mobile (handheld) devices, based on the industry needs, using general or specific development tools for device operating systems."
http://data.europa.eu/esco/occupation/bd272aee-adc9-4a06-a15c-a73b4b4a46a7,2514,ICT application developer,application developer;application software developers;application designer;app software developer;software programmer;application software engineer,,,"ICT application developers implement the ICT (software) applications based on the designs provided using application domain specific languages, tools, platforms and experience."
http://data.europa.eu/esco/occupation/bd9d395a-d587-45c6-8d72-ceef226df9e1,2511,ICT system integration consultant,network integration consultant;system integration consultants;systems integration consultant;application integration consultant;systems integration consultants,,,ICT system integration consultants advise on bringing together different systems to interoperate within an organisation for enabling data sharing and reducing redundancy.
http://data.europa.eu/esco/occupation/be6d7fd3-2e51-499f-a31d-8aa0bbd32f2a,2635,palliative care social worker,hospice worker;palliative care assistant;palliative care supervisor;hospice care assistant;hospice carer;palliative and hospice social worker;hospice nursing assistant,,,"Palliative care social workers provide assistance and counselling to patients with a chronic or a terminal disease and their families with the practical arrangements. They arrange the required medical care for the patient and help the family to adjust to the diagnosis by providing support and attention to their emotional needs, helping them to understand their options."
http://data.europa.eu/esco/occupation/bf2ca3bb-5fa5-41d9-a039-949cad61616d,2433,technical sales representative in chemical products,trainee technical sales engineer in chemical products;graduate technical sales engineer in chemical products;chemical products field salesperson;senior technical sales representative in chemical products;chemical products technical field sales representative;chemical products field salesman;senior technical sales engineer in chemical products;chemical products inside technical sales representative;assistant technical sales representative in chemical products;graduate technical sales representative in chemical products;chemical products field saleswoman;assistant technical sales engineer in chemical products;chemical products outside technical sales representative;trainee technical sales representative in chemical products,,,Technical sales representatives in chemical products act for a business to sell its merchandise while providing technical insight for customers.
http://data.europa.eu/esco/occupation/c0489e22-6a1b-4e52-974a-eb71bbb42134,2432,public relations officer,public affairs officer;public relations coordinator;communications officer;press secretary;public information officer;media coordinator;press consultant;media relations officer;press relations officer;media consultant,,,Public relations officers represent a company or organisation to stakeholders and the public. They use communications strategies to promote an understanding of the activities and image of their clients in a favourable way.
http://data.europa.eu/esco/occupation/c2e6609d-0abe-4a38-b295-e06edbd52e82,2432,fundraising manager,fundraising coordinator;charity fundraiser;fundraiser;philanthropic manager;giving manager;fundraising consultant;individual giving manager;planned giving manager;non-profit fundraiser;fundraising specialist,,,"Fundraising managers are responsible for raising money on behalf of organisations, often non-profit such as charities. Moreover, they manage the fundraised resources developing programs for its use. They perform a variety of tasks to raise money such as developing corporate partnerships, coordinating direct mail campaigns, organizing fundraisers, contacting donators or sponsors, and sourcing grant income from trusts, foundations and other statutory bodies."
http://data.europa.eu/esco/occupation/c3c8c56c-b3ab-4425-a38a-abcace020d22,2634,clinical psychologist,expert in clinical psychology;specialist clinical psychologist;practitioner of clinical psychology;hospital psychologist;psychologist in hospital;expert clinical psychologist;hospital psychology practitioner;clinical psychology practitioner,,,"Clinical psychologists diagnose, rehabilitate, and support individuals affected by mental, emotional, and behavioural disorders and problems as well as mental changes and pathogenic conditions through use of cognitive tools and appropriate intervention. They use clinical psychological resources on the basis of psychological science, its findings, theories, methods, and techniques for the investigation, interpretation, and prediction of human experience and behaviour."
http://data.europa.eu/esco/occupation/c40a2919-48a9-40ea-b506-1f34f693496d,2513,web developer,web application developer;web developers;web engineer;web specialist;web programmer,,,"Web developers develop, implement and document web-accessible software based on the designs provided. They align the client's web presence with its business strategy, troubleshoot software problems and issues and look for ways to improve the application."
http://data.europa.eu/esco/occupation/c418ed9a-132f-48cd-ae5c-dd375070ee0e,2422,trade development officer,trade development director;import and export officer;import & export director;import and export director;senior trade development officer;international trade development officer,,,"Trade development officers develop and implement trade policies both internally and in international import and export relations. They analyse the domestic and foreign markets in order to promote and establish business operations, and ensure trade proceedings are compliant with legislation and businesses are protected from distortions."
http://data.europa.eu/esco/occupation/c60ede09-b67b-4173-8991-b9b694149488,2635,employment support worker,employment rights worker;employment social worker;supported employment worker;employment support social worker;employability support worker;unemployment social worker;job placement social worker;social worker (community development),,,"Employment support workers provide assistance to people with difficulties to find a job and long-term unemployed people. They provide guidance in the creation CVs, searching for job openings, contacting employers, and the preparation for job interviews."
http://data.europa.eu/esco/occupation/c6c48286-2037-47e3-a132-b745dce858e2,2619,coroner,pathologist;medical examiner;chief coroner;chief medical examiner;forensic medical examiner,,,"Coroners oversee the examination of deceased individuals in order to determine the cause of death in uncommon circumstances. They ensure records are maintained of the deaths within their jurisdiction, and facilitate communication with other officials to ensure the investigation is complete."
http://data.europa.eu/esco/occupation/c956be07-53a3-4b01-b8f8-f0c5a428eaa8,2433,technical sales representative,field salesman;field salesperson;field saleswoman;technical field sales representative;assistant technical sales representative;inside technical sales representative;graduate technical sales representative;senior technical sales engineer;assistant technical sales engineer;outside technical sales representative;graduate technical sales engineer;senior technical sales representative;trainee technical sales engineer;trainee technical sales representative,,,Technical sales representatives act for a business to sell its merchandise while providing technical insight for customers.
http://data.europa.eu/esco/occupation/c9862fdd-53b7-4da9-b742-4302d704836c,2421,lean manager,lean coach;lean project manager;lean facilitator;lean director;operational excellence manager;kaizen manager;lean engineer;lean expert;process excellence manager;continuous improvement manager;manufacturing excellence manager,,,"Lean managers plan and manage lean programs in different business units of an organisation. They drive and coordinate continuous improvements projects aimed at achieving manufacturing efficiency, optimise workforce productivity, generate business innovation and realise transformational changes impacting on operations and business processes, and report on results and progresses to the company management. They contribute to the creation of a continuous improvement culture within the company, and they are responsible for developing and training a team of lean experts."
http://data.europa.eu/esco/occupation/caafca69-9faa-4850-8930-a3fa07fea4e6,2411,accounting analyst,accounting systems analyst;accounts analyst;accounting specialist;accounting methods analyst,,,"Accounting analysts evaluate the financial statements of clients, usually companies, which include the income sheet, the balance sheet, the statement of cash flows and additional notes to other financial statements. They interpret and implement new accounting systems and accounting procedures and will analyse and determine if the proposed systems conform to accounting regulations and meet user information requirements."
http://data.europa.eu/esco/occupation/caf7b8fb-b2d6-46b7-bffa-bea7f8e4aed8,2422,policy officer,policy researcher;policy advisor;strategy manager;strategy advisor;policy coordinator;policy analyst;policy manager;health policy officer,,,"Policy officers research, analyse and develop policies in various public sectors, and shape and implement these policies to improve the existing regulation around the sector. They evaluate effects of existing policies and report findings to the government and members of the public. Policy officers work closely with partners, external organisations or other stakeholders and provide them with regular updates."
http://data.europa.eu/esco/occupation/cb4f98c8-6b8d-41d8-87eb-a2a2033a3a25,2422,public procurement specialist,public sector procurement practitioner;public procurement expert;public procurement practitioner;public sector procurement specialist;public sector procurement expert,,,Public procurement specialists are full-time public procurement practitioners working as part of a procurement team in a large organisation or central purchasing body in all phases of the procurement cycle. They translate needs into contracts and deliver value for money for the organisation and the public.
http://data.europa.eu/esco/occupation/cbdb80db-c760-4b68-b074-88c397650ef5,2642,editor-in-chief,head editor;executive editor;executive director of editorial;editor in chief;managing editor;executive editorial director;chief editor;editorial director,,,"Editors-in-chief oversee the production of news stories for newspapers, magazines, journals and other media. They manage the day-to-day operations of a publication and make sure it is ready on time."
http://data.europa.eu/esco/occupation/cc325a8f-702e-4bf0-893f-5b5d456475ad,2514,cloud identity manager,cloud identity risk manager;cloud identity access manager;cloud identity engineer,,,Cloud identity managers work with identity access management's applications. Collaborate with senior management to address key risks in the identity governance. Plan strategies to comply with professional standards.
http://data.europa.eu/esco/occupation/cc867bee-ab5c-427f-9244-f7a204d9574b,2512,cloud DevOps engineer,devops analyst;devops consultant;cloud devops solution specialist;devops administrator;devops engineer;cloud infrastructure devops engineer;devops architect;site reliability devops engineer;cloud automation engineer;devops specialist;devops;cloud devops;devops consultant engineer,azure cloud devops;linux cloud engineer;openshift devops consultant;aws devops engineer,,"Cloud DevOps engineers implement and manage continuous software delivery systems and methodologies. This includes managing and configuring code repositories, build services, automated testing, and deployment mechanisms. For cloud-based workloads, a Cloud DevOps Engineer define and deploy infrastructure as code, automating test and development environments. They can define and configure automated disaster recovery solutions that meet business objectives."
http://data.europa.eu/esco/occupation/cd4f41a5-87a6-4b3c-8ee3-14e6f457c365,2411,audit supervisor,audit checker;auditing supervisor;audit leader;audit inspector;audit examiner;audits supervisor;auditor-in-charge;audit overseer;audit team leader;audit assessor;audit associate,,,"Audit supervisors oversee audit staff, planning and reporting, and review the audit staff's automated audit work papers to ensure compliance with the company's methodology. They prepare reports, evaluate general auditing and operating practices, and communicate findings to the superior management."
http://data.europa.eu/esco/occupation/cdd3d773-75a4-4f35-bd1d-1ac720afcf9d,2511,IT auditor,ICT auditor;information technology auditor;IT Quality Appraiser,,Excludes people performing managerial activities.,"IT auditors perform audits of information systems, platforms, and operating procedures in accordance with established corporate standards for efficiency, accuracy and security. They evaluate ICT infrastructure in terms of risk to the organisation and establish controls to mitigate loss. They determine and recommend improvements in the current risk management controls and in the implementation of system changes or upgrades."
http://data.europa.eu/esco/occupation/ce53a1b2-2fec-4d04-9390-47fb3dd525f0,2635,community social worker,community support worker;community outreach worker;housing social worker;community welfare social worker;social development worker;senior community worker;neighbourhood worker;estate outreach worker;neighbourhood outreach worker;outreach worker,,,"Community social workers help people in disadvantage or excluded from society to change their situation and handle their integration problems. They work with communities focusing on specific groups. Community social workers liaise closely with social workers, schools, local authorities and probation officers representing people before policy makers at local and national level."
http://data.europa.eu/esco/occupation/cf2b03cd-feb7-4f47-90f6-ff1ed6016d3d,2523,ICT network engineer,networks designer;networks developer;network configurator;network developer;network engineers;networks engineer,,,"ICT network engineers implement, maintain and support computer networks. They also perform network modelling, analysis, and planning. They may also design network and computer security measures. They may research and recommend network and data communications hardware and software."
http://data.europa.eu/esco/occupation/d0aa0792-4345-474b-9365-686cf4869d2e,2512,software architect,software architects;software designer;application architect,,Excludes people performing programming and coding activities.,"Software architects create the technical design and the functional model of a software system, based on functional specifications. They also design the architecture of the system or different modules and components related to the business' or customer requirements, technical platform, computer language or development environment."
http://data.europa.eu/esco/occupation/d19932b3-169a-4cdf-a9cd-bdf8857b0184,2433,technical sales representative in the textile machinery industry,textile industry machinery field salesman;textile industry machinery outside technical sales representative;textile industry machinery inside technical sales representative;senior technical sales representative in the textile industry machinery;graduate technical sales representative in the textile industry machinery;assistant technical sales representative in the textile industry machinery;trainee technical sales representative in the textile industry machinery;assistant technical sales engineer in the textile industry machinery;graduate technical sales engineer in the textile industry machinery;textile industry machinery field saleswoman;textile industry machinery field salesperson;senior technical sales engineer in the textile industry machinery;trainee technical sales engineer in the textile industry machinery;textile industry machinery technical field sales representative,,,Technical sales representatives in the textile machinery industry act for a business to sell its merchandise while providing technical insight for customers.
http://data.europa.eu/esco/occupation/d21890a3-cbe9-49df-9a19-a4120d866548,2619,notary,common law notary;public notary;notarial officer;civil law notary;law signing agent;notary signing agent,,"Excludes people performing the transfer of legal properties and titles.;Excludes <a resource=""http://data.europa.eu/esco/occupation/a9411821-4f54-406e-ba37-4c6e5a39f9fe"" typeOf=""http://data.europa.eu/esco/model#Occupation"" href=""http://data.europa.eu/esco/occupation/a9411821-4f54-406e-ba37-4c6e5a39f9fe""><span property=""http://www.w3.org/2000/01/rdf-schema#label"" xml:lang=""en"">conveyance clerk</span></a>.","Notaries ensure the authenticity and legitimacy of official documents such as declarations, certificates, contracts, deeds and purchases. They examine the documents, witness the signing and authenticate them. They administer oaths and affirmations and perform other acts of notarisation."
http://data.europa.eu/esco/occupation/d2d451cc-e839-4192-be54-d7724814aa03,2412,corporate banking adviser,corporate banker;business banking officer;commercial banking accounts officer;cash management adviser;cash management officer;corporate banking officer;corporate banking centre adviser,,,"Corporate banking advisers offer advice on a broad range of financial goods and services such as securities services, credit services, cash management, insurance products, leasing, information on merges and acquisitions and capital markets activities, to institutions and organisations."
http://data.europa.eu/esco/occupation/d2db926b-8b14-4686-9c98-fb0dc3a38cbb,2431,creative director,advertising director;chief design officer;executive creative director;creative manager;creative services manager;design strategist;design director;creative coordinator,,,Creative directors manage the team that is responsible for the creation of advertisements and commercials. They oversee the whole creation process. Creative directors pitch the designs of their team to the client.
http://data.europa.eu/esco/occupation/d3570716-cc0d-4a61-b9a0-9b3081050e9d,2642,entertainment journalist,film journalist;entertainment correspondent;arts journalist;film and entertainment journalist;event reporter;film & entertainment journalist;live event journalist;entertainment reporter;theatre reporter;live reporter;red carpet reporter;music journalist;arts reporter,,,"Entertainment journalists research and write articles about cultural and social events for newspapers, magazines, television and other media. They conduct interviews with artists and celebrities and attend events."
http://data.europa.eu/esco/occupation/d372b694-041a-4978-bd81-efbb763ee70d,2642,crime journalist,investigative journalist;crime writer;crime & critical events journalist;crime reporter;crime and critical events journalist;forensic journalist;senior crime journalist;crime and defence correspondent;crime correspondent;crime & defence correspondent,,,"Crime journalists research and write articles about criminal events for newspapers, magazines, television and other media. They conduct interviews and attend court hearings."
http://data.europa.eu/esco/occupation/d3e32e5e-7f24-48e3-b939-e4f800eb62fb,2423,human resources officer,HR director;personnel rep;human resources director;HR officer;lifelong learning coach;personnel manager;personnel representative;human resources supervisor;personnel officer;human resources worker;HR worker;personnel expert;HR rep;HR supervisor;human resource officer;personnel supervisor;HR representative;human resources representative;personnel assistant;personnel director;personnel worker;personnel administrator;skills trainer;personnel recruiter;human resources rep;personnel development specialist;competencies trainer,,,"Human resources officers develop and implement strategies that help their employers select and retain appropriately qualified staff within that business sector. They recruit staff, prepare job advertisements, interview and short-list people, negotiate with employment agencies, and set up working conditions. Human resources officers also administer the payroll, review salaries and advise on remuneration benefits and employment law. They arrange for training opportunities to enhance employees' performance."
http://data.europa.eu/esco/occupation/d3edb8f8-3a06-47a0-8fb9-9b212c006aa2,2511,data analyst,battery data analyst;mine electrification data analyst;data warehouse analyst;data warehousing analyst;battery materials data analyst;battery module performance data analyst;business data analyst;data storage analyst,,"Excludes people performing managerial, engineering, and programming activities.","Data analysts import, inspect, clean, transform, validate, model, or interpret collections of data with regard to the business goals of the company. They ensure that the data sources and repositories provide consistent and reliable data. Data analysts use different algorithms and IT tools as demanded by the situation and the current data. They might prepare reports in the form of visualisations such as graphs, charts, and dashboards."
http://data.europa.eu/esco/occupation/d4d6842b-27f0-4222-85db-c542acf6d434,2422,public health policy officer,general manager;healthcare services planning officer;healthcare planning officer;healthcare planner;health service manager;healthcare admistrator;general manager healthcare,,,Public health policy officers develop and implement strategies for the improvement of a community's health care policy. They advise governments on policy changes and identify problems in current health care policies.
http://data.europa.eu/esco/occupation/d6bffef4-f09a-4711-9ecb-92ec04353b21,2635,substance misuse worker,substanse abuse social worker;social worker (substance misuse);drug and alcohol worker;addiction social worker;substance mis-use counsellor;substance mis-use mentor;substance abuse social worker;mentor (drugs and alcohol);drug abuse outreach worker;mentor (drugs and alcahol);drug and alcohol social worker;substance misuse adviser;alcohol outreach worker;substance misuse outreach worker,,,"Substance misuse workers provide assistance and counselling to people with substance abuse problems. They monitor their progress, advocate for them, and performe crisis interventions and group therapy. They also assist patients dealing with the consequences of tobacco, alcohol or recreational drugs abuse, which can be problematics as unemployment, physical or mental disorders and poverty."
http://data.europa.eu/esco/occupation/d6ef013f-57e9-4100-bbe5-3e4930664dee,2422,social services policy officer,social policy specialist;social policy analyst;social services policy advisor;social services policy researcher;social policy officer;social policy development officer;social policy researcher;social policy advisor;policy officer at social services,,,"Social services policy officers research, analyse and develop social services policies and implement these policies and services to improve circumstances of disadvantaged and vulnerable members of society such as children and elderly people. They work in the administration of social services and stay in contact with organisations and other stakeholders and provide them with regular updates."
http://data.europa.eu/esco/occupation/d9004a14-bda2-4c63-ab64-17ca163ac1bd,2422,parliamentary assistant,MP's PA;MP's assistant;MSP's parliamentary assistant;MP's parliamentary assistant;constituency assistant;MSP's assistant;AM's parliamentary assistant;MLA's assistant;parliamentary intern;politician's assistant;MEP's assistant;MLA's parliamentary assistant;MP's personal assistant;political assistant;AM's assistant;executive officer,,,"Parliamentary assistants provide support to officials and politicians of regional, national and international parliaments and undertake logistical tasks. They revise official documents and follow procedures set by the respective parliaments. They support on the communication with stakeholders and provide the logistical support required in handling official processes."
http://data.europa.eu/esco/occupation/d9612966-e295-4d81-ba2b-9f36bad0b392,2424,business coach,professional development coach;corporate coach;leadership coach;business development coach;personal development coach;business leadership coach;executive coach;practitioner of business coaching;coach in business development,,,"Business coaches guide employees of a company or other institution in order to improve their personal effectiveness, increase their job satisfaction, and positively impact their career development in the business setting. They do this by leading the coachee (the person who is being coached) to resolution of their challenges by their own means. Business coaches aim to address specific tasks or reach specific goals, as opposed to overall development."
http://data.europa.eu/esco/occupation/d96de969-d43d-4082-8559-7fc35484a217,2412,relationship banking manager,client manager;relations banker;financial products relationship manager;personal financial advisor;commercial banking relationship manager;private banking relationship manager;private banker;relationship banker;relationship manager,,,Relationship banking managers retain and expand existing and prospective customer relationships. They use cross-selling techniques to advise and sell various banking and financial products and services to customers. They also manage the total relationship with customers and are responsible for optimising business results and customer satisfaction.
http://data.europa.eu/esco/occupation/d9723f33-7faf-4f8a-8a98-6b02d1e10f2b,2411,bankruptcy trustee,insolvency practitioner;insolvency trustee;bankruptcy analyst;trustees in bankruptcy;trustee in bankruptcy;insolvency practitioners,,,"Bankruptcy trustees administer a client's bankruptcy case, investigate legal documentation for fraud possibilities and manage the money received from the sale of non-exempt property so as to distribute it to the owed creditors."
http://data.europa.eu/esco/occupation/da4589ce-7534-4cc1-9ce4-cabf9364b87c,2643,localiser,localisation games tester;localiser quality assurance tester;localisation tester;localisation translator;localisation project manager;localiser QA tester,,,"Localisers translate and adapt texts to the language and culture of a specific target audience. They convert standard translation into locally understandable texts with flairs of the culture, sayings, and other nuances that make the translation richer and more meaningful for a cultural target group than it was before."
http://data.europa.eu/esco/occupation/db3da11f-67a0-415f-b785-81f33d3be810,2642,business journalist,financial journalist;economic journalist;business writer;business & finance journalist;business correspondent;business reporter;business & economics journalist;senior business journalist;business and finance journalist;business and economics reporter;foreign business correspondent;business and economics journalist;business & economics reporter;on-line business journalist;economic reporter,,,"Business journalists research and write articles about economy and economic events for newspapers, magazines, television and other media. They conduct interviews and attend events."
http://data.europa.eu/esco/occupation/dc69f2ed-ebe9-43da-bf9d-31aac874d4c2,2635,rehabilitation support worker,reablement officer;occupational therapy support worker;rehabilitation worker;rehabilitation social worker;rehabilitation outreach worker;rehabilitation support specialist;disability social worker,,,"Rehabilitation support workers provide counselling to individuals dealing with birth defects or with major consequences caused by diseases, accidents, and burnouts. They help them to cope with personal, social and vocational issues. They assess the personal needs of clients, develop rehabilitation plans, get involved in the training, and help people undergoing a rehabilitation plan with job placement."
http://data.europa.eu/esco/occupation/de80bbf0-447d-4a6a-845a-fdba4e0dc30c,2431,brand manager,senior brand manager;trainee brand manager;market development executive;graduate brand manager;marketing development manager;marketing manager (brand development);brand marketing manager;assistant brand manager;formula manager;brand development manager;brand executive,,,Brand managers analyse and plan the way a brand is positioned on the market.
http://data.europa.eu/esco/occupation/de99886e-59e3-432d-ba53-9652dbe378d6,2412,programme funding manager,program funding manager;programme funding administrator;programme funding officer;grants manager;programme funding coordinator,,,Programme funding managers take the lead in developing and realizing the funding strategy of the programmes of an organisation.
http://data.europa.eu/esco/occupation/dfa51b4d-0929-4885-b682-29e375c6b52c,2411,dividend analyst,dividends clerk;dividend and coupon analyst;dividend calculation clerk;dividends analyst;dividend clerk,,,"Dividend analysts calculate and allocate dividends and interest incomes of a company's earnings to a category of its shareholders. They assess business systems and processes in order to identify user needs and to deliver appropriate solutions. They also undertake dividend forecasts on amounts and payment schedules and identify potential risks, based on their financial and market price expertise."
http://data.europa.eu/esco/occupation/e01719f4-d7dd-42fe-b504-93128520f84a,2431,advertising specialist,advertising account manager;brand specialist;advertising consultant;advertising and promotional specialist;advertising strategist;advertising adviser;strategic marketing specialist;advertising advisor,,,"Advertising specialists provide advice to companies and organisations about the development of their advertising strategies and on advertising-related topics covering a more general strategic approach. They combine knowledge of marketing, budgets, and psychology with a creative mind to develop advertising campaigns. They propose alternatives to clients that promote their organisations, products, or projects."
http://data.europa.eu/esco/occupation/e0b544dd-b621-4126-a55e-054af25c6ea0,2523,ICT network architect,network designer;network architects,,Excludes people performing managerial activities.,"ICT network architects design the topology and connectivity of ICT network such as hardware, infrastructure, communication and hardware components."
http://data.europa.eu/esco/occupation/e16c2422-1323-4d8a-bd0f-c7584de70be1,2431,pricing specialist,assistant pricing specialist;retail pricing analyst;price checker;graduate supermarket pricing specialist;commercial product price analyst;price clerk;price marker;price point analyst;discount supermarket pricing specialist;price analyst;senior pricing specialist;graduate trainee pricing specialist;food supermarket pricing specialist;trainee pricing specialist;pricing development analyst;commercial pricing analyst,,,"Pricing specialists analyse production prices, market trends and competitors in order to establish the right price, taking brand and marketing concepts into consideration."
http://data.europa.eu/esco/occupation/e1c72b5f-4c5c-487c-a6df-e84b64a51dae,2511,ICT system architect,systems architect;IT systems architect;information systems architect;ICT system architects;solution architect;ICT systems architect;ICT systems architects;IT system architect,,Excludes people performing development activities.,"ICT system architects design architecture, components, modules, interfaces, and data for a multi-components system to meet specified requirements."
http://data.europa.eu/esco/occupation/e3229e40-f571-4b26-baca-29edc8fe313e,2511,computer scientist,IT researcher;IT scientist;ICT science researcher;ICT researcher;IT research scientist;ICT scientist;ICT research scientist;computers scientist;IT science researcher,,Includes people performing in-house research activities. Excludes people performing outsource research activities.,"Computer scientists conduct research in computer and information science, directed toward greater knowledge and understanding of fundamental aspects of ICT phenomena. They write research reports and proposals. Computer scientists also invent and design new approaches to computing technology, find innovative uses for existing technology and studies and solve complex problems in computing."
http://data.europa.eu/esco/occupation/e4112a88-973f-4c7a-97f5-2241e6b6833f,2423,employment and vocational integration consultant,job placement consultant;corporate coach;business coach;career coach;outplacement expert;vocational counsellor;outplacement consultant;public employment service consultant;career mentor;job placement adviser;job coach;vocational adviser;vocational expert;job placement expert,,,"Employment and vocational integration consultants offer assistance to unemployed individuals in finding jobs or vocational training opportunities, according to their educational or professional background and experience. They advise them on how to market their skills in the job-hunting process. Employment and vocational integration consultants help job-seekers write CVs and cover letters, prepare for a job interview and indicate where to search for new job or training opportunities."
http://data.europa.eu/esco/occupation/e55e1a62-eab4-4829-a71e-e0d294cacf6b,2641,lyricist,songwriter;composer-lyricist;lyric writer;libretist;copywriter & lyricist;singer-lyricist;lyric songwriter,,"Excludes <a resource=""http://data.europa.eu/esco/occupation/7dc05fcc-b079-45ed-b5d4-74c75f99976c"" typeOf=""http://data.europa.eu/esco/model#Occupation"" href=""http://data.europa.eu/esco/occupation/7dc05fcc-b079-45ed-b5d4-74c75f99976c""><span property=""http://www.w3.org/2000/01/rdf-schema#label"" xml:lang=""en"">composer</span></a>.",Lyricists interpret the style of a music piece and write words to accompany the melody. They work together with the music composer.
http://data.europa.eu/esco/occupation/e5a63940-57d3-4065-8713-74b4e2c93063,2431,product and services manager,graduate e-catalogue manager;marketing e-catalogue manager;assistant product and services manager manager;trainee e-catalogue manager;senior e-catalogue manager;online e-catalogue manager;sales e-catalogue manager;graduate product and services manager;customer e-catalogue manager;customer product and services manager manager;marketing catalogue manager;e-catalogue manager;trainee product and services manager;product catalogue manager;senior product and services manager;online catalogue manager;assistant e-catalogue manager;sales catalogue manager;catalogue manager,,,Product and services managers are in charge of defining the content and structure of a catalogue or portfolio within a company.
http://data.europa.eu/esco/occupation/e6c298a4-62de-4b62-b48e-c5fdca8f6071,2433,technical sales representative in office machinery and equipment,assistant technical sales representative in office machinery and equipment;graduate technical sales engineer in office machinery and equipment;graduate technical sales representative in office machinery and equipment;senior technical sales representative in office machinery and equipment;office machinery and equipment inside technical sales representative;office machinery and equipment outside technical sales representative;senior technical sales engineer in office machinery and equipment;assistant technical sales engineer in office machinery and equipment;trainee technical sales representative in office machinery and equipment;office machinery and equipment field salesman;office machinery and equipment technical field sales representative;trainee technical sales engineer in office machinery and equipment;office machinery and equipment field saleswoman;office machinery and equipment field salesperson,,,Technical sales representatives in office machinery and equipment act for a business to sell its merchandise while providing technical insight for customers.
http://data.europa.eu/esco/occupation/eb7e42d0-9b3f-49ad-81f1-b9ee8491bf39,2642,political journalist,political analyst;political reporter;journalist specialising in global politics;journalist specialising in international politics;journalist specialising in US politics;politics reporter;political correspondent;political commentator;journalist specialising in EU politics,,,"Political journalists research and write articles about politics and politicians for newspapers, magazines, television and other media. They conduct interviews and attend events."
http://data.europa.eu/esco/occupation/ebe936e2-64e7-4777-94d6-42caa5a12409,2641,script writer,movie script writer;movie author;TV series script writer;television writer;screen writer;TV script writer;television script writer;screenplay writer;film author,,,"Script writers create scripts for motion pictures or television series. They write a detailed story that consists of plot, characters, dialogue and physical environment."
http://data.europa.eu/esco/occupation/ec2c0655-5ba0-4cc8-860a-977f73b37f34,2643,subtitler,subtitler/adaptor;subtitles adaptor;video subtitler;live subtitler;caption writer;film subtitler;subtitler/adapter;subtitlers;subtitles adapter;caption editor;captioner;closed caption editor;subtitler and surtitler;CART provider,,,"Subtitlers can work intralingually, within the same language, or interlingually, across languages. Intralingual subtitlers create the subtitles for hearing-impaired viewers, whereas interlingual subtitlers create the subtitles for movies or television programmes in a different language to the one heard in the audiovisual production. They both ensure that the captions and subtitles are synchronised with the sound, images and dialogue of the audiovisual work."
http://data.europa.eu/esco/occupation/eda0d957-3c3c-4139-b89a-a18bc9e18897,2411,accountant,accounting technician;bookkeeper;accounting supervisor;accounting officer;certified public accountant;financial accountant;cost accountant;auditor;account auditor;register accountant;head financial accountant;financial reporting accountant;production accountant,,,"Accountants review and analyse financial statements, budgets, financial reports, and business plans in order to check for irregularities resulting from error or fraud, and provide their clients with financial advice in matters such as financial forecasting and risk analysis. They may audit financial data, resolve insolvency cases, prepare tax returns and provide other tax-related advice in reference to current legislation."
http://data.europa.eu/esco/occupation/f2b15a0e-e65a-438a-affb-29b9d50b77d1,2512,software developer,application developer;solutions developer;electric vehicle software development engineer;programmer;application programmer;software specialist;application software developer;software engineer;applications engineer;soft developer;battery software developer;software developers;developer of software,,Includes people performing software design.,"Software developers implement or program all kinds of software systems based on specifications and designs by using programming languages, tools, and platforms."
http://data.europa.eu/esco/occupation/f3d8bc61-f812-4106-afd2-a356e4c11fce,2641,literary scholar,literary science researcher;literary researcher;literature scholar;literary studies researcher;literary studies scholar;literary studies scientist;literary studies research scientist;literary research scientist;literary analyst;literary scientist;literary research analyst,,,"Literary scholars research works of literature, history of literature, genres, and literary criticism in order to appraise the works and the surrounding aspects in an appropriate context and to produce research results on specific topics in the field of literature."
http://data.europa.eu/esco/occupation/f6811475-94d4-4d13-8d5f-f173978ae7ec,2432,political party agent,party agent;whip;chief whip;political party whip;political organisation manager;political organization manager;public relations agent,,"Excludes <a resource=""http://data.europa.eu/esco/occupation/0a3c2d5b-e1f9-4200-9288-62bf3fed3310"" typeOf=""http://data.europa.eu/esco/model#Occupation"" href=""http://data.europa.eu/esco/occupation/0a3c2d5b-e1f9-4200-9288-62bf3fed3310""><span property=""http://www.w3.org/2000/01/rdf-schema#label"" xml:lang=""en"">membership administrators</span></a>.","Political party agents manage the administrative tasks of a political party, such as budget management, record keeping, writing of agendas, etc. They also ensure productive communication with governmental bodies, and with press and media."
http://data.europa.eu/esco/occupation/f7450c1f-20b7-45dd-b3bb-25095830bf3f,2422,foreign affairs officer,international affairs analyst;foreign affairs manager;foreign affairs analyst;international relations manager;foreign affairs specialist;foreign affairs advisor;consulate officer;international relations analyst,,,"Foreign affairs officers analyse foreign affairs policies and operations, and write reports outlining their analyses in a clear and comprehensible manner. They communicate with parties who benefit from their findings, and act as advisers in the development or implementation of or reporting on foreign policy. Foreign affairs officers may also perform administrative duties in the department, such as assisting with problems concerning passports and visas. They promote friendly and open communication between different nations' governments and institutions."
http://data.europa.eu/esco/occupation/f7f8c077-26ec-455f-8311-aeafbc24d9a5,2635,bereavement counsellor,bereavement social counsellor;family bereavement counsellor;bereavement advice counsellor;family and bereavement support officer;bereavement support worker;adult bereavement counsellor;bereavement service coordinator;bereavement support counsellor;bereavement counselor;bereavement officer;community bereavement support officer,,,"Bereavement counsellors support and guide patients and their families to better cope with the death of the loved ones by assisting them in emergent situations, at the hospices and at the memorial services. They train other professionals and communities anticipating the supportive needs of bereavement and responding to the education requirements."
http://data.europa.eu/esco/occupation/f817aab2-ec8a-45ec-88ef-c11e0f19fd85,2422,education policy officer,policy officer;education policy specialist;education policy analyst;policy officer for education;education policy advisor;education policy development officer;education policy researcher,,,"Education policy officers research, analyse and develop education policies, and implement these policies to improve the existing education system. They try to improve all aspects of education which will impact institutions such as schools, universities and vocational schools. They work closely with partners, external organisations or other stakeholders and provide them with regular updates."
http://data.europa.eu/esco/occupation/f8d14b95-6a36-4290-b226-2342e236406e,2642,magazine editor,magazine supplements editor;magazine features editor;features editor,,,Magazine editors decide which stories are interesting enough and will be covered in the magazine. They assign journalists to each item. Magazine editors determine the length of each article and where it will be featured in the magazine. They also ensure that publications are finished on time for publishing.
http://data.europa.eu/esco/occupation/fa4a3b52-990c-44eb-a912-490f5d689400,2635,social pedagogue,social outreach worker;practitioner in social pedagogy;community social pedagogue;community education practitioner;qualified social pedagogue;social pedagogy practitioner;social pedagogy project worker;cultural animator;social educator;community educator;social pedagogue cultural animation;social pedagogy team worker;social work pedagogue;socio-cultural animator,,Social pedagogues include in their practice the contributions of family members and other relevant professionals to the task of educating children and young people.,"Social pedagogues provide care, support, and education to children and young persons with different backgrounds or capabilities. They develop educational processes for young persons to be in charge of their own experiences, using a multi-disciplinary approach set to the learning experience. Social pedagogues contribute to the individuals' learning, welfare, and societal inclusion, and put an emphasis on building self-reliance."
http://data.europa.eu/esco/occupation/faed411a-f920-4100-86a8-b877928b429c,2511,user experience analyst,user experience officer;usability analyst;user experience analysts,,,"User experience analysts assess client interaction and experience and analyse users' behaviours, attitudes, and emotions about the usage of a particular product, system or service. They make proposals for the improvement of the interface and usability of products, systems or services. In doing so, they take into consideration the practical, experiential, affective, meaningful and valuable aspects of human–computer interaction and product ownership, as well as the person's perceptions of system aspects such as utility, ease of use and efficiency, and user experience dynamics."
http://data.europa.eu/esco/occupation/fd4b90ed-6bb4-447e-b13a-afb8015700b3,2433,solar energy sales consultant,industrial solar energy sales consultant;solar power sales representative;solar energy sales advisor;solar power sales advisor;domestic solar energy sales consultant;solar sales advisor;solar energy sales representative;solar sales consultant;domestic solar power sales consultant;solar power sales assistant;solar energy sales assistant;industrial solar power sales consultant;solar sales assistant;solar sales representative,,,"Solar energy sales consultants provide advice on solar energy for domestic or industrial purposes, and aim to promote the use of solar energy as an alternative and more sustainable source of energy. They communicate with prospective clients, and attend networking events, to ensure increased sales of solar energy products."
http://data.europa.eu/esco/occupation/fdd8eef7-d89c-419f-9166-0747f466a769,2642,critic,blogger;reviewer;theater critic;film critic;TV critic;art critic;architecture critic;cinema critic;television critic;literary critic;food critic;music critic;game critic;architecture & design critic;theatre critic,,,"Critics write reviews of literary, musical and artistic works, restaurants, movies, television programs and other themes for newspapers, journals, magazines, radio, television and other media. They evaluate theme, expression and technique. Critics make judgements based on their personal experience and knowledge."
http://data.europa.eu/esco/occupation/fdf7b000-d923-4086-9660-eb8ee5e77ef0,2422,recreation policy officer,recreation policy advisor;sports policy advisor;sports and recreation policy officer;sports and recreation policy specialist;sports and recreation policy analyst;recreation policy specialist;sports and recreation policy advisor;sports and recreation policy researcher;sports policy officer;sport and recreation policy officer,,,"Recreation policy officers research, analyse and develop policies in the sports and recreation sector and implement these policies in order to improve the sport and recreation system and improve the health of the population. They strive to increase the participation in sports, support athletes, enhance the performance of athletes in national and international competitions, improve social inclusion and community development. They work closely with partners, external organisations or other stakeholders and provide them with regular updates."
http://data.europa.eu/esco/occupation/fdfce14e-992d-4ff4-9f9d-7a353c75654e,2611,corporate lawyer,intellectual property lawyer;business lawyer;patent lawyer;business solicitor;corporate counsel;corporate advocate;trademark lawyer;corporation lawyer;corporate attorney;company solicitor;corporate solicitor,,,"Corporate lawyers provide legal consulting services and representation to corporations and organisations. They give advice on matters relating to taxes, legal rights and patents, international trade, trademarks, and legal financial issues arising from operating a business."
http://data.europa.eu/esco/occupation/fe0fa514-b48d-4a53-9757-a283c0baacf0,2511,ICT business analyst,requirement engineer;business process specialist;IT business analyst;ICT business analysts,,Excludes people performing development activities.,"ICT business analysts are in charge of analysing and designing an organisation's processes and systems, assessing the business model and its integration with technology. They also identify change needs, assess the impact of the change, capture and document requirements and then ensure that these requirements are delivered whilst supporting the business through the implementation process."
http://data.europa.eu/esco/occupation/ff2c1183-3fd7-40c7-8ddc-b20b100363c3,2635,community development social worker,social development worker;community advocate;social worker-community development;community animateur;community development team leader;community development support worker,,,"Community development social workers support individuals, families, and groups in socially or financially deprived areas. They provide leadership and bring local people together to make changes and tackle social inequality, helping people to develop the skills needed to eventually run their own community groups."
http://data.europa.eu/esco/occupation/ffade2f4-2528-4dfd-b36a-6e4092be08ed,2422,civil service administrative officer,government administrative officer;local authority administrator;public administrative officer,,,"Civil service administrative officers perform administrative duties in civil service organisations and government departments. They ensure record maintenance, handle enquiries and provide information to the public, either in person, through emails or phone calls. They support senior staff, and ensure a fluent internal flow of information."
