conceptUri,skillType,reuseLevel,preferredLabel,altLabels,hiddenLabels,scopeNote,description
http://data.europa.eu/esco/skill/000709ed-2be5-4193-b056-45a97698d828,skill/competence,sector-specific,apply anti-oppressive practices,make use of anti-oppressive practices;use anti-oppressive practices;apply non-oppressive practices;apply anti-oppresive practice;identify oppression in societies and groups;apply an anti-oppressive practice;act in a non-oppressive way,,,"Identify oppression in societies, economies, cultures, and groups, acting as a professional in an non-oppressive way, enabling service users to take action to improve their lives and enabling citizens to change their environment in accordance with their own interests."
http://data.europa.eu/esco/skill/00090cc1-1f27-439e-a4e0-19a87a501bfc,skill/competence,cross-sector,identify available services,determine available services;classify available services;classify rehabilitation services;analyse rehabilitation services;establish rehabilitation services;establish available services;determine rehabilitation services;analyse available services,,,"Identify the different services available for an offender during probation in order to help in the rehabilitation and re-integration process, as well as advising the offenders as to how they can identify services available to them."
http://data.europa.eu/esco/skill/000f1d3d-220f-4789-9c0a-cc742521fb02,knowledge,sector-specific,Haskell,Haskell techniques,,,"The techniques and principles of software development, such as analysis, algorithms, coding, testing and compiling of programming paradigms in Haskell."
http://data.europa.eu/esco/skill/0023e7a5-43da-4b68-bee3-726ef21f986d,skill/competence,cross-sector,apply diplomatic principles,administer diplomatic principles;implement diplomatic principles;utilise diplomacy principles;administer diplomacy principles;use diplomatic principles;use diplomacy principles;utilise diplomatic principles;implement diplomacy principles,,,"Apply the processes involved in the creation of international treaties by conducting negotiations between representatives of different countries, protecting the home government's interests, and facilitating compromise."
http://data.europa.eu/esco/skill/004017c9-0337-4f5a-8077-798de9ef12e3,skill/competence,sector-specific,perform street interventions in social work,conduct outreach activites;carry out street interventions in social work;perform street-intervention in social-work;perform street intervention in social-work;perform street-intervention in social work;do street interventions in social work,,,"Conduct outreach activities by providing direct information or counselling services to individuals in their neighbourhood or in the streets, usually targeted at youth or homeless people."
http://data.europa.eu/esco/skill/008fa98b-dba6-4abf-909e-04299728e3eb,skill/competence,cross-sector,influence public policies,convince policymakers to change policies;communicate with policymakers for lobbying aims;communicate with policymakers to influence policies;lobbying for public policies;communicate with policymakers for lobbying purposes,,,Communicate with policymakers and provide them with data to convince them to change legislation or allocate funds to a specific cause.
http://data.europa.eu/esco/skill/00920055-eb50-4cb8-a23d-3deedbf3753e,knowledge,sector-specific,enterprise risk management,ERM;enterprise risk management process,,,"A plan-based business strategy that aims to identify, assess, and prepare for any dangers, hazards, and other potentials for disaster, both physical and figurative, that may interfere with an organization's operations and objectives."
http://data.europa.eu/esco/skill/009db49b-fcf5-4409-b4a5-232d059f3597,skill/competence,cross-sector,apply credit risk policy,administer credit risk policy;apply a credit risk policy;credit risk policy application;implement credit risk policy;utilise credit risk policy;employ credit risk policy,,,Implement company policies and procedures in the credit risk management process. Permanently keep company's credit risk at a manageable level and take measures to avoid credit failure.
http://data.europa.eu/esco/skill/00b9a3aa-7070-4bb5-8020-f228a97cf42f,skill/competence,cross-sector,draft scientific or academic papers and technical documentation,create technical documentation;create technical documentation and academic writings;write technical documentation;write scientific and academic papers,,,"Draft and edit scientific, academic or technical texts on different subjects."
http://data.europa.eu/esco/skill/00e53a0a-c0ba-4c9f-a2ed-4706d5832a00,skill/competence,sector-specific,guarantee customer satisfaction,ensure customer satisfaction;promise customer satisfaction;customer satisfaction guarantee;assure customer satisfaction;guaranteeing customer satisfaction;provide customer satisfaction,,,"Handle customer expectations in a professional manner, anticipating and addressing their needs and desires. Provide flexible customer service to ensure customer satisfaction and loyalty."
http://data.europa.eu/esco/skill/0138fdc7-edbb-485c-9aa9-544f723eb62f,skill/competence,sector-specific,purchase vehicle parts,carrying out parts purchasing;complete parts purchasing;carry out parts purchases;make parts purchasing;oversee parts purchasing;carry out parts purchasing;carry out part purchasing;undertake parts purchasing,,,Order specific parts required for maintenance and repair of a wide variety of vehicles.
http://data.europa.eu/esco/skill/01d269d9-b058-4d6c-82a0-3779af9a124b,skill/competence,cross-sector,develop blockchain innovative architectures,build innovative blockchain architectures,,,Develop new blockchain architectures that address properties and priorities as they are needed by specific applications. Argue the advantages and shortcomings of such new architectures with respect to existing ones.
http://data.europa.eu/esco/skill/01e7dee7-3ff1-4807-acad-058dbed91aba,skill/competence,sector-specific,keep up to date on product knowledge,keep posted on product knowledge,,,"Gather the latest information on developments related to the existing or supported products, methods or techniques."
http://data.europa.eu/esco/skill/02058de6-4b98-449f-8a45-8588b0eb2446,knowledge,sector-specific,network engineering,network architecture,,,"The subfield of computer technology that concerns the managing the connectivity of networks through data, voice, calls and wireless network services."
http://data.europa.eu/esco/skill/020918ef-4b55-47c1-8430-ab7b8f6a7377,skill/competence,sector-specific,migrate existing data,drift existing data,,,"Apply migration and conversion methods for existing data, in order to transfer or convert data between formats, storage or computer systems."
http://data.europa.eu/esco/skill/022dc430-872a-473a-9cf4-fed4895e58ad,skill/competence,sector-specific,define database physical structure,define database physical storage structure,,,"Specify the physical configuration of database files on a given media. This consists of in-detail specifications of indexing options, data types and data elements placed in the data dictionary."
http://data.europa.eu/esco/skill/0253b09a-7217-43fc-b62f-e6b23ffebac9,skill/competence,occupation-specific,develop script bible,draft script bible;developing script bible;establish script bible;write script bible;develop script’s bible;set script bible,,,"Create a document, called the script or story bible, with all the information about the characters and settings of the story."
http://data.europa.eu/esco/skill/02820870-3b92-480b-8475-8a521563ea3c,skill/competence,sector-specific,collect property financial information,audit properties;collect information on property finance;collect financial information on properties,,,"Collect information concerning the previous transactions involving the property, such as the prices at which the property had been previously sold and the costs that went into renovations and repairs, in order to obtain a clear image of the property's value."
http://data.europa.eu/esco/skill/0295b2a4-fb86-495f-9547-d479532fc4c2,skill/competence,cross-sector,trace financial transactions,trace financial transaction;track financial transactions;tracing financial transactions;oversee financial transactions,,,"Observe, track and analyse financial transactions made in companies or in banks. Determine the validity of the transaction and check for suspicious or high-risk transactions in order to avoid mismanagement."
http://data.europa.eu/esco/skill/02c462b7-b93b-44a7-ba3a-9d3b7a163f51,skill/competence,sector-specific,provide context to news stories,offer context to news stories;situate news stories;provide context to news story;contextualize news stories;providing context to news stories,,,Provide substantial context to national or international news stories to explain things in more detail.
http://data.europa.eu/esco/skill/034c29fa-c3ba-45ea-b8f3-bf8e3705e386,knowledge,sector-specific,Erlang,Erlang programming language,,,"The techniques and principles of software development, such as analysis, algorithms, coding, testing and compiling of programming paradigms in Erlang."
http://data.europa.eu/esco/skill/03a0ab28-ce99-4e14-baf8-a66c55da28f8,skill/competence,cross-sector,carry out event management,complete event management;undertake event management;make event management;oversee event management,,,Plan and execute all the technical and logistical aspects required for an event to be successful.
http://data.europa.eu/esco/skill/03b9b491-fc9b-4868-914a-bf7cd47b5041,skill/competence,cross-sector,create solutions to problems,devise solutions to problems;create solution to problems;formulate solutions to problems;conceive solutions to problems;create solutions;come up with solutions to problems;creating solutions to problems,,,"Solve problems which arise in planning, prioritising, organising, directing/facilitating action and evaluating performance. Use systematic processes of collecting, analysing, and synthesising information to evaluate current practice and generate new understandings about practice."
http://data.europa.eu/esco/skill/03f922b0-d518-457d-8f2c-80252a714be1,knowledge,cross-sector,criminology,investigation of law breaking behaviour;investigation of criminal behaviour;research into criminal behaviour;study of criminal behaviour;research into law breaking behaviour;study of law breaking behaviour,,,"The study of criminal behaviour, such as its causes and nature, its consequences, and control and prevention methods."
http://data.europa.eu/esco/skill/03ff0d53-573a-47a0-a0ad-1995815a4339,knowledge,sector-specific,information structure,data structuring methods;types of data infrastructure;data infrastructure,,,"The type of infrastructure which defines the format of data: semi-structured, unstructured and structured."
http://data.europa.eu/esco/skill/049c8caf-dd12-45fc-9bfa-b64051f32a19,skill/competence,cross-sector,respond to changing situations in health care,cope with changing situations in health care;respond to changing healthcare situations;react to changing situations in healthcare;react to changing situations in health care;respond to changing health care situations;respond to changing situations in health-care;cope with changing situations in healthcare,,,Cope with pressure and respond appropriately and in time to unexpected and rapidly changing situations in healthcare.
http://data.europa.eu/esco/skill/04dcfb3b-d6ac-4044-a35f-a633d3816c28,skill/competence,cross-sector,advise on bankruptcy proceedings,offer suggestions on bankruptcy proceedings;give recommendations on bankruptcy proceedings;advise on proceedings on bankruptcy;counsel on bankruptcy proceedings;advise on bankruptcy proceeding;advising on bankruptcy proceedings,,,"Guide and advise clients on the formalities, procedures and the actions that can ameliorate the losses in case of bankruptcy."
http://data.europa.eu/esco/skill/04f1b938-d4d4-4cb1-a863-982af76b9d93,knowledge,sector-specific,SAS language,SAS coding;SAS algorithms;SAS testing;SAS algorithm;SAS programming language;SAS principles for software development;SAS techniques for software development,,,"The techniques and principles of software development, such as analysis, algorithms, coding, testing and compiling of programming paradigms in SAS language."
http://data.europa.eu/esco/skill/04fe962b-4017-4eb7-9139-7d69b6922bc9,skill/competence,sector-specific,use an application-specific interface,use an interface specific to the application;using an interface specific to the application;application-specific interface using;operate an interface specific to the application;using an application-specific interface;application-specific interface operating;operating an interface specific to the application;operating an application-specific interface;operate an application-specific interface,,,Understand and use interfaces particular to an application or use case.
http://data.europa.eu/esco/skill/054f26ab-cfdc-4077-883c-1c4c9e9b310a,skill/competence,sector-specific,define firewall rules,specify access control policies;set firewall rules,,,Specify rules to govern a set of components aiming to limit access between groups of networks or a particular network and the internet.
http://data.europa.eu/esco/skill/0550431f-9c8b-4204-9c45-59bc5feacf06,knowledge,cross-sector,continuous improvement philosophies,a continuous improvement philosophy;continuous improvement policies;continuous improvement processes;continuous improvement systems;continuous improvement philosophy;continuous improvement strategies,,,"Underlying ideas of quality management systems. Implementation process of lean manufacturing, Kanban, Kaizen, Total Quality Management (TQM) and other continuous improvement systems."
http://data.europa.eu/esco/skill/05e5e14f-ffa6-4106-b311-c6335ccc2bd2,knowledge,cross-sector,solar energy,solar thermal energy;energy from sunlight;STE;solar technology;renewable solar;solar power;photovoltaic energy;energy from the sun;sun energy,,,"The energy which originates from light and heat from the sun, and which can be harnessed and used as a renewable source of energy using different technologies, such as photovoltaics (PV) for electricity production and solar thermal energy (STE) for thermal energy generation."
http://data.europa.eu/esco/skill/062320e5-79d1-45e8-8b7e-5deeb53279a2,skill/competence,cross-sector,perform online data analysis,implement online data analysis;undertake online data analysis;performing online data analysis;perform an online data analysis;performing an online data analysis;complete online data analysis,,,"Analyse online experiences and online data for purposes of understanding user behaviour, triggers of online attention, and other factors that could optimise webpage development and exposure."
http://data.europa.eu/esco/skill/062ec888-7fd2-4b1e-860e-4cdcc9503ab3,skill/competence,sector-specific,manage land resources permits,manage permits for land resources;controlling land resources permits;control land resources permits;land resources permit managing;land resources permits controlling;land resources permit controlling;land resources permits managing;controlling permits for land resources;control permits for land resources,,,Study the potential impact of land resource utilisation on water and aquatic habitats. Make recommendations as to the approval or rejection of permits for those purposes.
http://data.europa.eu/esco/skill/06358891-8424-43c5-891e-d40f226bef40,skill/competence,sector-specific,manage IT security compliances,oversee IT security compliance;ensure compliance with information security regulations,,,"Guide application and fulfilment of relevant industry standards, best practices and legal requirements for information security."
http://data.europa.eu/esco/skill/06f33d6a-f7a7-4a2b-baa5-8c3c53bd1a9c,knowledge,sector-specific,keywords in digital content,metadata tagging,,,The digital tools to conduct keyword research. The information retrieval systems identify the content of a document guided by keywords and metadata.
http://data.europa.eu/esco/skill/06f46a6e-62d3-4ca0-bedb-cb4c021c14ee,knowledge,sector-specific,legal studies,the study of law;law studies,,,"The study of law; the situations and causes that elicit responses from institutions in the form of laws and regulations. Some areas of law are civil, business, criminal, and property law."
http://data.europa.eu/esco/skill/071233c4-ad2b-4f50-b79f-768d2231163e,knowledge,sector-specific,domain name service,DNS;DNS server,BIND,,Naming database which maps internet domain names to Internet Protocol (IP) addresses. The Domain Name System allows internet users to utilise names such as website titles instead of remembering numeric IP addresses used by computers to locate a concrete website.
http://data.europa.eu/esco/skill/0737ad0a-75ac-4696-988b-565820577ac0,skill/competence,sector-specific,use experience map,examine touchpoints with a brand;determine the duration of a touchpoint;examine touchpoints with a service;determine the frequency of a touchpoint;examine touchpoints with a product,,,"Examine all the interactions and touchpoints people have with a product, brand or service. Determine key variables such as duration and frequency of every touchpoint."
http://data.europa.eu/esco/skill/075c411b-c5cd-4238-be12-d6b284a4130c,skill/competence,sector-specific,identify information needs of young people,assess information needs of young people;identify educational needs of young people;assess educational needs of young people;recognise information needs of young people;recognise educational needs of young people,,,Inquire and identify the information needs of young people and adapt services and approach towards their individual or collective needs.
http://data.europa.eu/esco/skill/075c68d7-efe4-4466-be4a-9acc726504df,knowledge,cross-sector,mergers and acquisitions,transferring ownership or combining companies;acquisitions and mergers;transferring ownership or combining businesses,,,"The process of joining together separate companies and relatively equal in size, and the purchase of a smaller company by a bigger one. The financial deals, the legal implications, and the consolidation of financial records and statements at the end of the fiscal year."
http://data.europa.eu/esco/skill/0760bfac-9a03-427a-ad84-ccd33a2f2ae8,knowledge,cross-sector,mathematical modelling,mathematical computation;mathematical representation;mathematical simulation,,,"The process of establishing a mathematical representation problem, such as equations, of a real-word to provide insights, discover new features about the problematic scenario, better understand the original problem or to make predictions about it."
http://data.europa.eu/esco/skill/0764b28d-04ee-4e80-bf58-b737f02a63e0,knowledge,occupation-specific,captioning software,captioning program;caption software;captioning plugin,,,"The various software to create captions and subtitles in a file that is merged with the actual footage, such as Telestream and MovieCaptioners."
http://data.europa.eu/esco/skill/078098e1-01f7-4654-9ddd-016f4063b54d,skill/competence,cross-sector,cooperate with education professionals,collaborate with training professionals;participate with training professionals;work with training professionals;participate with education professionals;work with education professionals;collaborate with education professionals,,,"Communicate with teachers or other professionals working in education in order to identify needs and areas of improvement in education systems, and to establish a collaborative relationship."
http://data.europa.eu/esco/skill/07884056-a07a-40b7-bba3-1ceed61f529c,knowledge,sector-specific,blockchain signature schemes,signature schemes for blockchain;digital signature schemes,,,"Essential digital signature schemes include the RSA scheme, the El-Gamal scheme, Hash functions, Birthday Attacks, the Digital Signature Standard."
http://data.europa.eu/esco/skill/07889c08-7220-47c8-96f7-6068fbea00dc,skill/competence,sector-specific,normalise data,prepare data;normalize data;perform data pre-processing,,,"Reduce data to their accurate core form (normal forms) in order to achieve such results as minimisation of dependency, elimination of redundancy, increase of consistency."
http://data.europa.eu/esco/skill/07d1dd29-4954-48f0-b807-6df53a7bceb2,knowledge,cross-sector,theories of personality,personality theories;theoretical concepts of personality;personality theory;theory of personality,,,"Theoretical conceptions of personality, such as psychodynamic theory, humanistic theory or behaviorism."
http://data.europa.eu/esco/skill/07d3074b-f5cd-420a-bdf8-c8d643563ea5,skill/competence,cross-sector,respect publication formats,conform to publication formats;adhere to publication formats;respecting publication formats;respect formats for publication;comply with publication formats;respect publication format,,,Submit text material for printing purposes. Always respect the required and expected publication formats.
http://data.europa.eu/esco/skill/07dd856d-6141-48a7-a228-918f88494812,skill/competence,sector-specific,create prototype of user experience solutions,UX,,,"Design and prepare mock-ups, prototypes and flows in order to test User Experience (UX) solutions or to collect feedback from users, customers, partners or stakeholders."
http://data.europa.eu/esco/skill/07e47d58-dd0e-4302-9e68-70a188e89065,skill/competence,cross-sector,apply system organisational policies,adhere to organisational system guidelines;enforce organisational system policies;implement system regulations,,,"Implement internal policies related to the development, internal and external usage of technological systems, such as software systems, network systems and telecommunications systems, in order to achieve a set of goals and targets regarding the efficient operations and growth of an organisation."
http://data.europa.eu/esco/skill/07e51c60-763a-4335-b4ec-70a15f66d328,skill/competence,cross-sector,propose ICT solutions to business problems,propose technical solutions to business problems,,,"Suggest how to solve business issues, using ICT means, so that business processes are improved."
http://data.europa.eu/esco/skill/07e6bc9f-9c98-44ae-a7a3-5266caa393e1,skill/competence,sector-specific,calculate costs of repair operations,calculating costs of repair operations;calculate the costs of repair operations;tally costs of repair operations;forecast costs of repair operations;count costs of repair operations;calculate the cost of repair operations;measure costs of repair operations,,,Calculate material and labour costs of repair operations. Understand appropriate computer programmes.
http://data.europa.eu/esco/skill/07ebc888-0f3f-46e7-99d2-a7c7ebd7ffe3,knowledge,sector-specific,property management software,PMS;real estate management software;property operations software,,,"The features and functioning of a software that enables the management of daily operations in real estate and accommodation businesses, to optimise resources and processes such as booking reservations, room rates, revenue data analytics or billing."
http://data.europa.eu/esco/skill/080a3bf6-c8e8-481e-b97e-8fbc964ebab7,knowledge,cross-sector,typography,typographies,,,The procedure of arranging written texts for printing processes.
http://data.europa.eu/esco/skill/081d7679-5070-4777-bece-a28c49f15636,knowledge,cross-sector,environmental policy,national environmental protection policy;international environmental protection policy;national environmental policy;local environmental policy;international environmental policy;local environmental protection policy;environmental sustainability policy,,,"Local, national and international policies dealing with the promotion of environmental sustainability and the development of projects which reduce negative environmental impact and improve the state of the environment."
http://data.europa.eu/esco/skill/0823ccef-813f-4f22-afef-ac0d68615e8f,knowledge,cross-sector,computer simulation,simulation software ANSYS;computer-based simulation,,,"A programme run on a computer that represents dynamic responses of a system to explore a mathematical model behaviour, using a model of a real system, composed of mathematical equations."
http://data.europa.eu/esco/skill/082967d4-b94c-4305-aa13-35a6aa8c5c7c,skill/competence,cross-sector,cooperate with colleagues,work together with colleagues;collaborate with colleagues;work in collaboration with colleague;work in cooperation with colleagues;work in cooperation with co-workers;collaborate with co-workers;work collaboratively;work cooperatively;cooperate with co-workers;work together with co-workers;work in collaboration with co-workers,,,Cooperate with colleagues in order to ensure that operations run effectively.
http://data.europa.eu/esco/skill/08371fe9-c658-4f6a-966f-71dbb0ab683d,knowledge,sector-specific,accounting department processes,accounts department processes;accounting department procedures;accounting processes,,,"The different processes, duties, jargon, role in an organisation, and other specificities of the accounting department within an organisation such as bookkeeping, invoices, recording, and taxing."
http://data.europa.eu/esco/skill/0839eea4-c57b-4c14-b19b-923fbedb5d88,skill/competence,sector-specific,perform business research,conduct business research;performing business research;do business research,,,"Search and collect information relevant for the development of businesses in different fields ranging from legal, accounting, finance, up to commercial matters."
http://data.europa.eu/esco/skill/08591546-e9bc-47fc-97b3-8663b3713a5f,knowledge,sector-specific,clinical reports,clinical notes;clinical documentation;clinical documentations;clinical note,,,"The methods, assessment practices, credentials and opinions gathering procedures necessary for writing clinical reports."
http://data.europa.eu/esco/skill/0868eef3-2213-4572-9343-74931345a7d3,skill/competence,sector-specific,administer ICT system,administer system;operate system;administer network and system,,,"Handle components of ICT system by maintaining configuration, managing users, monitoring resource use, performing backups and installing hardware or software to comply with the set requirements."
http://data.europa.eu/esco/skill/089af6fe-a65e-4271-a232-b2d97ba6f43a,skill/competence,cross-sector,help clients make decisions during counselling sessions,support clients in decision-making during councelling sessoins;help clients make a decision during counseling sessions;help clients take decisions during councelling sessions;help a client make decisions during a counceling session;help clients make a decision during counselling sessions;encourage clients to make decisions during counselling sessions;help a client make decisions during a councelling session;encourage clients to make decisions in councelling sessions;help clients make decisions during counseling sessions,,,"Encourage clients to make their own decisions related to their problems or inner conflicts by reducing confusion and allowing clients to reach their own conclusions, with no bias whatsoever."
http://data.europa.eu/esco/skill/089bab26-a854-40fb-8c04-5be4f693315a,skill/competence,cross-sector,integrate strategic foundation in daily performance,integrating strategic foundation in daily performance;incorporate strategic foundation in daily performance;implement strategic foundation in daily performance;integrate strategic foundation in performance,,,"Reflect on the strategic foundation of companies, meaning their mission, vision, and values in order to integrate this foundation in the performance of the job position."
http://data.europa.eu/esco/skill/089ee650-297e-4716-87d1-440743b70a0d,skill/competence,cross-sector,ensure compliance with environmental legislation,ensure compliance with environmental regulations;ensuring environmental legislation compliance;ensure environmental legislation compliance;ensuring compliance with environmental legislation;check compliance with environmental laws;ensuring of compliance with environmental legislation;lead implementation of environmental legislation;lead implementation of environmental policies and legislation;checking compliance with environmental laws,,,"Monitor activities and perform tasks ensuring compliance with standards involving environmental protection and sustainability, and amend activities in the case of changes in environmental legislation. Ensure that the processes are compliant with environment regulations and best practices."
http://data.europa.eu/esco/skill/08a3dcea-12de-447b-a3a5-aa657abc5e97,skill/competence,sector-specific,execute social engineering tests,perform social engineering tests;execute social engineering attacks;test social engineering;perform social engineering attacks;test social engineering attacks,,,"Perform simulated social engineering attacks to identify vulnerabilities in an organization's security posture. Social engineering tests may involve phishing emails, pretexting, or other forms of manipulation used by attackers to obtain sensitive information or unauthorized access to systems."
http://data.europa.eu/esco/skill/08b04e53-ed25-41a2-9f90-0b9cd939ba3d,skill/competence,cross-sector,manage research data,oversee scientific data;handle research data;administer research data,,,Produce and analyse scientific data originating from qualitative and quantitative research methods. Store and maintain the data in research databases. Support the re-use of scientific data and be familiar with open data management principles.
http://data.europa.eu/esco/skill/08e2ff26-88ff-47b5-9d37-d19ace01b075,skill/competence,cross-sector,manage feedback,accept feedback;managing feedback;handle personal feedback;receive feedback,,,Provide feedback to others. Evaluate and respond constructively and professionally to critical communication from colleagues and customers.
http://data.europa.eu/esco/skill/08ee68b2-0a6d-4bdf-a870-a36c0dc8064e,skill/competence,cross-sector,produce statistical financial records,complete statistical financial records;produce a statistical financial record;provide statistical financial records;producing statistical financial records;administer statistical financial records;producing a statistical financial records;create statistical financial records,,,Review and analyse individual and company financial data in order to produce statistical reports or records.
http://data.europa.eu/esco/skill/08fd2839-670c-4f16-8024-97437f2035ab,skill/competence,cross-sector,plan marketing strategy,organise marketing strategy;plan marketing strategies;design marketing strategy;plan a marketing strategy;project marketing strategy;planning a marketing strategy;arrange marketing strategy,,,"Determine the objective of the marketing strategy whether it is for establishing image, implementing a pricing strategy, or raising awareness of the product. Establish approaches of marketing actions to ensure that goals are achieved efficiently and over a long term."
http://data.europa.eu/esco/skill/08fe5910-8c4c-4679-a988-eb2ded3c4909,knowledge,cross-sector,labour legislation,employment legislation;employment law;labor legislation;legislation on labour,,,"Legislation, on a national or international level, that governs labour conditions in various fields between labour parties such as the government, employees, employers, and trade unions."
http://data.europa.eu/esco/skill/0900073c-85f9-4f81-b178-ad9a12371bc3,skill/competence,sector-specific,respond to individuals' extreme emotions,handle individuals' extreme emotions;respond appropriately to individuals' extreme emotions;deal with individuals' extreme emotions,,,"React and help appropriately in case of extreme emotional reactions of individuals in a crisis situation, extreme distress or who are traumatised."
http://data.europa.eu/esco/skill/093b43df-7bbf-46ed-8ddc-fad2368f2498,skill/competence,sector-specific,prescribe psychotherapeutic treatment,prescribe psychotherapeutic medication;prescribe psycho-therapeutic treatment;administer psychotherapeutic medication;prescribe psychotherapeutic treatments;direct psychotherapeutic treatments,,,"Prescribe, direct, and administer psychotherapeutic treatments or medications to treat disorders of a mental, emotional, or behavioural nature."
http://data.europa.eu/esco/skill/0957a353-b163-4887-96f6-ce79abc5b4e1,skill/competence,cross-sector,provide legal advice on investments,providing legal advice on investments;provide legal advice on investment;provide legal investment advice;provide legal counsel on investments,,,"Provide advice to organisations on the legal procedures, drafting of the contracts, and tax efficiency operations involved in corporate investments and their legal repercussions."
http://data.europa.eu/esco/skill/095fdace-1cc3-4e80-b37b-268fe297904a,skill/competence,cross-sector,prepare audit activities,prepare a plan for audit activities,,,Prepare an audit plan including both pre-audits and certification audits. Communicate with the different processes in order to implement the improvement actions that lead to certification.
http://data.europa.eu/esco/skill/097098fc-6d89-44e9-9305-98ac5c0a78ac,skill/competence,cross-sector,educate on the prevention of illness,give advice on the prevention of illness;educate on illnesses-prevention;prevent diseases and infections;educate on illness-prevention;advise on the prevention of diseases and infections;advise on the prevention of illness;educate on the prevention of illnesses;educate on the prevention of diseases and infections;give advice on the prevention of diseases and infections,,,"Offer evidence-based advice on how to avoid ill health, educate and advise individuals and their carers on how to prevent ill health and/or be able to advise how to improve their environment and health conditions. Provide advice on the identification of risks leading to ill health and help to increase the patients' resilience by targeting prevention and early intervention strategies."
http://data.europa.eu/esco/skill/097c6a36-f031-4d3e-b5c1-62d6ffcb430b,skill/competence,sector-specific,respect data protection principles,comply with data protection regulations;follow data protection principles;respect protection of data principles;respect principles for data protection,,,Ensure that access to personal or institutional data conforms to the legal and ethical framework governing such access.
http://data.europa.eu/esco/skill/09cac140-367e-45f5-b19f-6430e75e5a2a,skill/competence,cross-sector,prepare speeches,prepare speech;create speeches;write up speeches;preparing speeches;get speeches ready,,,Write speeches on multiple topics in a way to hold the attention and interest of an audience.
http://data.europa.eu/esco/skill/09d48285-7d78-4f27-878c-e54fd0c75cee,skill/competence,occupation-specific,encourage healthy behaviours,encourage healthy behaviors;advocate adoption of healthy lifestyle behaviours;encourage behaviours that enhance health;encourage adoption of behaviours that protect health;advocate healthy lifestyle;encourage adoption of healthy behaviours;promote adoption of behaviours to protect health;promote healthy lifestyle behaviours;promote healthy behaviours;encourage adoption of behaviours that enhance health;encourage behaviours that protect health,,,"Encourage the adoption of healthy behaviours such as exercise, a healthy diet, oral hygiene, health checks and preventative medical screenings."
http://data.europa.eu/esco/skill/09d6ed43-95a1-4492-8bd7-d01039285afa,skill/competence,cross-sector,provide social counselling,provide social-counseling;offer social counselling services;offer social counseling services;offer social counselling;assist and guide social service users;offer social counseling;provide social-concelling,,,"Assist and guide social service users to resolve personal, social or psychological problems and difficulties."
http://data.europa.eu/esco/skill/09f2f811-a3fb-4de3-a70f-6420a6935575,knowledge,cross-sector,systems development life-cycle,application development life-cycle,,,"The sequence of steps, such as planning, creating, testing and deploying and the models for the development and life-cycle management of a system."
http://data.europa.eu/esco/skill/0a06b0a8-d931-44ba-b85a-3e0e617261c3,skill/competence,sector-specific,support social service users at the end of life,help service users prepare for end of life;support service users at end of life;provide EoLC;provide end-of-life care;help social care users prepare for end of life;support service users at the end of life,,,"Support individuals to prepare for the end of life and to plan the care and support they wish to receive through the process of dying, providing care and support as death approaches and carrying out agreed actions immediately after death."
http://data.europa.eu/esco/skill/0a30e5a8-60a8-4fda-9f89-8e9cee38da5a,skill/competence,occupation-specific,use interface description language,utilise specification language,,,Utilise specification language for describing interface connection among software components or programs in a programming-language-independent way. The languages which support this method are among others CORBA and WSDL.
http://data.europa.eu/esco/skill/0a43729f-2a79-4dae-9faa-95520daae79f,skill/competence,cross-sector,apply company policies,administer company policies;applying company policies;employ company policies;utilise company policies;company policy application;apply company policy;implement company policies,,,Apply the principles and rules that govern the activities and processes of an organisation.
http://data.europa.eu/esco/skill/0a48d064-dd04-47fb-a00d-85e9b4874033,knowledge,cross-sector,business management principles,principles of business management;business management standards;business management foundations;business management fundamentals;business management principle;business management conventions;a business management principle,,,"Principles governing business management methods such as strategy planning, methods of efficient production, people and resources coordination."
http://data.europa.eu/esco/skill/0a52bed5-fd29-45fb-aba6-e32bccfda1c1,skill/competence,sector-specific,plan migration to cloud,prepare plan for migration to cloud;cloud migration planning;plan refactoring,,,"Select existing workloads and processes for potential migration to the cloud and choose migration tools. Determine a new cloud architecture for an existing solution, plan a strategy for migrating existing workloads to the cloud."
http://data.europa.eu/esco/skill/0a917ad8-5cbd-442b-9b84-e9f6e4c13f17,knowledge,cross-sector,foreign affairs policy development,overseas affairs policy operation;overseas affairs policy organisation;overseas affairs policy evaluation;foreign affairs policy organisation;foreign affairs policy operation;foreign affairs policy evaluation,,,"The development processes of foreign affairs policies, such as relevant research methods, relevant legislation, and foreign affairs operations."
http://data.europa.eu/esco/skill/0aa02c52-077d-45f8-8c2d-7132c11ac16e,skill/competence,cross-sector,carry out strategic research,carrying out strategic research;conduct strategic research;undertake strategic research;complete strategic research;oversee strategic research;carry out a research strategy,,,Research long term possibilities for improvements and plan steps to achieve them.
http://data.europa.eu/esco/skill/0ab03c6c-281b-48f4-83e0-10eeb27a1bae,knowledge,sector-specific,network management system tools,network management system components,,,"The software or hardware tools which enable monitoring, analysis and supervision of individual network components or network parts within a larger network system."
http://data.europa.eu/esco/skill/0ab9d433-10e5-4683-ae54-4687179a5259,knowledge,cross-sector,literature,fiction;nonfiction;prose,,,"The body of artistic writing characterized by beauty of expression, form, and universality of intellectual and emotional appeal."
http://data.europa.eu/esco/skill/0af062de-eb43-41e9-9b96-249e2cd22d26,skill/competence,sector-specific,use markup languages,use html;use mark-up languages;use XHTML;use HTML;use Html,,,"Utilise computer languages that are syntactically distinguishable from the text, to add annotations to a document, specify layout and process types of documents such as HTML."
http://data.europa.eu/esco/skill/0af529ff-a95d-419b-ab2a-335f6894a966,skill/competence,cross-sector,maintain logistics databases,ensure logistics databases remain up to date;update logistics databases;update logistical databases;keep logistics databases;maintain logistical databases;keep logistical databases;perform logistics database maintenance activities;ensure logistical databases remain up to date;maintain databases of logistics information;carry out logics database maintenance activities;maintain databases of logistical information,,,Maintain databases accessible to users in the logistics and storage sub-sector.
http://data.europa.eu/esco/skill/0af93aed-bb3e-4ce7-ad77-a41139c7e7c5,knowledge,occupation-specific,canvassing methods,electioneering plans;canvassing mechanisms;electioneering approaches;electioneering arrangements;canvassing plans;canvassing arrangements;canvassing approaches;electioneering mechanisms,,,"The different methods used in liaising with a target group or individuals to gather support for a cause, such as field canvassing (going door to door), candidate canvassing (going door to door or speaking with the public with a representative of the cause present), phone canvassing, engaging passers-by on the street, and other canvassing methods."
http://data.europa.eu/esco/skill/0b0335f3-0aa1-491e-895e-81fc8774a300,skill/competence,sector-specific,develop automated migration methods,design automated migration methods;design automated transfer of ICT information;generate automated transfer of ICT information;develop automated transfer of ICT information;create automated transfer of ICT information,,,"Create automated transfer of ICT information between storage types, formats and systems to save human resources from performing the task manually."
http://data.europa.eu/esco/skill/0b4fa617-f80f-426f-b7b1-e65234493983,skill/competence,occupation-specific,investigate human rights violations,inspect civil liberties violations;examine human rights violations;inspect human rights violations;analyse civil liberties violations;examine civil liberties violations;analyse human rights violations,,,Investigate cases in which a breach of human rights legislation may have occurred in order to identify the problems and determine an appropriate course of action.
http://data.europa.eu/esco/skill/0b5aaee4-c948-4853-bf8d-b9cd6c4917ee,skill/competence,cross-sector,inform policy makers on health-related challenges,provide information on health-related challenges to policy makers;inform policy makers on health-related problems;inform policy makers on a health-related challenge;inform policy maker on health-related challenges,,,Provide useful information related to health care professions to ensure policy decisions are made in the benefit of communities.
http://data.europa.eu/esco/skill/0b6cc8e4-b34d-4631-9061-3ba839ecc640,skill/competence,occupation-specific,report on grants,detail grants;administer allocations;summarise allocations;report donor and recipient;administer grants summarise grants;detail allocations;summarise grants,,,Inform the grant giver and grant receiver accurately and in time about new developments.
http://data.europa.eu/esco/skill/0b8da079-f587-403f-a6ad-cd18b8150044,skill/competence,cross-sector,gather technical information,collect technical information,,,"Apply systematic research methods and communicate with relevant parties in order to find specific information and evaluate research results to assess the information's relevance, relating technical systems and developments."
http://data.europa.eu/esco/skill/0bd4c62a-c309-467e-be76-8403b3f3a1a8,knowledge,cross-sector,financial products,financial instruments;fiscal products;monetary product;monetary products;financial securities;financial instrument;financial product,,,"The different types of instruments that apply to the management of cash flow that are available on the market, such as shares, bonds, options or funds."
http://data.europa.eu/esco/skill/0c0488b3-fca5-4deb-865b-8dc605c3d909,knowledge,sector-specific,sales argumentation,sale argumentation;argumentation of sales;sales techniques;sales pitches;sales strategies;sales promotions,,,Techniques and sales methods used in order to present a product or service to customers in a persuasive manner and to meet their expectations and needs.
http://data.europa.eu/esco/skill/0c606377-fbd6-4f66-b700-ba4524670b73,skill/competence,cross-sector,screen clients,selectively choose clients;scan clients,,,Check the personal information of clients and make sure they are not on any blacklist or registered for any severe offences.
http://data.europa.eu/esco/skill/0c671e20-7a3b-442a-977a-3a085baaf338,skill/competence,occupation-specific,identify emerging issues in humanitarian area,diagnose emerging issues in humanitarian area;analyse emerging issues in humanitarian area;analyse emerging issues in charitable and philanthropic area;establish emerging issues in charitable and philanthropic area;determine emerging issues in charitable and philanthropic area;diagnose emerging issues in charitable and philanthropic area;determine emerging issues in humanitarian area;establish emerging issues in humanitarian area,,,"Recognize arising problems and trends in a proactive way on a national, regional or international level in order to respond rapidly."
http://data.europa.eu/esco/skill/0c766ca3-9364-4203-916b-fed16e4814c1,skill/competence,sector-specific,gather data for forensic purposes,compile data for forensic purposes;collect data for forensic purposes,,,"Collect protected, fragmented or corrupted data and other online communication. Document and present findings from this process."
http://data.europa.eu/esco/skill/0c77bcd5-b94a-475d-98e9-5a4327e4d726,knowledge,cross-sector,statistical process control,quality control oversight;statistical process oversight;quality control jurisdiction;statistical process jurisdiction;quality control authority;quality control supervision;statistical process supervision;statistical process authority,,,Method of quality control that uses statistics to monitor processes.
http://data.europa.eu/esco/skill/0c9da986-721e-4f75-b566-0c6c212a8f60,skill/competence,cross-sector,make investment decisions,decide on investments;pass investment decisions;form investment decisions,,,"Determine whether to buy or sell financial products such as fonds, bonds or stocks in order to enhance profitability and to reach the best performance."
http://data.europa.eu/esco/skill/0cc9c234-f817-4f4c-908a-4d28fe3b0f4a,skill/competence,cross-sector,coach employees,train staff to improve performance;employee coaching;coach employees for performance;coach staff;train employees to improve performance,,,"Maintain and improve employees' performance by coaching individuals or groups how to optimise specific methods, skills or abilities, using adapted coaching styles and methods. Tutor newly recruited employees and assist them in the learning of new business systems."
http://data.europa.eu/esco/skill/0ccdfe98-f845-4598-84a1-3dca66e9d9a3,knowledge,sector-specific,Ruby (computer programming),Ruby,,,"The techniques and principles of software development, such as analysis, algorithms, coding, testing and compiling of programming paradigms in Ruby."
http://data.europa.eu/esco/skill/0cd6dcf1-5778-42a5-b685-4d01ae4a4871,knowledge,sector-specific,Common Lisp,Common Lisp programming language,,,"The techniques and principles of software development, such as analysis, algorithms, coding, testing and compiling of programming paradigms in Common Lisp."
http://data.europa.eu/esco/skill/0d11711b-870f-4701-be93-fa175b6e4002,skill/competence,cross-sector,persuade clients with alternatives,sway clients with alternatives;persuade client with alternatives;convince clients with alternatives;persuade clients with alternative;coax clients with alternatives;persuading clients with alternatives,,,"Describe, detail, and compare possible alternatives that clients could take about products and services to persuade them to take a decision that benefits both the company and the client."
http://data.europa.eu/esco/skill/0d282d6e-8cb9-4339-8e7d-cfafed96b5ed,skill/competence,cross-sector,conduct literature research,review literature;conducting literature review;literature reviewing;literature review conducting;reviewing literature,,,Conduct a comprehensive and systematic research of information and publications on a specific literature topic. Present a comparative evaluative literature summary.
http://data.europa.eu/esco/skill/0d4471ae-3820-4c23-8566-f44a7bd159b2,skill/competence,cross-sector,prepare licence agreements,prepare license agreements;write licence agreements,,,"Make the legal contract ready, granting permission to use equipment, services, components, applications and intellectual property."
http://data.europa.eu/esco/skill/0d564cb6-98ef-4c18-9392-dd69e6724cbf,knowledge,cross-sector,risk transfer,passing on risk;transfer of risk,,,"The financial techniques aimed at avoiding damaging financially a business and instead, protect it in its operations. It is the operation of transferring liabilities and claims to third parties that have the financial muscle and specialise in bundling and managing risks in scale."
http://data.europa.eu/esco/skill/0d6714c6-720e-4985-9791-5ab85d28da79,skill/competence,cross-sector,gather data,convene data;collect data;data gavering;assemble data;aggregate data;gathering data,,,Extract exportable data from multiple sources.
http://data.europa.eu/esco/skill/0d9c959a-cdd4-41f7-aa82-5e2e25b27e3f,knowledge,cross-sector,social work theory,theoretical framework of social work;social work theoretical framework;apply social work theory to practice;social work theories;development and characteristics of social work;fundamentals of social work,,,The development and characteristics of social work theories underpinned by social sciences and humanities.
http://data.europa.eu/esco/skill/0da516ee-e70e-4384-be13-f5ff80be8127,skill/competence,cross-sector,communicate with customers,provide customer service;supply customer service;respond to customer requests;respond to customers;engage with customers;help customers;assist customers;talk with customers;communicate with clients;interact with customers;interact with clients,,,"Respond to and communicate with customers in the most efficient and appropriate manner to enable them to access the desired products or services, or any other help they may require."
http://data.europa.eu/esco/skill/0da6cab1-0ee9-4391-a299-f71fbf21db56,knowledge,sector-specific,ICT network routing,ICT network routing techniques;ICT network processes;ICT network routing processes;ICT network techniques,,,The processes and techniques for choosing the best paths within an ICT network through which a packet can travel.
http://data.europa.eu/esco/skill/0daaf096-1639-461c-bf1a-bbeea77e6b67,knowledge,sector-specific,internal risk management policy,risk management internal policy,,,"The internal risk management policies that identify, assess and prioritise risks in an IT environment. The methods used to minimise, monitor and control the possibility and the impact of disastrous events that affect the reaching of business goals."
http://data.europa.eu/esco/skill/0dc7aa1b-b5af-4f4b-81ce-ee22ed8b6926,skill/competence,sector-specific,assess ICT knowledge,capture IT knowledge;capture ICT knowledge,,,Evaluate the implicit mastery of skilled experts in an ICT system to make it explicit for further analysis and usage.
http://data.europa.eu/esco/skill/0dcbf7c5-bedf-4485-b16b-23df54443864,skill/competence,sector-specific,translate requirement concepts into content,obey content guidelines;adhere to content guidelines;abide by content guidelines;observe content guidelines;comply with content guidelines;follow content guidelines,,,Develop digital content by following given requirements and guidelines.
http://data.europa.eu/esco/skill/0dd4d328-f015-463d-9a7e-06b7041f0b26,knowledge,cross-sector,consumer goods industry,CPG;consumer packaged goods;consumer goods sector;consumer products industry,,,"The consumer goods industry refers to a concrete economic sector that produce and sell goods to consumers for they direct consumption, enjoyment or use. Industry that covers a wide range of activities whose target is the final consumption of products by households. It includes food production, clothing and leather, electronics, and household equipment, among other sectors."
http://data.europa.eu/esco/skill/0de61385-de6d-4146-ba32-1cc1bc102220,knowledge,sector-specific,Lisp,Lisp software development principles;Lisp algorithms;Lisp software development techniques;Lisp programming paradigms;Lisp coding techniques,,,"The techniques and principles of software development, such as analysis, algorithms, coding, testing and compiling of programming paradigms in Lisp."
http://data.europa.eu/esco/skill/0e0c9c11-b39e-43cf-ba95-2fe646f5de64,skill/competence,cross-sector,identify customer requirements,write research applications;gather and define user requirements;categorise customer requirements,,,"Apply techniques and tools, such as surveys, questionnaires, ICT applications, for eliciting, defining, analysing, documenting and maintaining user requirements from system, service or product."
http://data.europa.eu/esco/skill/0e0e4af2-4af8-40f5-8460-99e7401733c6,skill/competence,sector-specific,employ cognitive behaviour treatment techniques,apply cognitive behaviour treatment techniques;apply cognitive behaviour treatment;employ cognitive behavior treatment techniques;use cognitive behaviour treatment;use cognitive behaviour treatment techniques,,,"Employ cognitive behavioural treatment techniques for those whose treatment involves cognitive re-training, addressing dysfunctional emotions, maladaptive behaviours and cognitive processes and contents through a variety of systematic procedures."
http://data.europa.eu/esco/skill/0e1fe34b-f4e7-4642-8c8b-5a05ac3438e5,skill/competence,cross-sector,manage schedule of tasks,task scheduling;organise tasks;schedule tasks;organize tasks;task planning;assign and schedule tasks;task management;manage task scheduling;plan tasks;manage tasking,,,"Maintain an overview of all the incoming tasks in order to prioritise the tasks, plan their execution, and integrate new tasks as they present themselves."
http://data.europa.eu/esco/skill/0e2c082a-056c-413c-94d1-581a0133e614,skill/competence,sector-specific,provide domestic care,assess support needs of individuals in their homes;provide domestic care services;provide home care;provide home care services,,,"Assess the support needs of individuals and provide care to people who are usually disabled, in their own homes."
http://data.europa.eu/esco/skill/0e361e34-c563-4892-b9d3-873a6a4fef8a,knowledge,sector-specific,digital game genres,mechanics of digital games,,,"The classification of video games based on their interaction with the game media, such as simulation games, strategy games, adventure games and arcade games."
http://data.europa.eu/esco/skill/0e54cc0e-6cef-41ec-bd8c-e8e8778969ec,knowledge,cross-sector,relationship marketing,relationship marketing strategies,,,"The process within Customer Relationship Management (CRM) and focuses on customer retention, satisfaction and lifetime customer value."
http://data.europa.eu/esco/skill/0e5affa0-705e-4b19-94e8-19e902e0287d,skill/competence,cross-sector,analyse decentralised applications,analyse dApps,,,"Analyse decentralized applications for their specific performance requirements in terms of key functions and properties such as identify management, access control, data security, transparency, performance, scalability, and maintainability."
http://data.europa.eu/esco/skill/0e8d16c9-e2db-4862-ac06-1567f01ef806,knowledge,sector-specific,building systems monitoring technology,building monitoring systems;building M&E systems;HVAC systems;M&E systems;systems of building monitoring technology;lighting systems;building monitoring technology systems,,,"Computer-based control systems that monitor mechanical and electrical equipment in a building such as HVAC, security and lighting systems."
http://data.europa.eu/esco/skill/0edaab25-1b72-4531-950d-d8b9a9f4a1c8,knowledge,sector-specific,treasury management system,treasury management,,,The system for managing treasury processes by centralizing cash flow data linked to treasury operations. It involves managing the liquidity as well as money market instruments of an organisation.
http://data.europa.eu/esco/skill/0ee7b0d6-db98-4785-9948-f2ef415d155a,skill/competence,cross-sector,write research proposals,write research applications,,,"Synthetise and write proposals aiming to solve research problems. Draft the proposal baseline and objectives, the estimated budget, risks and impact. Document the advances and new developments on the relevant subject and field of study."
http://data.europa.eu/esco/skill/0ee94af1-b445-4973-9c3f-459fab250342,skill/competence,cross-sector,apply conflict management,implement conflict management;administer conflict management;utilise conflict management;applying conflict management;conflict management application;employ conflict management;application of conflict management,,,"Take ownership of the handling of all complaints and disputes showing empathy and understanding to achieve resolution. Be fully aware of all Social Responsibility protocols and procedures, and be able to deal with a problematic gambling situation in a professional manner with maturity and empathy."
http://data.europa.eu/esco/skill/0ee94c0a-3716-494a-95a2-dcbab9e58be2,knowledge,sector-specific,business requirements techniques,business requirements identification,,,The procedures required to identify and analyse business and organisational needs.
http://data.europa.eu/esco/skill/0efbe2dc-2770-47ec-b8f4-d1bdff6ac0a4,skill/competence,cross-sector,advise on risk management,recommend on accident management;strategise on accident management;suggest on risk management;propose on risk management;recommend on risk management;propose on accident management;suggest on accident management;strategise on risk management,,,"Provide advice on risk management policies and prevention strategies and their implementation, being aware of different kinds of risks to a specific organisation."
http://data.europa.eu/esco/skill/0efd5409-0b0a-4dea-8d62-6bb960f61cdd,skill/competence,cross-sector,make legal decisions,produce legal decisions;take legal decisions;produce judicial decisions;hand down legal decisions;take judicial decisions;agree judicial decisions;agree legal decisions;hand down judicial decisions,,,"Make decisions in legal cases in order to reach an official conclusion which has to be enforced, creating a decision which is legally binding for the parties involved in the case."
http://data.europa.eu/esco/skill/0f551181-e1af-47e2-b2d8-ff9f4e011ecd,skill/competence,sector-specific,use clinical assessment techniques,apply clinical assessment techniques;use clinical assessement technique;use clinical judgment methods;use clinical analyses techniques;utilize clinical assessment techniques;apply clinical assessement methods;use clinical assessement method;use clinical assessement methods;use clinical judgment techniques,,,"Use clinical reasoning techniques and clinical judgement when applying a range of appropriate assessment techniques, such as mental status assessment, diagnosis, dynamic formulation, and potential treatment planning."
http://data.europa.eu/esco/skill/0f5bd097-ed76-47f7-8f44-93be67967b5f,skill/competence,sector-specific,explain financial jargon,specify financial technicalities to clients;describe financial technicalities to clients;explain financial technicalities to buyers;explain financial technicalities to clients;explain financial technicalities in plain words;explain financial technicalities to customers;clarify financial technicalities for clients,,,"Explain all details of financial products in plain words to clients, including financial terms and all costs."
http://data.europa.eu/esco/skill/0f9f8352-0488-4a1e-9171-2c5466c17f41,skill/competence,sector-specific,analyse unemployment rates,investigate unemployment rates;scrutinise unemployment rates;investigate jobless rates;analyze unemployment rates;scrutinise jobless rates;audit jobless rates;audit unemployment rates,,,Analyse data and perform research concerning unemployment in a region or nation in order to identify causes for unemployment and possible solutions.
http://data.europa.eu/esco/skill/0fba68dc-6f5d-4974-b3cf-5d3215f7d363,skill/competence,sector-specific,edit negatives,edit the negatives;alter negatives;retouch negatives;editing of negatives,,,Use different software products and techniques to process photographic negatives and adapt the images to the desired specifications.
http://data.europa.eu/esco/skill/0fbaceff-df05-4ef7-b735-188dc183b56b,skill/competence,occupation-specific,carry out job analysis,perform job analysis;carry out analysis of job;carrying out job analysis,,,"Research and perform studies on occupations, analyse and integrate data to identify the content of jobs, meaning the requirements to perform the activities, and deliver the information to business, industry or government officials."
http://data.europa.eu/esco/skill/0ff99f51-40d9-42f1-a1ec-377b2bb5e15f,skill/competence,cross-sector,comply with food safety and hygiene,comply with hygiene and food safety;follow food safety and hygiene practices;comply with safety and hygiene of food;maintain food safety practices in kitchen,,,"Respect optimal food safety and hygiene during preparation, manufacturing, processing, storage, distribution and delivery of food products."
http://data.europa.eu/esco/skill/0ffce932-cec4-4fec-87e6-df23fb6bdc12,skill/competence,sector-specific,find grants,analyse recycling grant opportunities;investigate recycling grant opportunities;research a recycling grant opportunity;seek grants;identify grants;research recycling grant opportunities;identify funding;probe recycling grant opportunities;obtain funding;secure grants;obtain grants;search recycling grant opportunities;secure funding;seek funding,,,Detect possible grants and grant opportunities for their organisation by consulting the foundation or agency offering the funding. Follow up and complete application processes.
http://data.europa.eu/esco/skill/0ffdb6ac-03b5-4f1c-bfcc-3d9cb874fdf9,knowledge,sector-specific,ethical hacking principles,ethical hacking techniques,,,The set of actions that are carried out to detect vulnerabilities within a computerised system in order to improve security within an organisation. They aim to identify and address data breaches and threats in a network.
http://data.europa.eu/esco/skill/0ffed47f-d320-48cf-988d-40449825085c,knowledge,cross-sector,counselling methods,counselling method;counseling methods;counseling techniques;methods of counselling;methods of counseling;counseling method;counselling techniques,,,"Counselling techniques used in different settings and with various groups and individuals, especially concerning methods of supervision and mediation in the counselling process."
http://data.europa.eu/esco/skill/10026df1-670d-4c75-b3d5-ee0037f9d59b,skill/competence,sector-specific,lead process optimisation,determine process optimisation;process optimisation lead;control process optimisation;manage process optimisation;govern process optimisation;lead process optimization,,,Lead process optimisation using statistical data. Design experiments on the production line and functional process control models.
http://data.europa.eu/esco/skill/1019423b-3368-4f83-b24f-19e5fa23e816,knowledge,sector-specific,software UI design patterns,software user interface design patterns;solutions for software user interface tasks;best practices for software user interface tasks;solutions for software UI tasks;software UI design best practices,,,The reusable solutions and formalised best practices to solve common user interface tasks in software development and design.
http://data.europa.eu/esco/skill/103f7814-d262-4df6-a1b6-759bc51f76cb,knowledge,cross-sector,sustainable technologies,alternative energy;clean energy;green technologies,,,"Technologies with the aim of reducing environmental and ecological risks, achieving at the same time, a positive economic, social, and environmental impact. They are innovative technologies designed to prevent, reduce and recover from the negative impact of humanity in the planet."
http://data.europa.eu/esco/skill/108320f7-c8a1-4386-aed9-91054ab05619,skill/competence,cross-sector,develop agricultural policies,operate agricultural policies;implement agricultural policies;produce farming policies;implement farming policies;operate farming policies;establish agricultural policies;produce agricultural policies;establish farming policies,,,"Develop programmes for development of new technologies and methodologies in agriculture, as well as the development and implementation of improved sustainability and environmental awareness in agriculture."
http://data.europa.eu/esco/skill/10c11836-683d-45db-872d-3ec8aee4d37c,skill/competence,sector-specific,manage psychotherapeutic relationships,maintain psychotherapeutic relationships;manage psychotherapy relationships;handle psychotherapeutic relationships;handle psychotherapy relationships;establish psychotherapeutic relationships;establish psychotherapy relationships;maintain psychotherapy relationships,,,"Establish, manage and maintain the therapeutic relationship between psychotherapist and patient and client in a safe, respectful and effective way. Establish a working alliance and self-awareness in the relationship. Make sure the patient is aware that his/her interests are a priority and manage out-of-session contact."
http://data.europa.eu/esco/skill/10cade4f-df4d-4408-8924-5994976fc798,skill/competence,sector-specific,operate a camera,use photographic or television equipment to capture moving images;use equipment to capture images;operating a camera;operate cameras,,,Capture moving images with a camera. Operate the camera skilfully and safely to obtain high quality material.
http://data.europa.eu/esco/skill/110833ee-c4f1-4856-9b7f-7e49ffda537f,skill/competence,sector-specific,apply psychological intervention strategies,use psychological intervention strategies;apply psychological intervention technique;apply psychological intervention strategy,,,Use various intervention strategies to treat patients in clinical psychology.
http://data.europa.eu/esco/skill/11430d93-c835-48ed-8e70-285fa69c9ae6,skill/competence,sector-specific,design cloud architecture,design multi-tier cloud architecture;create cloud architecture;engineer cloud architecture,,,"Design a multi-tier cloud architecture solution, which tolerates faults and is fit for the workload and other business needs. Identify elastic and scalable computing solutions, select high-performing and scalable storage solutions, and choose high-performing database solutions. Identify cost-effective storage, computing, and database services in the cloud."
http://data.europa.eu/esco/skill/114a5cda-0ef1-4065-a064-755260aaa77e,skill/competence,cross-sector,perform forensic examinations,complete forensic investigations;carry out forensic examinations;complete forensic examinations;undertake forensic investigations;carry out forensic investigations;undertake forensic examinations,,,"Perform forensic examinations on a scene or in a laboratory of gathered data, in a manner compliant with forensic procedures, and to analyse the data using forensic methods."
http://data.europa.eu/esco/skill/114c9698-c999-4369-8498-81bf641fe871,skill/competence,occupation-specific,establish an ICT security prevention plan,,,,"Define a comprehensive and proactive strategy for managing information and communication technology (ICT) security risks by establishing a set of measures and responsibilities to ensure the confidentiality, integrity and availability of information. Implement policies to prevent data breaches, detect and respond to unauthorised access to systems and resources, including up-to-date security applications and employee education."
http://data.europa.eu/esco/skill/117373c8-f04b-4fff-8683-aebe36edac81,knowledge,sector-specific,hardware platforms,hardware configuration characteristics;hardware configuration requirements,,,The characteristics of the hardware configuration required to process the applications software product.
http://data.europa.eu/esco/skill/11747665-0e98-4f27-bd0d-536862cd5746,skill/competence,cross-sector,identify suppliers,monitor suppliers on the market;identify the suppliers;search for suppliers;research for suppliers;identify a supplier,,,"Determine potential suppliers for further negotiation. Take into consideration aspects such as product quality, sustainability, local sourcing, seasonality and coverage of the area. Evaluate the likelihood of obtaining beneficial contracts and agreements with them."
http://data.europa.eu/esco/skill/118a9b27-1c5a-4214-b685-1a4d9e6365ea,knowledge,sector-specific,computer forensics,forensic IT;digital forensic investigation,,,The process of examining and recovering digital data from sources for legal evidence and crime investigation.
http://data.europa.eu/esco/skill/119acb15-fff5-4475-80fe-d7de24023909,knowledge,cross-sector,political parties,affiliations parties;political party;movements parties,,,The ideas and principles that political parties stand for and the politicians representing them.
http://data.europa.eu/esco/skill/11c56452-fcec-4b00-9695-cca4728e5048,knowledge,cross-sector,marketing analytics,marketing data analytics,,,The set of processes for employing data to improve the effectiveness of marketing activities. It involves analysing metrics such as the Return on Investment (ROI) for identify opportunities of improvement.
http://data.europa.eu/esco/skill/11cbcf7f-8dc3-4c9a-9ec1-37f51b5cbc19,knowledge,cross-sector,international trade,international commerce;foreign trade;global trade;world wide trade;international trading,,,"The economic practise and study field that address the exchange of goods and services across geographic borders. The general theories and schools of thought around the implications of international trade in terms of exports, imports, competitivity, GDP, and role of multinational companies."
http://data.europa.eu/esco/skill/11e7b341-ecd9-445c-b1fe-ba220b706b21,skill/competence,sector-specific,develop competition policies,evaluate competition policies;evaluate trade regulation policies;establish competition policies;prepare trade regulation policies;establish trade regulation policies;prepare competition policies;produce competition policies;produce trade regulation policies,,,"Develop policies and programmes which regulate practices of free trade and competition between businesses and ban practices which impede free trade, by controlling firms attempting to dominate a market, monitoring operations of cartels, and supervising mergers and acquisitions of large firms."
http://data.europa.eu/esco/skill/11eebd42-44ab-401d-8a2c-bdb9fc9beb50,knowledge,sector-specific,information security strategy,InfoSec strategy,,,"The plan defined by a company which sets the information security objectives and measures to mitigate risks, define control objectives, establish metrics and benchmarks while complying with legal, internal and contractual requirements."
http://data.europa.eu/esco/skill/11f536f5-b0e2-46a6-95c1-bd765946604c,skill/competence,cross-sector,guarantee students' safety,protect students' safety;guaranteeing students' safety;guarantee student's safety;safeguard students' safety;guarantee student safety;ensure students' safety,,,Ensure all students falling under an instructor or other person’s supervision are safe and accounted for. Follow safety precautions in the learning situation.
http://data.europa.eu/esco/skill/1212ac42-2564-4fce-80e1-6ce4ea4d9bf5,skill/competence,cross-sector,advise on personnel management,suggestions on personnel management;provide personnel management advice;give personnel management advice and support;recommend personnel management;provide personnel management support;instruct on personnel management,,,"Advise senior staff in an organisation on methods to improve relations with employees, on improved methods for hiring and training employees and increasing employee satisifaction."
http://data.europa.eu/esco/skill/123cf7c5-6a3b-419d-be4f-49a6cc020f9f,knowledge,cross-sector,interactive media,interactive multimedia,,,"The method of communication that takes place through digital medias and is based on customers interactions with them. The interactions take place with computerised elements (e.g., moving graphics, digital text and sound)."
http://data.europa.eu/esco/skill/1258cc12-37bb-4a12-b219-9c3d6b294533,skill/competence,cross-sector,work in an organised manner,show organizational abilities;work according to deadlines and priorities;work in an orderly manner;organise work according to deadlines;organize work;be organised;plan work according to deadlines;show organisational abilities;be organized;organize work according to deadlines;organise work,,,"Stay focused on the project at hand, at any time. Organise, manage time, plan, schedule and meet deadlines."
http://data.europa.eu/esco/skill/12b7d5a1-1ad4-45dc-b0fa-b31d1eb2c79a,skill/competence,occupation-specific,maintain pricing database,sustain pricing database;maintain pricing databases;preserve pricing database;maintaining a pricing database;control pricing database;manage pricing database;maintain a pricing database,,,Maintain internal and external database to ensure that all pricing data are permanently accurate and up-to-date.
http://data.europa.eu/esco/skill/12c7b323-d870-4f5b-9d7d-d9f525206d77,knowledge,cross-sector,production processes,production process;production measures;a production process;production handling;production analysis,,,Materials and techniques required in the production and distribution processes.
http://data.europa.eu/esco/skill/12d1d724-b832-4193-823f-c6ff0deedec1,knowledge,cross-sector,interpreting modes,interpreting systems;interpretation modes;interpreting processes;interpreting approaches;interpreting techniques;interpreting procedures,,,"The various ways of translating a language orally, such as simultaneous, consecutive, relay, whispered or liaison."
http://data.europa.eu/esco/skill/12d93356-78e7-4857-99a6-f00b4ae2ec77,skill/competence,cross-sector,analyse loans,decode handwritten text;review loans;evaluate loans;analyze loans;examine loans,,,"Examine and analyse the loans provided to organisations and individuals through different forms of credit such as overdraft protection, export packing credit, term loan, and purchase of commercial bills."
http://data.europa.eu/esco/skill/1368c06f-202d-4776-8153-93aed512cc64,skill/competence,cross-sector,perform contract reporting and evaluation,carry out contract reporting and evaluation;enhance contract reporting and evaluation;contract monitoring and evaluation,,,Perform ex-post assessment of the deliverables and outcomes of a procurement process to assess the strengths and weaknesses and draw lessons for future calls for tender. Collecting relevant data in line with organisational and national reporting obligations.
http://data.europa.eu/esco/skill/136e0cab-0b19-48f7-9086-745d615f416b,knowledge,cross-sector,customer segmentation,customers' segmentation;customer segmentation process;segmentation of customers;market fragmentation,,,The process whereby a target market is divided into specific sets of consumers for further market analysis.
http://data.europa.eu/esco/skill/13724e7d-b946-4773-915e-9621340237bc,skill/competence,sector-specific,contribute to continuity of health care,deliver continuous healthcare;contribute to continuity of healthcare;enhance continuity of health care;promote continuity of health care service delivery;enhance continuity of health care services;foster continuous healthcare;contribute to the continuity of health care,,,Contribute to the delivery of coordinated and continuous healthcare.
http://data.europa.eu/esco/skill/13bdd41a-2a18-441f-96db-41252c519413,knowledge,sector-specific,Visual Basic,VB.NET;.NET;Visual Studio .NET;Visual Studio;VB,,,"The techniques and principles of software development, such as analysis, algorithms, coding, testing and compiling of programming paradigms in Visual Basic."
http://data.europa.eu/esco/skill/13e2378e-0d10-450d-843a-b3592575826e,skill/competence,cross-sector,implement marketing strategies,administer marketing strategies;implementing marketing strategies;utilise marketing strategies;implement a marketing strategy;marketing strategies implementation;execute marketing strategies;introduce marketing strategies,,,"Implement strategies which aim to promote a specific product or service, using the developed marketing strategies."
http://data.europa.eu/esco/skill/14062e1c-6540-4cb6-b343-ad419e3d10ac,knowledge,sector-specific,blockchain components,blockchain;blockchain concepts,,,"The study of essential blockchain components and concepts such as peer networks, smart contracts, memberships, events, ledgers, system integration, wallets, and system management."
http://data.europa.eu/esco/skill/143769cb-b61e-47d8-a61e-eedfbec1016c,knowledge,cross-sector,business intelligence,business analytics;BI;business intelligence tools,,,The tools used to transform large amounts of raw data into relevant and helpful business information.
http://data.europa.eu/esco/skill/14464b13-19b5-4403-8c2c-09eb98e28f2f,skill/competence,cross-sector,inform on fiscal duties,apprise on taxation and related matters;fiscal duties notification;advise on taxation and related matters;brief on taxation and related matters;apprise on fiscal duties;advise on fiscal duties;brief on fiscal duties,,,"Inform organisations and individuals on their specific fiscal duties and the legislation and regulations involving fiscal processes, such as tax duties."
http://data.europa.eu/esco/skill/144aba2f-dddd-41bc-b519-0ea6d51bcd6b,skill/competence,cross-sector,promote social security programmes,boost welfare programmes;encourage social security programmes;advocate welfare programmes;endorse welfare programmes;promote social security programs;endorse social security programmes;boost social security programmes;encourage welfare programmes;advocate social security programmes,,,Promote government programmes dealing with the provision of aid to individuals in order to gain support for the development and implementation of social security programmes.
http://data.europa.eu/esco/skill/147170ba-0141-4337-89af-b4513d745afe,skill/competence,sector-specific,support development of annual budget,support annual budget production;support annual budget creation;assist the annual budgeting process;support annual budget development;assist the process of preparing the annual budget;support production of annual budget;provide assistance to the annual budgeting process;conduct annual report support activities;support creation of annual budget;perform annual budget support activities,,,Support the development of the annual budget by producing base data as defined by the operations budget process.
http://data.europa.eu/esco/skill/1493ddb4-9a46-4e00-b9c8-d8e1c64e8f34,knowledge,sector-specific,conditions for professional practice of clinical psychology,regulations for professional practice of clinical psychology;conditions for professional processes of clinical psychology;conditions for professional exercise of clinical psychology;conditions for professional methods of clinical psychology;requirements for professional practice of clinical psychology;conditions for professional usage of clinical psychology;condition for professional exercise of clinical psychology;terms for professional practice of clinical psychology,,,"The institutional, legal and psychosocial conditions for professional practice of clinical psychology with the aim to apply them in the exercise of the psychological profession in health care."
http://data.europa.eu/esco/skill/14d133af-6662-490e-9716-a4cc1e26676a,skill/competence,sector-specific,advocate a cause,aid a cause;present a cause;support a cause;help a cause,,,"Present the motives and objectives of a certain cause, such as a charity cause or political campaign, to individuals or larger audience in order to gather support for the cause."
http://data.europa.eu/esco/skill/14d1e367-3efe-4ec5-86ae-eca48710ee4e,skill/competence,sector-specific,implement ICT security policies,implementing computer network safety policies;implementing ICT safety policies;implement computer network safety policies;implement ICT safety policies;implement computer network security policies;apply on-line safety guidelines;ICT safety policies implementing;apply on-line security guidelines;on-line security guidelines applying;on-line safety guidelines applying,,,"Implement statements, assertions or rules that specify the appropriate use and protection of the ICT assets and systems from an organisation. These ICT security policies cover topics such as data classification, password management, access control and incident response."
http://data.europa.eu/esco/skill/14dc991f-1b21-413d-86a3-499e6676abb9,skill/competence,cross-sector,consult student's support system,confer with student's support system;consult student support system;discuss with student's support system;consulting student's support system;consulting student support system,,,"Communicate with multiple parties, including teachers and the family of the student, to discuss the student's behaviour or academic performance."
http://data.europa.eu/esco/skill/14ef75cd-ca1f-49c9-9478-ee611b7778fc,knowledge,cross-sector,psychological diagnostics,medical diagnosis in psychology;diagnostic systems applied in psychology;psychological diagnostics strategies,,,"The psychological diagnostics strategies, methods and techniques concerning health-related experiences and behaviours as well as mental disorders."
http://data.europa.eu/esco/skill/1553446e-ee05-435a-91a6-acfe7f848432,skill/competence,cross-sector,advise policy makers in healthcare,present research findings to policy makers in healthcare;give recommendations to policy makers in healthcare;make recommendations to healthcare policy makers;present recommendations to policy makers in healthcare;make recommendations to health care policy makers,,,"Present research to policy makers, health care providers, and educators to encourage improvements in public health."
http://data.europa.eu/esco/skill/1585fc98-bfe4-461f-97fc-734055a2c3ce,knowledge,sector-specific,characteristics of products,product characteristics;characteristic of a product;qualities of products;components of products;characteristics of a product;aspects of products;attributes of products,,,"The tangible characteristics of a product such as its materials, properties and functions, as well as its different applications, features, use and support requirements."
http://data.europa.eu/esco/skill/15a33d76-4640-438d-ae64-fdc0c1d3eebc,knowledge,sector-specific,customer service,customer satisfaction;customer care;customer well being;customer servicing;customer support;customer services,,,"Processes and principles related to the customer, client, service user and to personal services; these may include procedures to evaluate customer's or service user's satisfaction."
http://data.europa.eu/esco/skill/15d6d4e9-9b4b-4a93-aea5-a29a67b6d9e7,knowledge,cross-sector,insurance law,insurance legislation;regulations concerning insurance policies;insurance regulations;law concerning insurance policies,,,"The law and legislation concerning the policies of transferring risks or losses from one party, the insured, to another, the insurer, in exchange for a periodic payment. This includes the regulation of insurance claims and the business of insurance."
http://data.europa.eu/esco/skill/15d76317-c71a-4fa2-aadc-2ecc34e627b7,knowledge,cross-sector,communication,communicating;correspondence;interaction;conversation,,,"The exchange and conveying of information, ideas, concepts, thoughts, and feelings through the use of a shared system of words, signs, and semiotic rules via a medium."
http://data.europa.eu/esco/skill/1605025e-a179-421f-8f35-5b07d182a6b2,knowledge,cross-sector,web analytics,,Google Analytics,,"The characteristics, tools and techniques for measurement, collection, analysis and reporting of web data to get information on the users' behaviour and to improve the performance of a website."
http://data.europa.eu/esco/skill/161a6c5a-593a-4977-b7b7-49c6a2a2f2a3,skill/competence,cross-sector,advise on tax planning,advise on tax plans;advising on tax planning;give recommendations on tax planning;counsel on tax planning;offer suggestions on tax planning,,,"Advise on appropriate strategies to include taxes in the overall financial plan in order to reduce the tax load. Advise on questions related to tax legislation and provide advise on the possible implications that decisions in financial matters can cause in a tax declaration. Advise on questions concerning things such as the creation of a company, investments, recruitments, or company successions."
http://data.europa.eu/esco/skill/1638fad2-6858-477d-8ee9-2aa463870602,skill/competence,cross-sector,manage securities,manage security;managing securities;oversee securities;maintain securities;handle securities,,,"Administer the securities owned by the company or organisation, namely debt securities, equity securities and derivatives aiming to get the highest benefit from them."
http://data.europa.eu/esco/skill/163f98f3-a8a7-4008-be49-87f4c7d27738,skill/competence,sector-specific,advise on medical products,suggest customers on usage of medical products;advise a customer on usage of medical products;commend customers on usage of medical products;recommend customers on usage of medical products;advise customers on usage of medical products;instruct customers on usage of medical products;advise customers on usage of a medical product;advise a customer on usage of a medical product;help customers on usage of medical products,,This includes advising customers on the use of self-medicine.,Provide advice to customers on what medical products can be used for various medical conditions.
http://data.europa.eu/esco/skill/16594fea-3004-4730-838f-e35a432b49da,skill/competence,cross-sector,perform stock valuation,perform stock valuations;performing stock valuation;perform valuation of stock;calculate stock valuation;conduct stock valuation,,,"Analyse, calculate and appraise the value of the stock of a company. Use mathematic and logarithm in order to determine the value in consideration of different variables."
http://data.europa.eu/esco/skill/16636767-c215-4cf0-b126-e144fea20926,skill/competence,sector-specific,use e-health and mobile health technologies,use mobile and e-health;use mobile health applications;use mobile health technologies;use electronic health applications and technologies;promote e-health and mobile health,,,Use mobile health technologies and e-health (online applications and services) in order to enhance the provided healthcare.
http://data.europa.eu/esco/skill/16a00c69-9c74-4c37-96d7-6301d285e5ce,skill/competence,cross-sector,use e-services,use online payment solutions;make use of e-services;use electronic services;engage in citizenship through digital technologies;able to use e-services;apply e-services;utilise e-services,,"Includes e-commerce, e-governance, e-banking, e-health services and online payment activities.",Participate in society through the use of public and private digital services. Seek opportunities for self-empowerment and for participatory citizenship through appropriate digital technologies.
http://data.europa.eu/esco/skill/16ac1a06-ce37-405d-8c9f-d8b218039917,skill/competence,cross-sector,support victims of human rights violations,back victims of human rights violations;help victims of human rights abuses;aid victims of human rights violations;advocate victims of human rights violations;back victims of human rights abuses;aid victims of human rights abuses;help victims of human rights violations;advocate victims of human rights abuses,,,"Support individuals or groups who have been a target of abuse, discrimination, violence or other acts which violate human rights agreements and regulations in order to protect them and provide them with necessary aid."
http://data.europa.eu/esco/skill/16e462b2-b8dd-4842-8c31-71d0fb4be474,knowledge,sector-specific,digital journalism,online journalism,,,The process through which the editorial content is produced through digital media and distributed through the Internet.
http://data.europa.eu/esco/skill/16e995d4-4938-4424-b1e6-1e1d54f4dbc8,skill/competence,occupation-specific,assign codes to product items,allocate codes to product items;assigning codes to product items;assign a code to product items;assign a code to a product item;designate codes to product items;agree codes for product items;nominate codes to product items,,,Assign correct product class codes and cost accounting codes to items.
http://data.europa.eu/esco/skill/1709f408-9965-489b-9805-8e1e5d9e483b,knowledge,cross-sector,health care legislation,healthcare legislation;medical law;healthcare laws and regulations;patient's rights and practitioners' responsibilities,,,The patients` rights and responsibilities of health practitioners and the possible repercussions and prosecutions in relation to medical treatment negligence or malpractice.
http://data.europa.eu/esco/skill/171bfbed-3e72-4d27-b37e-4b4024221085,skill/competence,sector-specific,provide youth information counselling,offer guidance for youth rights;provide youth rights information counselling;offer youth guidance;provide information counselling to young people;provide youth informational support,,,"Make sure young people are aware of their rights and the services to which they may apply in case of need. This includes providing support in selecting and evaluating the quality of available information, guiding young people in reaching their own decisions and offering customised information on relevant opportunities and services."
http://data.europa.eu/esco/skill/171eee55-19b9-46d6-aded-33193ba8ccf1,skill/competence,cross-sector,study sales levels of products,analyse sales levels of products;study sales levels of product;study product sales levels;studying sales levels of products;inspect sales levels of products;study sales level of products,,,"Collect and analyse sales levels of products and services in order to use this information for determining the quantities to be produced in the following batches, customer feedback, price trends, and the efficiency of sales methods."
http://data.europa.eu/esco/skill/172020d1-e151-445b-8173-e2a5fb16fe51,skill/competence,sector-specific,utilise computer-aided software engineering tools,utilise CASE tools for software design;utilize CASE tools for software design;utilize computer-aided software engineering tools;utilise CASE tools;use CASE tools,,,"Use software tools (CASE) to support the development lifecycle, design and implementation of software and applications of high-quality that can be easily maintained."
http://data.europa.eu/esco/skill/1774bd31-8893-44cf-9498-7e3d95508419,knowledge,cross-sector,screen reader,assistive technology for reading;text-to-speech software,JAWS,,"Software program which converts screen elements such as text, images, or buttons, displayed in the computer into Braille or speech. Assistive technology used by visually impaired or blind people to interpret what appears on the computer screen through braille output, audio icons or speech synthesisers."
http://data.europa.eu/esco/skill/17c9a790-5664-4673-8237-c4cf3c5a8da5,skill/competence,cross-sector,conduct impact evaluation of ICT processes on business,evaluate ICT process impact;carry out ICT process impact evaluation,,,Evaluate the tangible consequences of the implementation of new ICT systems and functions on the current business structure and organisational procedures.
http://data.europa.eu/esco/skill/183134a2-3f8e-4a38-9e81-35c2bec0272b,skill/competence,sector-specific,set up pricing strategies,set up a pricing strategy;construct pricing strategies;arrange pricing strategies;assemble pricing strategies;erect pricing strategies;setting up pricing strategies;setting up a pricing strategy,,,"Apply methods used for setting product value taking into consideration market conditions, competitor actions, input costs, and others."
http://data.europa.eu/esco/skill/183eb46f-24f6-4e15-8017-93f10039c0a6,skill/competence,sector-specific,maintain vehicle records,maintaining a vehicles record;control vehicle records;preserve vehicle records;sustain vehicle records;maintain a vehicle record;maintaining vehicle records;manage vehicle records,,,Maintain vehicle records by accurately recording service operations and repairs.
http://data.europa.eu/esco/skill/18591ccc-3c25-43eb-871a-b0fefeee3b93,knowledge,sector-specific,forensic psychiatry,forensic psychiatry methods;applied psychiatry methods in forensic setting,,,"The psychiatry methods applied, the organsation and duties in both criminal and civil frameworks of justice."
http://data.europa.eu/esco/skill/1859883d-c047-4fe1-8e74-7bb4385d6ad2,skill/competence,sector-specific,apply 3D imaging techniques,create 3D vector graphics;apply curve modelling;apply digital scuplting;edit point clouds;implement 3D imaging techniques,,,"Implement a variety of techniques such as digital sculpting, curve modelling and 3D scanning to create, edit, preserve and use 3D images, such as point clouds, 3D vector graphic and 3D surface shapes."
http://data.europa.eu/esco/skill/1883a1f5-f190-4ef3-8521-36d8cc6dbb47,skill/competence,cross-sector,inspect tax returns,scrutinise fiscal returns;investigate tax returns;check tax returns;check fiscal returns;investigate fiscal returns;audit fiscal returns;scrutinise tax returns;audit tax returns,,,Inspect the documents which declare liability for taxation which is not automatically withheld from wages and salaries to ensure correct taxes are being paid by the liable individuals and organisations.
http://data.europa.eu/esco/skill/194c05ed-253c-485a-8bf0-0c8de1aaafda,skill/competence,cross-sector,follow work schedule,implement work schedule;respect work schedule;obey work schedule;follow work schedules;following work schedule,,,Manage the sequence of activities in order to deliver completed work on agreed deadlines by following a work schedule.
http://data.europa.eu/esco/skill/1951e126-6c66-46cf-9345-d4941c85bc2a,skill/competence,cross-sector,inspect government expenditures,scrutinise government expenditures;scrutinise government spending;check government expenditures;audit government spending;audit government expenditures;investigate government expenditures;investigate government spending,,,"Inspect the financial procedures of a government organisation which deals with budget and resource allocation and spending to ensure that no faults are being made and no suspicious activity occurs in the handling of financial accounts, and that the expenditures are compliant with financial needs and forecasts."
http://data.europa.eu/esco/skill/196e6fb8-cc19-4045-92d8-02d52c60e328,skill/competence,sector-specific,supervise court hearings,monitor judicial hearings;superintend judicial hearings;manage judicial hearings;oversee court hearings;monitor court hearings;oversee judicial hearings;manage court hearings;superintend,,,"Supervise the procedures during a court hearing to ensure they are compliant with regulations, occur in an orderly and honest manner, and to ensure that no moral or ethical boundaries are crossed during questioning or the presentation of legal arguments."
http://data.europa.eu/esco/skill/1973c966-f236-40c9-b2d4-5d71a89019be,skill/competence,cross-sector,use spreadsheets software,Google Sheets;PlanMaker;Gnumeric;OxygenOffice Professional Calc;ResolverOne;ThinkFree Office Calc;CellPro;Simple Spreadsheet;Corel Calculate;MS Excel;wikiCalc;Calligra Sheets;QT Calc Express;Lotus 1-2-3;Quantrix Modeler;Dolphinity Planner;Kingsoft Spreadsheet;Sheetster;Accel Spreadsheet;LibreOffice Calc;Microsoft Office Excel;use spreadsheets program;IBM Lotus Symphony Spreadsheets;Household Budget Worksheet;design spreadsheets;Myrtle;Ability Office Spreadsheet;DhtmlxSpreadsheet;OOo4Kids Calc;Lotus Improv;Sphygmic Software Spreadsheet;Zoho Sheet,Gnumeric;ThinkFree Office Calc;Corel Calculate;Lotus 1-2-3;Kingsoft Spreadsheet;ResolverOne;Sheetster;Dolphinity Planner;OOo4Kids Calc;Zoho Sheet;Household Budget Worksheet;Microsoft Office Excel;Myrtle;Google Sheets;PlanMaker;Lotus Improv;LibreOffice Calc;IBM Lotus Symphony Spreadsheets;Calligra Sheets;Accel Spreadsheet;Sphygmic Software Spreadsheet;DhtmlxSpreadsheet;QT Calc Express;Quantrix Modeler;Ability Office Spreadsheet;OxygenOffice Professional Calc;wikiCalc;Simple Spreadsheet;CellPro,,"Use software tools to create and edit tabular data to carry out mathematical calculations, organise data and information, create diagrams based on data and to retrieve them."
http://data.europa.eu/esco/skill/1979dafb-85ce-45da-acfe-d55353930755,skill/competence,cross-sector,implement policy in healthcare practices,establish policies within the practice;implement policies in healthcare practices;introduce policy in healthcare practice;implement policy in health care practices;establish policies within healthcare practice,,,"Establish how policies should be interpreted and translated within the practice, implementing local and national policies, as well as those of your own practice and proposing developments and improvements to service delivery."
http://data.europa.eu/esco/skill/19a8293b-8e95-4de3-983f-77484079c389,knowledge,sector-specific,Java (computer programming),Java 2;Java 2 enterprise edition;Java,,,"The techniques and principles of software development, such as analysis, algorithms, coding, testing and compiling of programming paradigms in Java."
http://data.europa.eu/esco/skill/19bf4fdc-c0aa-40c5-b531-35ed408067a8,skill/competence,cross-sector,conduct psychological research,do a psychological research;conduct psychological researches;undertake psychological research;carry out psychological research;carry out psychological researches,,,"Plan, supervise and undertake psychological research, writing papers to describe the research results."
http://data.europa.eu/esco/skill/19c0e68e-6e6c-4698-85dc-ef66a9de2c37,skill/competence,cross-sector,maintain information network hardware,maintaining information network hardware;maintain network hardware;keep information network hardware in good condition;oversee information network hardware;keep up information network hardware,,,"Assess the functionality and identify faults in the infrastructure of an information network, perform routine maintenance tasks which prevent failure and repair tasks in order to ensure permanent availability to system users."
http://data.europa.eu/esco/skill/19c1237d-8760-4820-b245-9648ba7abf62,skill/competence,sector-specific,apply clinical psychological treatment,utilize clinical psychological therapy;use clinical psychological analysis;use clinical psychological treatment;implement clinical psychological therapy;implement clinical psychological medication;apply clinical psychological therapy;apply clinical psychological medication;apply clinical psychological analyses;utilize clinical psychological treatment;implement clinical psychological treatment;use clinical psychological therapy,,,Apply clinical psychological treatment for people of all ages and groups based on clinical psychological assessment.
http://data.europa.eu/esco/skill/1a4cc54f-1e53-442b-a6d2-1682dc8ef8f9,skill/competence,cross-sector,creatively use digital technologies,use digital technologies for cognitive tasks;use digital technologies for process innovation;use digital technologies for product innovation;use digital technologies to resolve conceptual problems;use digital technologies for problem-solving in digital environments,,,Use digital tools and technologies to create knowledge and to innovate processes and products. Engage individually and collectively in cognitive processing to understand and resolve conceptual problems and problem situations in digital environments.
http://data.europa.eu/esco/skill/1a4fdd0e-2cbe-4b77-aa6e-e46efc181b76,skill/competence,cross-sector,represent the organisation,represent the company;serve the organisation;act for the company;represent the institution;represent the organization;serve the company;speak for the organisation;act for the organisation;speak for the company,,,"Act as representative of the institution, company or organisation to the outside world."
http://data.europa.eu/esco/skill/1a539b09-1fd9-4a86-9c5d-fde7499a2f9d,knowledge,cross-sector,election law,election legislation;election rules;ballot legislation;ballot rules;balloting laws;balloting statutes;election statutes,,,"The regulations concerning the procedures during elections, such as voting regulations, campaign regulations, which procedures candidates must follow, how votes are counted, and other electoral procedures."
http://data.europa.eu/esco/skill/1a59af95-f36a-4d99-a5ca-6a7a46e2ecb0,knowledge,cross-sector,body language,non-verbal language;non-verbal signals;bodily language,,,"Notice and interpret the non-verbal signals that people send out with their body, including yourself."
http://data.europa.eu/esco/skill/1a6c7e0d-fc13-41d7-a5c0-8ca00606de89,skill/competence,sector-specific,promote sustainable energy,encourage sustainable energy use;encouraging sustainable energy use;encouraging use of sustainable energy;sustainable energy use encouraging;sustainable energy promoting;promoting sustainable energy,,,"Promote the use of renewable electricity and heat generation sources to organisations and individuals, in order to work towards a sustainable future and encourage sales of renewable energy equipment, such as solar power equipment."
http://data.europa.eu/esco/skill/1a9d7afe-9480-4ce7-b500-2c16d3984c15,skill/competence,occupation-specific,carry out naming strategies,make naming strategies;oversee naming strategies;carrying out naming strategies;carrying out a naming strategy;complete naming strategies;undertake naming strategies;carry out a naming strategy,,,Come up with names for new and existing products; adaptations to the given factors of a language and particularly to the culture are necessary in order to achieve the desired effect.
http://data.europa.eu/esco/skill/1ad71686-dadc-4ff5-8007-9af8fefd882e,skill/competence,sector-specific,promote free trade,boost tariff less trading;advocate free trade;advocate tariff less trading;encourage free trade;stimulate free trade;encourage tariff less trading;stimulate tariff less trading;boost free trade,,,"Develop strategies for the promotion of free trade, open competition between businesses for the development of economic growth, in order to gain support for free trade and competition regulation policies."
http://data.europa.eu/esco/skill/1ad823ab-5eb5-4377-a24a-d3deca1f7bfd,skill/competence,sector-specific,maintain relations with local representatives,retain relations with local representatives;keep relations with local representatives;preserve relations with local spokespersons;sustain relations with local spokespersons;sustain relations with local representatives;keep relations with local spokespersons;retain relations with local spokespersons;preserve relations with local representatives,,,"Maintain good relations with representatives of the local scientific, economic and civil society."
http://data.europa.eu/esco/skill/1ae16f1c-a959-4164-8f8c-e8c1aaecf7d5,skill/competence,sector-specific,provide health psychological advice,give health-psychological consultation;present health psychological expert opinion;provide advices in health psychology;give health psychological expert opinions;give health psychological expert opinion;provide health psychological expert opinions;provide health psychological reports;provide health psychological consultation,,,"Provide health psychological expert opinions, reports and advice in regard to health related risk behaviour and its causes."
http://data.europa.eu/esco/skill/1af2db15-2af9-44dd-9639-bf1fc69d4c34,skill/competence,cross-sector,manage relationships with stakeholders,establish relationships with stakeholders;maintain relationships with stakeholders;manage relationships with external stakeholders;enhance stakeholder relationships;manage relationships with internal stakeholders,,,Create and maintain solid internal and external relations with stakeholders at operational level based on mutual trust and credibility in order to achieve organisational goals. Ensure organisational strategies incorporate strong stakeholder management and identify and prioritise strategic stakeholder relationships.
http://data.europa.eu/esco/skill/1b1cf435-46ba-4471-afda-5029b36b3862,knowledge,cross-sector,government representation,state governance engagement;government participation;participation in government;government approval;government engagement;state governance participation;state governance approval;participation in state governance,,,"The legal and public representation methods and procedures of the government during trial cases or for communication purposes, and the specific aspects of the governmental bodies being represented in order to ensure accurate representation."
http://data.europa.eu/esco/skill/1b6a5461-942e-43a0-a521-c6ef1e3ef66d,skill/competence,occupation-specific,evaluate practice in psychotherapy,evaluate psychotherapeutic practice;evaluate practices in psychotherapy;assess practice in psychotherapy;evaluate psychotherapy practice;assess psychotherapeutic practice,,,Analyse existing psychotherapy models and their applicability to individual clients.
http://data.europa.eu/esco/skill/1b70a55d-b8a4-49fc-96c6-15ab4cff2522,skill/competence,cross-sector,use data processing techniques,use a data processing technique;apply data processing technique;make use of data processing techniques;utilize data processing techniques;gather and analyse data,,,"Gather, process and analyse relevant data and information, properly store and update data and represent figures and data using charts and statistical diagrams."
http://data.europa.eu/esco/skill/1b7d5366-516a-4e3a-8ff0-e3f7973c00a7,skill/competence,cross-sector,monitor regulations in social services,observe regulations in social services;monitor regulations in social service;monitor a regulation in social services;monitor policies in social services;monitor policies affecting social work;monitor changes in regulations in social work and services;analyse regulations and policies in social services;analyze regulations and policies in social services,,,"Monitor and analyse regulations, policies and changes in these regulations in order to assess how they impact social work and services."
http://data.europa.eu/esco/skill/1b8872bd-d869-4b08-b9b2-296d2b1c644c,skill/competence,cross-sector,monitor student's behaviour,monitor student's behavior;track student's behaviour;follow student's behaviour;monitoring student's behaviour;observe student's behaviour;monitors student's behaviour,,,Supervise the student's social behaviour to discover anything unusual. Help solve any issues if necessary.
http://data.europa.eu/esco/skill/1b957e3d-0017-42b0-9bfe-49a1cdd31de7,skill/competence,sector-specific,teach writing,train in writing;teaching writing;instruct writing,,,Teach basic or advanced writing principles to varying age groups in a fixed eduction organisation setting or by running private writing workshops.
http://data.europa.eu/esco/skill/1ba59ce0-7fec-434b-8d5c-9b275250a26c,skill/competence,cross-sector,prepare presentation material,create presentation material;make presentation material ready;set up presentation material;prepare material for presentation;prepare presentation materials;preparing presentation material,,,"Prepare the documents, slide shows, posters and any other media needed for specific audiences."
http://data.europa.eu/esco/skill/1bb3a4b7-c0e4-434a-850d-0d2874a9c251,skill/competence,cross-sector,exercise patience,keep calm;be tolerant;exercising patience;remain composed,,,Have patience by dealing with unexpected delays or other waiting periods without becoming annoyed or anxious.
http://data.europa.eu/esco/skill/1bba98a7-92b9-450b-9235-e0c905f8f3c4,knowledge,sector-specific,information architecture,data architecture;information system design,,,"The methods through which information is generated, structured, stored, maintained, linked, exchanged and used."
http://data.europa.eu/esco/skill/1bfd3bf6-a289-4c30-b0b0-16aae3434c39,knowledge,sector-specific,creation of clinical psychological opinions,creation of clinical psychological opinion;creation of opinions in clinical psychology;formation of opinions in clinical psychology;development of opinions in clinical psychology,,,The development of opinions based on specialised literature and evidence-based documentation in the field of clinical psychology.
http://data.europa.eu/esco/skill/1c08d63d-1c5e-4b9b-ad3e-f7ba7debb2d1,skill/competence,cross-sector,forecast organisational risks,forecasting organisational risks;foresee organisational risks;forecast organizational risks;forecast organisational risk;predict organisational risks,,,"Analyse the operations and actions of a company in order to assess their repercussions, possible risks for the company, and to develop suitable strategies to address these."
http://data.europa.eu/esco/skill/1c2978b8-bb0d-4249-9c23-877571a4dffa,knowledge,sector-specific,cloud security and compliance,cloud safety and compliance;cloud safety;cloud security;cloud compliance,,,"Cloud security and compliance concepts, including shared responsibility model, cloud access management capabilities, and resources for security support."
http://data.europa.eu/esco/skill/1c460d2d-90c6-4fc9-ad49-febb6e15605a,knowledge,cross-sector,pricing strategies,pricing strategy;price strategies;pricing plans;pricing tactics,,,"The techniques, theories, and commonly accepted strategies regarding pricing of goods. The relation between pricing strategies and outcomes in the market such as profitability maximisation, deterrence of newcomers, or increase of market share."
http://data.europa.eu/esco/skill/1c7ac9a3-5385-4443-bd7f-64f86451c0c1,skill/competence,sector-specific,use pedagogic strategies for creativity,facilitate creative engagement by employing pedagogic strategies;employ pedagogic strategies to facilitate creative engagement;employ pedagogic strategies to create engagement;use pedagogic strategies to facilitate creative processes;use pedagogic tools to encourage the creative process,,,Communicate to others on devising and facilitating creative processes through the use of a range of tasks and activities appropriate to the target group.
http://data.europa.eu/esco/skill/1c977f2b-7fca-4e4f-ae5f-f4d69b474a4f,skill/competence,sector-specific,manage a social work unit,conduct a social work unit;manage a social worker team;guide a social work unit;lead a social work unit;lead a social work entity;lead a social worker team;lead a social workers team;lead a social work group,,,Lead the social workers team and be responsible for the quality and effectiveness of social services provided within a social work unit.
http://data.europa.eu/esco/skill/1ccf5bda-d904-4d00-9c71-9b8f0196e9f9,skill/competence,sector-specific,grant concessions,allow concessions;enable concessionary policies;agree concessions;enable concessions;allow concessionary policies;agree concessionary policies;develop concessionary policies;issue concessions,,,"Grant rights, land or property from governments to private entities, in compliance with regulations, and ensuring the necessary documentation is filed and processed."
http://data.europa.eu/esco/skill/1cebfd4f-2ab3-480a-a3c8-8065a303717d,skill/competence,cross-sector,address public health issues,promote healthy practices;point out public health issues;communicate public health issues;promote public health;address issues of public health,,,Promote healthy practices and behaviours to ensure that populations stay healthy.
http://data.europa.eu/esco/skill/1cf20c3c-027e-45f4-bad1-c91b98726d28,skill/competence,sector-specific,provide information on geothermal heat pumps,geothermal heat pump information giving;geothermal heat pumps information giving;geothermal heat pumps information providing;give information on geothermal heat pumps;providing information on geothermal heat pumps;giving information on geothermal heat pumps;geothermal heat pump information providing,,,"Provide organisations and individuals searching for alternative methods to provide buildings with energy on the cost, benefits, and negative aspects of the installation and use of geothermal heat pumps for utility services, and what one must take into account when considering the purchase and installation of geothermal heat pumps."
http://data.europa.eu/esco/skill/1d0c2220-6855-4689-aeea-16c9c615b284,skill/competence,sector-specific,consult with motion picture producer,review with producer;consulting with producer;consult with producer;discuss with producer;consult with producers;confer with producer,,,"Consult with a motion picture producer about requirements, deadlines, budget, and other specifications."
http://data.europa.eu/esco/skill/1d38a162-61a0-42e8-83ca-47ce3e881032,skill/competence,cross-sector,develop a coaching style,determine coaching style;develop a style for coaching;create a coaching style;develop a style to coach,,,"Develop a style for coaching individuals or groups that ensures all participants are at ease, and are able to acquire the necessary skills and competences provided in the coaching in a positive and productive manner."
http://data.europa.eu/esco/skill/1d7234e4-1c76-4d67-9487-71d8c529cdc9,skill/competence,cross-sector,compile legal documents,organise legal documents;produce legal documents;collate judicial documentation;collate legal documents;organise judicial documentation;produce judicial documentation;assemble judicial documentation;assemble legal documents,,,"Compile and collect legal documents from a specific case in order to aid an investigation or for a court hearing, in a manner compliant with legal regulations and ensuring records are properly maintained."
http://data.europa.eu/esco/skill/1d86f05e-e9cc-40ce-99d8-2b21cc71b16b,knowledge,sector-specific,solution deployment,implementation of solutions;software solution deployment,,,"The technologies and standards to be used during the installation, deployment and maintenance of software characteristics."
http://data.europa.eu/esco/skill/1dae8445-12e5-423a-bb26-824010e299b9,skill/competence,cross-sector,ensure compliance with legal requirements,ensure compliance with legislative regulations,,,"Guarantee compliance with established and applicable standards and legal requirements such as specifications, policies, standards or law for the goal that organisations aspire to achieve in their efforts."
http://data.europa.eu/esco/skill/1dd23dba-dd00-45ab-abf4-642902538317,skill/competence,cross-sector,perform risk analysis,perform a risk analysis;risk analysis performance;implement risk analysis;finish risk analysis;performing a risk analysis;complete risk analysis;undertake risk analysis,,,Identify and assess factors that may jeopardise the success of a project or threaten the organisation's functioning. Implement procedures to avoid or minimise their impact.
http://data.europa.eu/esco/skill/1e26cb93-6fec-473e-8153-ca06ad05ec57,skill/competence,occupation-specific,condense information,condensing information;abbreviate information;summarize information;abridge information,,,Summarise the original information without losing the original message and find economic ways of communicating the same.
http://data.europa.eu/esco/skill/1e6933f3-489e-4d82-97b4-1ffd62931e74,skill/competence,cross-sector,develop investigation strategy,establish intelligence strategy;commence investigation strategy;commence intelligence strategy;expand investigation strategy;expand intelligence strategy;establish investigation strategy,,,"Develop strategies used in an investigation to gather information and intelligence in the most productive way, compliant with legislation, ensuring that the strategy is adapted to each individual case in order to obtain intelligence as efficiently and quickly as possible."
http://data.europa.eu/esco/skill/1e77e42a-181f-4b48-8e74-201ce50ffc29,skill/competence,cross-sector,interpret current data,examine current data,,,"Analyse data gathered from sources such as market data, scientific papers, customer requirements and questionnaires which are current and up-to-date in order to assess development and innovation in areas of expertise."
http://data.europa.eu/esco/skill/1e7ed56a-6d6b-422f-962e-38543d150755,skill/competence,sector-specific,manage changes in ICT system,ICT system upgrade,,,"Plan, realise and monitor system changes and upgrades. Maintain earlier system versions. Revert, if necessary, to a safe older system version."
http://data.europa.eu/esco/skill/1e929fc8-bf0c-4222-925c-f31e1dfc74ad,skill/competence,occupation-specific,create a shooting script,create shooting scripts;write a shooting script;draft a shooting script;make a shooting script;creating a shooting script;establish a shooting script,,,"Create a script including camera, lighting and shot instructions."
http://data.europa.eu/esco/skill/1edc9d4c-66b5-4268-9b7c-917d3e4b4dc7,knowledge,occupation-specific,expert services in clinical psychology,expert services in clinical psychology field;clinical psychology expert services;high quality services provided in clinical psychology;expert service in clinical psychology,,,Body of services provided in the clinical psychology field such as psychotherapy or cognitive behavioral therapy.
http://data.europa.eu/esco/skill/1f0fbd17-56b7-45cd-b841-e7d9e2a5a14e,skill/competence,sector-specific,identify blockchain innovation opportunities,use blockchain to drive innovation;analyse blockchain-based business innovation,,,"Identify blockchain innovation opportunities through the introduction of blockchain-based solutions, within a particular sector, but also across sectors. Understand the consequences of essential blockchain properties such as transparency and security for driving forward innovations."
http://data.europa.eu/esco/skill/1f1d2ff8-c4c1-45cc-9812-6a7ee84a73cb,skill/competence,cross-sector,lead a team,leading a team;direct a team;lead teams;supervise a group of people,,,"Lead, supervise and motivate a group of people, in order to meet the expected results within a given timeline and with the foreseen resources in mind."
http://data.europa.eu/esco/skill/1ff53c92-370d-414b-b758-b0a1b8026853,knowledge,cross-sector,check methods,checking methods;check method;investigation techniques;investigation approaches,,,"Procedures used for investigative purposes such as surveillance by physical and electronic means, interrogations of witnesses, collection of objects and data for assessment and analysis and physical and electronic research for collecting data."
http://data.europa.eu/esco/skill/2058f70f-af29-460d-b319-9048c6db0d18,skill/competence,sector-specific,show impartiality,show neutrality;demonstrate impartiality;preserve neutrality;maintain neutrality;demonstrate neutrality;preserve impartiality;maintain impartiality,,,"Perform duties for disputing parties or clients based on objective criteria and methods, disregarding prejudice or bias, to make or facilitate objective decisions and outcomes."
http://data.europa.eu/esco/skill/209a5498-3449-4689-8ed9-bd08cab4fd78,knowledge,cross-sector,engineering principles,engineering fieldwork principles;engineering work principles;engineering research principles;engineering principle;engineering analysis principles;engineering application principles;engineering studies principles,,,"The engineering elements like functionality, replicability, and costs in relation to the design and how they are applied in the completion of engineering projects."
http://data.europa.eu/esco/skill/20a8fe89-d4eb-4698-8521-8881c13377e0,skill/competence,cross-sector,interact professionally in research and professional environments,give feedback in a professional setting;interact appropriately in research and professional spheres;receive feedback in a professional setting;interact considerately in research and professional spheres;show collegiality in research and professional environments,,,"Show consideration to others as well as collegiality. Listen, give and receive feedback and respond perceptively to others, also involving staff supervision and leadership in a professional setting."
http://data.europa.eu/esco/skill/20c920d4-7ff7-4676-ba61-3f04490d9416,skill/competence,sector-specific,keep up with the latest information systems solutions,keep up with the latest information systems,,,"Gather the latest information on existing information systems solutions which integrate software and hardware, as well as network components."
http://data.europa.eu/esco/skill/20e7c937-a5e5-4a27-bb87-ddda5826f777,skill/competence,sector-specific,liaise with cultural partners,cooperate with cultural partners;work together with cultural partners;liaise with cultural partner;collaborate with cultural partners;liaising with cultural partners,,,"Establish and maintain sustainable partnerships with cultural authorities, sponsors and other cultural institutions."
http://data.europa.eu/esco/skill/20f57a7f-b90e-4403-8c77-5ddd89b5835b,skill/competence,cross-sector,prepare lesson content,organise lesson content;preparing lesson content;preparing lesson contents;prepare lesson contents;plan lesson content;create lesson content,,,"Prepare content to be taught in class in accordance with curriculum objectives by drafting exercises, researching up-to-date examples etc."
http://data.europa.eu/esco/skill/21039101-4706-4fe0-a423-e63077cf36d9,skill/competence,sector-specific,maintain court order,keep court order;preserve courtroom order;control court order;manage court order;control courtroom order;manage courtroom order;keep courtroom order;preserve court order,,,Ensure that order is kept between the parties during a hearing in court.
http://data.europa.eu/esco/skill/2111dff8-f830-46ad-80ce-7885893b3134,skill/competence,cross-sector,coordinate events,organise projects;coordinating events;coordinate an event;plan events,,,"Lead events by managing budget, logistics, event support, security, emergency plans and follow up."
http://data.europa.eu/esco/skill/2136f9d2-ebb5-4c1f-aa2d-cee24417c5c7,skill/competence,sector-specific,promote equal pay,advocate pay parity;encourage pay parity;advocate equal pay;promote pay parity;endorse equal pay;encourage equal pay;endorse pay parity,,,"Promote actions which aim to close the pay gap between the different genders by researching the current circumstances which facilitate the continuance of the pay gap and the fields in which pay gaps persist, as well as promote the inclusion of different genders in professions or fields which are dominated by one gender."
http://data.europa.eu/esco/skill/2164e860-7f20-48bc-b98c-5d9f8a561550,skill/competence,sector-specific,design computer network,design LAN;design wide area network;design WAN;design local area network,,,"Develop and plan ICT networks, such as wide area network and local area network, that connect computers using cable or wireless connections and allow them to exchange data and assess their capacity requirements."
http://data.europa.eu/esco/skill/2180bd8c-86de-4889-8165-adac902eee9d,knowledge,sector-specific,embedded systems,embedded systems software architectures;embedded software,,,"The computer systems and components with a specialised and autonomous function within a larger system or machine such as embedded systems software architectures, embedded peripherals, design principles and development tools."
http://data.europa.eu/esco/skill/21c5790c-0930-4d74-b3b0-84caf5af12ea,skill/competence,cross-sector,manage budgets,budget set costs;approximate set costs;estimate set costs;manage operation budgets;oversee operational budgets;handle operational budgets;maintain operational budgets;manage operational budget,,,"Plan, monitor, report on the budget and prepare set production budgets."
http://data.europa.eu/esco/skill/21d2f96d-35f7-4e3f-9745-c533d2dd6e97,knowledge,cross-sector,computer programming,GCC;Ada;ALGOL;Visual Basic .NET;Visual Basic;HyperTalk;AppleScript;Ceylon;LabVIEW;Euphoria;Subversion;OCaml;PL/I;MSVC++;Dylan;AspectJ;Korn-shell;STL;Io;Hack;Turing;Object Pascal;Curl;DIBOL;cT;KnockoutJS;bash;Seed7;Emacs Lisp;OpenCV;Rebol;Lua;BCPL;ActionScript;C shell;AWK;INTERCAL;COMAL;PowerShell;occam;Fantom;Caml;Z shell;Tcl;Squirrel-script;IDL;Gosu;Fortran;X10;AngularJS;REXX;BizTalk;ColdFusion;PostScript;TACL,GCC;Ada;ALGOL;LabVIEW;Euphoria;PL/I;MSVC++;HyperTalk;Dylan;X10;Hack;bash;Object Pascal;KnockoutJS;ColdFusion;Io;Squirrel-script;Gosu;Turing;Emacs Lisp;BizTalk;Fortran;OpenCV;cT;AppleScript;Fantom;COMAL;Kotlin;Web Design;OCaml;Seed7;Caml;Curl;occam;IDL;INTERCAL;Lua;STL;AWK;AngularJS;Visual Basic .NET;AspectJ;REXX;Visual Basic;BCPL;Rebol;PostScript;DIBOL;Korn-shell;Ceylon;TACL;C shell;Subversion;PowerShell;ActionScript;Z shell;Tcl,,"The techniques and principles of software development, such as analysis, algorithms, coding, testing and compiling of programming paradigms (e.g. object oriented programming, functional programming) and of programming languages."
http://data.europa.eu/esco/skill/21e0cad8-4eef-42be-b18b-0f8e37f0dbd0,knowledge,sector-specific,product life-cycle,stages of the product life cycle,,,The management of the life-cycle of a product from the development stages to the market entry and market removal.
http://data.europa.eu/esco/skill/21fecc8a-392e-49ce-ac26-fb0696ccfead,skill/competence,cross-sector,create project specifications,determine project specifications;produce detailed specifications for projects,,,"Define the workplan, duration, deliverables, resources and procedures a project has to follow to achieve its goals. Describe project goals, outcomes, results and implementation scenarios."
http://data.europa.eu/esco/skill/2206af0c-3deb-48c5-a544-b9983d347da3,skill/competence,cross-sector,answer requests for quotation,make up requests for quotation;answering requests for quotation;give requests for quotation;prepare requests for quotation;answer a request for a quotation;answering a request for a quotation;provide requests for quotation,,,Make up prices and documents for the products that customers may purchase.
http://data.europa.eu/esco/skill/2239694b-771a-4586-8b54-2794e361a9ae,skill/competence,sector-specific,maintain relationship with customers,maintain a relationship with customers;sustain relationship with customers;manage relationship with customers;control relationship with customers;preserve relationship with customers;maintain relationships with customers;maintain a relationship with a customer,,,"Build a lasting and meaningful relationship with customers in order to ensure satisfaction and fidelity by providing accurate and friendly advice and support, by delivering quality products and services and by supplying after-sales information and service."
http://data.europa.eu/esco/skill/2245cba7-fa4f-47b8-a0cb-3a6b60d703ee,skill/competence,sector-specific,give advice on personal matters,giving advice on personal matters;give advice on personal matter;offer suggestions on personal matters;make recommendations on personal matters,,,"Advise people on love and marriage issues, business and job opportunities, health or other personal aspects."
http://data.europa.eu/esco/skill/22a173f5-868c-4d82-87e6-beed500ce070,skill/competence,cross-sector,prepare tax returns forms,make tax returns forms ready;prepare forms for tax returns;complete tax returns forms;prepare tax return forms;preparing tax returns forms;get tax returns forms ready;prepare tax returns form,,,Totalise all the deductible tax collected during the quarter or fiscal year in order to fill tax return forms and claim it back to the governmental authorities for declaring taxation liability. Keep the documents and records supporting the transaction.
http://data.europa.eu/esco/skill/22b8039c-c890-4610-9228-5527e3b98f12,skill/competence,cross-sector,set quality assurance objectives,develop quality assurance framework;set QA objectives;set QC objectives;develop quality control framework;set QA/QC objectives;develop QC framework;set quality control objectives;develop QA framework,,,"Define quality assurance targets and procedures and see to their maintenance and continued improvement by reviewing targets, protocols, supplies, processes, equipment and technologies for quality standards."
http://data.europa.eu/esco/skill/22c2af9e-ba0d-4cee-abb6-b6dbef006cd5,skill/competence,cross-sector,motivate employees,stimulate employees;motivating employees;motivate employee;encourage employees;inspire employees;motivate workers,,,"Communicate with employees in order to ensure that their personal ambitions are in line with the business goals, and that they work to meet them."
http://data.europa.eu/esco/skill/22c3b4ff-e2e0-4b40-8f3d-17788c0df295,skill/competence,cross-sector,assist in developing marketing campaigns,assist in the practical actions for developing marketing campaign;assist in the practical actions for marketing campaigns development;help in the practical actions for developing marketing campaigns;assisting in the practical actions for developing marketing campaigns;aid in the practical actions for developing marketing campaigns;assist in the practical actions for developing marketing campaigns,,,"Provide assistance and support in all the efforts and actions required to implement a marketing campaign such as contacting advertisers, preparing briefings, setting up meetings, and shopping around for suppliers."
http://data.europa.eu/esco/skill/22cbb90f-0bf1-4c30-98c0-7c9749b4e08d,skill/competence,sector-specific,analyse theatre texts,analyze theater texts;read through theatre scripts;analyse theatrical texts;examine theatre projects;analyse texts for theatre,,,Understand and analyse theatre texts; take an active part in the interpretation of the artistic project; conduct thorough personal research in textual material and dramaturgy.
http://data.europa.eu/esco/skill/22d363fa-45c0-46fd-a68d-e90182ae9791,skill/competence,sector-specific,evaluate psychological health measures,assess psychological health measures;review psychological measures;assess psychological measures;evaluate psychological measures of health;review psychological health measures;evaluate psychological measures,,,Evaluate the provided psychological health measures in order to assess their impact and their outcomes.
http://data.europa.eu/esco/skill/2313b15d-a9a7-4830-9bcc-fd7df79d842b,skill/competence,cross-sector,enforce financial policies,enforce finance policies;enforcing financial policies;implement financial policies;impose financial policies;enforce financial policy,,,"Read, understand, and enforce the abidance of the financial policies of the company in regards with all the fiscal and accounting proceedings of the organisation."
http://data.europa.eu/esco/skill/234d1c8f-c921-483e-9a6e-4fbfc14946dc,skill/competence,cross-sector,manage government funding,manage funding from the government;managing government funding;handle government funding;oversee government funding,,,"Monitor the budget received through government funding, and ensure there are enough resources to cover the costs and expenses of the organisation or project."
http://data.europa.eu/esco/skill/237db40b-4600-47c0-837f-4a2c4f3014ab,knowledge,cross-sector,project management principles,principles of project management;principles of project control;scope of project control principles;range of project management principles;range of project control principles;content of project management principles;scope of project management principles;content of project control principles,,"The different phases of project management include the development of the overall planning, planning of resources for projects, implementation, execution, performance control, project end and the evaluation of outcome.",Different elements and phases of project management.
http://data.europa.eu/esco/skill/23ac233d-84ad-4517-b0f5-8ca19ba2614e,skill/competence,cross-sector,monitor developments in field of expertise,keep up with developments in field of expertise;track developments in field of expertise;monitors developments in field of expertise;monitor developments in fields of expertise;follow developments in field of expertise;monitoring developments in field of expertise;stay abreast of developments in field of expertise,,,"Keep up with new research, regulations, and other significant changes, labour market related or otherwise, occurring within the field of specialisation."
http://data.europa.eu/esco/skill/23b97a3e-dfde-4627-9d97-114a9f3e4cd0,skill/competence,cross-sector,negotiate in legal cases,confer in legal cases;consult in legal cases;settle in legal cases;confer in judicial cases;consult in judicial cases;mediate in legal cases;mediate in judicial cases;settle in judicial cases,,,"Negotiate on the client's behalf during the treatment of a legal case in order to obtain the most beneficial outcome for the client, and to ensure that all decisions are compliant with legal regulations."
http://data.europa.eu/esco/skill/24229e89-9e1d-4c1a-ae23-c64777b152ce,skill/competence,sector-specific,consult with production director,seek advice from the director;consulting the director;consult with the director;consult with the director and production team;consult with the production director,,,"Consult with the director, producer and clients throughout the production and post-production process."
http://data.europa.eu/esco/skill/24310a7b-5db1-4917-a705-4835630227ca,skill/competence,cross-sector,create incident reports,creating incident reports;incident report creation;creation of incident reports;completing accident report;incident reports creation;complete accident report;accident report completion;completion of accident report,,,"Fill in an incident report after an accident has happened at the company or facility, such as an unusual event which caused an occupational injury to a worker."
http://data.europa.eu/esco/skill/2450c3b3-e78e-435b-b84d-e05d984e71dc,knowledge,sector-specific,software architecture models,software architecture patterns;software architecture frameworks,,,"The set of structures and models needed to understand or describe the software system, including the software elements, the relations between them and the properties of both elements and relations."
http://data.europa.eu/esco/skill/24554d47-70d2-4153-bb27-84e338e76792,knowledge,sector-specific,cultural projects,projects that promote culture;fundraising strategy for culture;fundraising for culture;fundraising strategy for cultural projects;cultural projects fundraising;culture-related projects,,,"The purpose, organisation and management of cultural projects and related fundraising actions."
http://data.europa.eu/esco/skill/2475cd27-8d6c-4318-a364-21395b23acba,skill/competence,cross-sector,empathise with the healthcare user,sympathise with the healthcare user;empathise with patients;empathise with healthcare users;be understanding of the health-care user;empathize with the healthcare user;be understanding of the patient;empathise with the health-care user;sympathise with the patient,,,"Understand the background of clients` and patients’ symptoms, difficulties and behaviour. Be empathetic about their issues; showing respect and reinforcing their autonomy, self-esteem and independence. Demonstrate a concern for their welfare and handle according to the personal boundaries, sensitivities, cultural differences and preferences of the client and patient in mind."
http://data.europa.eu/esco/skill/248894d1-42dc-474f-af6e-2da52ac0c679,skill/competence,sector-specific,define technology strategy,develop technological improvement strategies,,,"Create an overall plan of objectives, practices, principles and tactics related to the use of technologies within an organisation and describe the means to reach the objectives, taking into account analyses and relevant regulations."
http://data.europa.eu/esco/skill/24c200e5-be20-4370-a137-ab53797f3a17,knowledge,sector-specific,software frameworks,software engineering frameworks,,,The software development environments or tools used to improve the efficiency of new software development by providing specific features that support and guide the development.
http://data.europa.eu/esco/skill/24e4b3c9-286f-423f-ae43-54c9b8d92c5e,knowledge,sector-specific,international human rights law,multi national human rights statutes;international human rights statutes;multi national human right rules;international human rights legislation;multi national human rights legislation;international human rights regulations;international human right rules;multi national human rights regulations,,,"The aspect of international law which deals with the promotion and protection of human rights, the related treaties and agreements between nations, the binding legal effects, and the contributions made to the development and implemenation of human rights law."
http://data.europa.eu/esco/skill/251b5528-693c-4ef9-a7f6-9924bb8d7ef8,knowledge,sector-specific,decentralized application frameworks,decentralized applications on blockchain infrastructure;decentralized software characteristics;decentralized software frameworks,brownie;truffle;alchemy;hardhat;epirus;embark;openzeppelin,,"The different software frameworks, and their characteristics, advantages and disadvantages, that allow the development of decentralized applications on blockchain infrastructure. Examples are truffle, embark, epirus, openzeppelin, etc."
http://data.europa.eu/esco/skill/2522a6ce-3202-4ac8-9f5b-b9cb5a3a83a1,skill/competence,sector-specific,debug software,analyse testing results for incorrect software output;locate defects causing unexpected software output;repair computer code for software;fix computer code for software,,,"Repair computer code by analysing testing results, locating the defects causing the software to output an incorrect or unexpected result and remove these faults."
http://data.europa.eu/esco/skill/253112b8-f613-4e1d-a691-d80ca258e21a,knowledge,cross-sector,media studies,the study of media;mass communication studies;the study of mass media;the study of mass communication;mass media studies,,,"Academic field dealing with the history, content, and impact of diverse media with a special focus on mass communication."
http://data.europa.eu/esco/skill/253b7df4-621a-41d7-b363-ccb2e4d6b178,skill/competence,sector-specific,develop drama production process,develop process for drama production;create dramatic production process;develop dramatic production process;create process for dramatic production,,,Have and develop a thorough understanding of the dramatic production process.
http://data.europa.eu/esco/skill/253f889e-a10d-442a-849d-614969793776,skill/competence,cross-sector,study acquisition of language,language learning studies;language acquisition studies;linguistic acquisition;linguistic acquisition studies;study of language learning,,,"Examine how people learn languages, from childhood or in later stages of life, how this knowledge interacts with other cognitive processes, and how it can differ from one language to another across geographic areas."
http://data.europa.eu/esco/skill/25a7fc25-f2fc-4bfd-9999-943c03d53372,skill/competence,cross-sector,protect client interests,preserve client interests;defend consumer interests;safeguard client interests;look after client interests;look after consumer interests;preserve consumer interests;safeguard consumer interests;defend client interests,,,"Protect the interests and needs of a client by taking necessary actions, and researching all possibilities, to ensure that the client obtains their favoured outcome."
http://data.europa.eu/esco/skill/25e16679-a7d0-464d-916c-63210001bbab,skill/competence,cross-sector,act reliably,be dependable;be reliable;act in a reliable way;acting reliably,,,Proceed in a way that one can be relied on or depended on.
http://data.europa.eu/esco/skill/25f0ea33-b4a2-4f31-b7b4-7d20e827b180,knowledge,sector-specific,data mining,data scraping,,,"The methods of artificial intelligence, machine learning, statistics and databases used to extract content from a dataset."
http://data.europa.eu/esco/skill/25f4c955-e429-44a6-98a7-7d8cb3b6b690,skill/competence,cross-sector,follow a brief,implement a brief;respect a brief;obey a brief;following a brief;follow briefs,,,"Interpret and meet requirements and expectations, as discussed and agreed upon with the customers."
http://data.europa.eu/esco/skill/25fb676a-cf69-487d-a9c1-273c6f291b6a,knowledge,sector-specific,wind energy,wind power;wind farm;renewable wind energy,,,"Renewable energy that harnesses the power of wind, transforming air kinetic energy into electrical. Wind energy requires the construction of land or high sea wind farms as the extraction of energy takes place through wind turbines."
http://data.europa.eu/esco/skill/2618f336-8e71-4666-83b5-f368edb0906d,knowledge,cross-sector,cognitive psychology,human cognitive psychology,,,"The human mental processes such as attention, memory, language use, perception, problem solving, creativity and thinking."
http://data.europa.eu/esco/skill/261fa103-e0eb-424c-8a4d-d336f50abbf8,skill/competence,occupation-specific,report on voting process,detail voting process;detail balloting process;note balloting process;describe balloting process;describe voting process;note voting process;summarise balloting process;summarise voting process,,,Communicate with election officials about the voting process. Report on the progression of the election day and the types of problems that were presented.
http://data.europa.eu/esco/skill/2636b3d3-843e-46a9-8b4c-a9d6ca3f5a2d,skill/competence,cross-sector,provide technical documentation,prepare technical documentation;provide documents;document the product life cycle;provide manufacturing documentation;provide documentation;prepare and distribute documentation;compile and hand out documentation,,,Prepare and distribute documentation to ensure all people involved in the production receive relevant and up-to-date information.
http://data.europa.eu/esco/skill/264c14a5-d025-4916-a378-0a85f16adb3f,knowledge,cross-sector,curriculum standards,syllabus measures;syllabus rules;curriculum measures;curriculum requirements;syllabus requirements;syllabus codes;curriculum codes;curriculum rules,,,The governmental policies concerning educational curricula and the approved curricula from specific educational institutions.
http://data.europa.eu/esco/skill/266ea734-31b2-4e44-9d00-0a3fd03fa454,knowledge,cross-sector,foreign affairs,foreign policies;overseas policies;overseas proceedings;overseas strategies;foreign proceedings;overseas negotiations;foreign strategies;foreign negotiations,,,The operations of a foreign affairs department in a government or public organisation and its regulations.
http://data.europa.eu/esco/skill/2691f4d8-d090-423f-afd7-9e721f562e8d,skill/competence,cross-sector,advise on public relations,recommend a marketing strategy;help with a marketing strategy;commend a marketing strategy;recommend public relations;instruct on a marketing strategy;help with public relations;instruct on public relations;commend public relations,,,"Advise business or public organisations on public relations management and strategies in order to ensure efficient communication with target audiences, and proper conveying of information."
http://data.europa.eu/esco/skill/269b8734-fa1d-4c6f-a843-523fa3bbae6e,knowledge,cross-sector,behavioural science,behavioral research;study of human behavior;psychology of behavior,,,The investigation and analysis of subject behaviour through regulated and lifelike observations and disciplined scientific experiments.
http://data.europa.eu/esco/skill/26baf34d-6721-4bac-b7eb-add0bc566a82,skill/competence,cross-sector,attend to detail in preparation for audits,secure continuous preparedness for audits;establish continuous preparedness for audits;ensure continuous preparedness for audits;assure continuous preparedness for audits;ensure continuous preparedness for an audit;ensure continuous preparation for audits;maintain continuous preparedness for audits,,,"Ensure constant compliance with standards and requirements, such as keeping certifications up to date and monitoring activities to ensure correct procedures are followed, so that audits can occur smoothly and no negative aspects can be identified."
http://data.europa.eu/esco/skill/270c4de9-97f9-4a7a-95d1-63670f1ec3bc,knowledge,sector-specific,ecosystem management,ecosystem management strategies,,,The set of approaches that takes into account the effect of a management decision on other elements of an ecosystem. It also addresses the optimization of diverse management strategies and the challenges that arise from fragmented landscapes.
http://data.europa.eu/esco/skill/273eb12c-7c34-41d2-afd2-c0222bf853bc,skill/competence,sector-specific,develop an artistic framework,develop artistic research framework;develop an artistic research framework;create a research framework plan;create a plan for artistic research;produce artistic framework;develop a framework for artistic research;develop artistic frameworks;create artistic framework;generate artistic framework;developing artistic framework,,,"Develop a specific framework for research, creation and completion of artistic work."
http://data.europa.eu/esco/skill/27451cd6-67eb-4ed4-b27f-08c8d1ba60a5,knowledge,sector-specific,psychological effects of war,psychological effects caused by war;war-induced psychological effects;effects of war on the psyche;mental health effects of war,,,The impact of war experiences on mental health.
http://data.europa.eu/esco/skill/27a638bc-6362-45f8-afce-5596a606269b,knowledge,cross-sector,impact of social contexts on health,impact of social context on health;impact of cultural contexts on health,,,"The social and cultural contexts of individuals` behaviours, and the impact on their health within their social and cultural context."
http://data.europa.eu/esco/skill/27a87847-f6cc-4e49-af0b-3d17da351af6,skill/competence,cross-sector,advise legislators,recommend to law makers;make suggestions to legislators;help legislators;make suggestions to law makers;commend to legislators;recommend to legislators;commend to law makers;help law makers,,,"Give advice on various government and legislative duties, such as policy creation and the inner workings of a governmental department, to government officials in legislative positions, such as members of parliament, government ministers, senators, and other legislators."
http://data.europa.eu/esco/skill/27ce49c9-cec8-451d-ac6f-818394aef827,skill/competence,occupation-specific,maintain personal development in psychotherapy,develop and monitor personal qualities as psychotherapist;apply personal development techniques as a psychotherapist;uphold personal development in psychotherapy;maintain psychotherapeutical personal development,,,"Develop and monitor personal qualities as a professional psychotherapist, ensuring resilience, the ability to manage complex and unpredictable behavior and taking appropriate action when required."
http://data.europa.eu/esco/skill/27d54d7c-68cd-4c04-9e05-538b01c6a80b,knowledge,cross-sector,restorative justice,restorative approach to justice;restorative-justice;restorative practices in justice,,,"The justice system that is concerned more with the needs of the victims and the offenders, and of the involved community."
http://data.europa.eu/esco/skill/27de0574-cb9b-412b-a14b-be856efb0a95,knowledge,cross-sector,communication related to hearing impairment,human communication related to hearing impairment;aspects and characteristics of hearing-impairment related communication;communication related to hearing impairments;hearing-impairment related communication,,,"The phonologic, morphologic and syntactic aspects and characteristics of human communication for individuals affected by hearing impairment."
http://data.europa.eu/esco/skill/27ed854c-15b8-4ba2-90e9-ae888a219703,skill/competence,cross-sector,perform business analysis,undertake business analysis;performing business analysis;perform analysis of a business;perform a business analysis;implement business analysis;complete business analysis,,,"Evaluate the condition of a business on its own and in relation to the competitive business domain, performing research, placing data in context of the business' needs and determining areas of opportunity."
http://data.europa.eu/esco/skill/2806260f-6399-4add-8f11-070141423f9d,knowledge,cross-sector,medical terminology,technical terms in medicine;medical terms and abbreviations;medical language,,,"The meaning of medical terms and abbreviations, of medical prescriptions and various medical specialties and when to use it correctly."
http://data.europa.eu/esco/skill/2806b5cb-964b-4148-84aa-7efdbeffe9e3,skill/competence,cross-sector,involve service users and carers in care planning,involve service users' carers in support planning;interact with social service users and their families;involve service users' carers in support and care planning;work with service users and their carers;involve service users and care-givers in care planning;involve service users' carers in care and support planning,,,"Evaluate the needs of individuals in relation to their care, involve families or carers in supporting the development and implementation of support plans. Ensure review and monitoring of these plans."
http://data.europa.eu/esco/skill/2839f191-cd94-49a9-ac16-46018066b8b2,skill/competence,cross-sector,liaise with local authorities,work with local authorities;collaborate with local councils;liaise with regional authorities;collaborate with local authorities;participate with local authorities;cooperate with local authorities;cooperate with local councils;participate with local councils;work with local councils,,,Maintain the liaison and exchange of information with regional or local authorities.
http://data.europa.eu/esco/skill/283cbcd3-7101-4dbb-be37-56f3625515b1,skill/competence,sector-specific,provide ICT consulting advice,provide advice in consulting;provide IT consulting advice,,,"Advise on appropriate solutions in the field of ICT by selecting alternatives and optimising decisions while taking into account potential risks, benefits and overall impact to professional customers."
http://data.europa.eu/esco/skill/2857540c-180b-4208-9127-e94a01871966,skill/competence,sector-specific,align software with system architectures,integrate software into system frameworks;harmonise software with system architectures;coordinate software with architectural structures,,,Put system design and technical specifications in line with software architecture in order to ensure the integration and interoperability between components of the system.
http://data.europa.eu/esco/skill/286e486c-a094-4715-8e5b-a2370b09a408,skill/competence,cross-sector,manage corrective actions,oversee corrective actions;manage corrective action;supervise corrective actions;managing corrective actions;regulate corrective actions;maintain corrective actions,,,Implementing corrective action and continuous improvement plans from internal and third party audits to meet food safety and quality performance indicators with adherance to agreed timescales.
http://data.europa.eu/esco/skill/28a0fe16-4e03-4d5e-8f0e-5198309e77a9,skill/competence,occupation-specific,perform forensic preservations of digital devices,conduct forensic preservations of digital devices,,,"Preserve integrity of ICT devices, such as laptops, desktops and other digital media, by storing them physically and using software such as PTK Forensics and EnCase to retrieve, store and trace digital information in a legal manner so that they can be used as evidence at an appropriate time."
http://data.europa.eu/esco/skill/28b461d2-4a53-4629-9e61-77f31998c9c8,knowledge,sector-specific,asylum systems,asylum structures;refugee protection arrangements;asylum arrangements;refugee protection schemes;refugee protection rules;refugee protection structures;asylum rules;asylum schemes,,,The systems which grant refugees who flee persecution or harm in their home nation access to protection in another nation.
http://data.europa.eu/esco/skill/28ca2f0b-9fb2-487a-9f10-9688e5191ec4,skill/competence,cross-sector,work within communities,establish community projects;establish social projects;set up social projects;work with local communities;work within the community;set up community projects,,,Establish social projects aimed at community development and active citizen participation.
http://data.europa.eu/esco/skill/28ca596e-5e2f-4149-a28d-42d2c4c20227,skill/competence,sector-specific,assess the development of youth,promote the development of children and young people;observe the development of children and young people;assess youth-development,,,Evaluate the different aspects of development needs of children and young people.
http://data.europa.eu/esco/skill/28d715e3-3e5b-4fb6-8dd2-4be4919c8587,skill/competence,cross-sector,handle customer complaints,handle customers' complaints;handle complaints by customers;deal with client's negative feedback;address guest complaints,,,Administer complaints and negative feedback from customers in order to address concerns and where applicable provide a quick service recovery.
http://data.europa.eu/esco/skill/28f98c7e-b89c-4b4d-ae0a-0c5a6328992e,skill/competence,cross-sector,build community relations,construct community relations;set up community relations;devise community relations;building community relations;produce community relations;community relations building;build a community relationship;assemble community relations,,,"Establish affectionate and long-lasting relationships with local communities, e.g. by organising special programmes for kindergarten, schools and for disabled and older people, raising awareness and receiving community appreciation in return."
http://data.europa.eu/esco/skill/29154735-107a-4daa-a050-537f7707f34e,skill/competence,cross-sector,conduct content quality assurance,implement content quality control;perform quantent quality assessment,,,"Carry out validation of content by reviewing it according to formal and functional quality, usability and applicable standards."
http://data.europa.eu/esco/skill/292549e6-08ec-456c-b008-eba7a0a68428,skill/competence,cross-sector,analyse market financial trends,investigate milled grains;test milled grains;scrutinise milled grains;search milled grains;analysing market financial trends;analysis of a market financial trend;analyse a market financial trend;analyze market financial trends,,,Monitor and forecast the tendencies of a financial market to move in a particular direction over time.
http://data.europa.eu/esco/skill/2966d47d-72ad-404f-bad0-b45abb2b2058,skill/competence,sector-specific,monitor policy proposals,audit policy recommendations;supervise policy recommendations;supervise policy proposals;oversee policy recommendations;advise on policy proposals;oversee policy proposals;audit policy proposals;advise on policy recommendations,,,Monitor documentation and processes which deal with proposals of new policies and methods of implementation to identify any problems and inspect their compliance with legislation.
http://data.europa.eu/esco/skill/296f6b56-de45-4aac-aa96-43e4a4864724,knowledge,sector-specific,blockchain architecture,blockchain structure,,,The design structure of a peer-to-peer network of computers that functions as backend for systems and applications The network is constructed as a virtual machine without a central system that manages interactions among the nodes.
http://data.europa.eu/esco/skill/29a50780-f81b-429c-b410-7f23a492e19d,skill/competence,cross-sector,sell products,sell a product;promote and sell a product;selling products;sell objects,,,Encourage sales by identifying the customer’s buying needs and by promoting benefits and features of the organisation’s products. Respond to and resolve customer objections and agree to mutually beneficial terms and conditions.
http://data.europa.eu/esco/skill/29cd7e7b-215c-483a-b67a-6bdad0647de9,skill/competence,sector-specific,develop procurement strategy,design procurement strategy;define procurement strategy;draft procurement strategy;formulate procurement strategy;create procurement strategy,,,"Design the procurement strategy and define the most appropriate and impactful procedure in order to reach the organisation's objectives and ensure genuine competition. Define element such as features, scope and duration of the procedure, division into lots, techniques and instruments for electronic submission and types of contract and contract performance clauses."
http://data.europa.eu/esco/skill/29d80dad-95f7-440c-bda2-22fe93155260,skill/competence,cross-sector,perform forensic accounting,carry out forensic accounting;conduct forensic accounting;performing forensic accounting,,,"Perform audits and evaluations of financial information, accounts, financial products, and stewardship of companies. Exert financial investigations with different emphasis such as insurance claims, fraud, and anti-money laundering."
http://data.europa.eu/esco/skill/29fb0fb5-dfc4-4098-ac9b-3a712000f48f,skill/competence,cross-sector,manage database,implement database theory,,,"Apply database design schemes and models, define data dependencies, use query languages and database management systems (DBMS) to develop and manage databases."
http://data.europa.eu/esco/skill/2a0efd9a-4a60-4edc-8561-f2754d24eeb8,knowledge,sector-specific,mathematical economics,principles of mathematical economics,,,The interdisciplinary field between mathematical methods and economics that deals with using math principles to contruct models for economic theory where conclusions can be drawn following a mathematical logic.
http://data.europa.eu/esco/skill/2a2fa8e8-aaf3-4abf-a60b-af6415f1c6d4,skill/competence,cross-sector,strive for company growth,strive growth of the company;crusade for company growth;work hard for company growth;striving for company growth,,,"Develop strategies and plans aiming at achieving a sustained company growth, be the company self-owned or somebody else's. Strive with actions to increase revenues and positive cash flows."
http://data.europa.eu/esco/skill/2a3a96a3-709e-4d60-81f6-d247d6933f13,skill/competence,sector-specific,manage system security,manage information security,,,Analyse the critical assets of a company and identify weaknesses and vulnerabilities that lead to intrusion or attack. Apply security detection techniques. Understand cyber attack techniques and implement effective countermeasures.
http://data.europa.eu/esco/skill/2abb7341-11a9-4799-9aef-7f2a83de0358,knowledge,occupation-specific,theory of constraints,theory of constraints paradigm;principles of TOC;fundamentals of theory of constraints;fundamentals of TOC;Theory of Constraints;principles of theory of constraints;TOC,,,"The management philosophy that addresses the constraints faced by profit and non-profit organisations when achieving their goals, and its implications in terms of maximum efficiency of equipment, output of the supply chain and company profit."
http://data.europa.eu/esco/skill/2ada2f9d-77f7-4ba0-9096-89ae285a65c5,skill/competence,cross-sector,monitor financial accounts,analyse financial accounts;monitor finance accounts;analyse financial records,,,"Handle financial administration of your department, keep the costs down to only necessary expenses and maximise the revenues of your organisation."
http://data.europa.eu/esco/skill/2aff15fb-1c24-42b5-89ca-17696df25370,knowledge,sector-specific,chemical products,chemical commodities;chemical product;chemical production;chemical stock;chemical goods;chemical merchandise;a chemical product;chemical brands,,,"The offered chemical products, their functionalities, properties and legal and regulatory requirements."
http://data.europa.eu/esco/skill/2b1e2927-3542-48da-9063-02925e7562c1,skill/competence,cross-sector,disseminate results to the scientific community,disseminate scientific results;disclose scientific results;disclose findings of scientific research;disseminate findings of scientific research;disseminate results of scientific research,,,"Publicly disclose scientific results by any appropriate means, including conferences, workshops, colloquia and scientific publications."
http://data.europa.eu/esco/skill/2b22f3b1-5de4-43f9-b6d1-b20f65871268,knowledge,cross-sector,history,historical studies;the study of history;medieval studies;history studies,,,"The discipline that studies, analyses, and presents the events of the past related to humans."
http://data.europa.eu/esco/skill/2b34764d-637c-48f5-aa70-31e15c965db6,skill/competence,sector-specific,operate open source software,know open-source software licensing schemes;know open-source software coding practices;know open-source licensing schemes;know open-source coding practices;manage open-source software,,,"Operate Open Source software, knowing the main Open Source models, licensing schemes, and the coding practices commonly adopted in the production of Open Source software."
http://data.europa.eu/esco/skill/2b34a99f-9813-4c91-9509-b6b9b8c3132e,skill/competence,cross-sector,collaborate through digital technologies,use VoIP conference calling;use concurrent file editing;use online meeting tools;use online tools to collaborate;make use of online tools to collaborate;utilise online tools to collaborate;able to use online tools to collaborate;apply online tools to collaborate;using online tools to collaborate,,,"Use digital tools and technologies for collaborative processes, and for co-construction and co-creation of resources and knowledge."
http://data.europa.eu/esco/skill/2b5143f9-107b-4be2-ae24-7e379ee90369,skill/competence,sector-specific,expand store regional presence,extend store regional presence;increase store regional presence;expanding store regional presence;expand a stores' regional presence;develop store regional presence;expansion of store regional presence,,,Identify and develop strategies to expand the company's regional coverage.
http://data.europa.eu/esco/skill/2b7a79e5-84d8-4880-be66-3d9bb05bea17,skill/competence,sector-specific,use software design patterns,use programming design patterns;utilise software design patterns,,,"Utilise reusable solutions, formalised best practices, to solve common ICT development tasks in software development and design."
http://data.europa.eu/esco/skill/2b8386c1-eed6-42ff-bd99-349eca9ea46e,skill/competence,sector-specific,meet standards of practice in social services,practice social care according to standards;fulfill standard of practice in social services;practice social care according to rules;fulfill standards of practice in social services;accomplish standards of practice in social services;achieve standard of practice in social services;accomplish standard of practice in social services;achieve standards of practice in social services,,,"Practice social care and social work in a lawful, safe and effective way according to standards."
http://data.europa.eu/esco/skill/2b92a5b2-6758-4ee3-9fb4-b6387a55cc8f,skill/competence,cross-sector,perform data analysis,analyse data performance;perform analysis of data;implement data analysis;performing data analysis;undertake data analysis;complete data analysis,,,"Collect data and statistics to test and evaluate in order to generate assertions and pattern predictions, with the aim of discovering useful information in a decision-making process."
http://data.europa.eu/esco/skill/2bde42ae-e776-41c1-9ded-b07b30bfe985,knowledge,sector-specific,Prolog (computer programming),Prolog,,,"The techniques and principles of software development, such as analysis, algorithms, coding, testing and compiling of programming paradigms in Prolog."
http://data.europa.eu/esco/skill/2be39143-3cf8-4b02-af8f-99e3dfb2fc24,skill/competence,sector-specific,suggest revision of manuscripts,suggest revisions;advise revision;suggest revision;suggesting revision;propose revision;offer revision;recommend revision,,,Suggest adaptations and revisions of manuscripts to authors to make the manuscript more appealing to the target audience.
http://data.europa.eu/esco/skill/2be699a7-416a-4f32-967c-4edc65027b71,knowledge,cross-sector,government policy implementation,state policy production;state policy introduction;government policy execution;government policy direction;state policy direction;government policy production;government policy introduction;state policy execution,,,The procedures related to the application of government policies at all levels of public administration.
http://data.europa.eu/esco/skill/2c28fc20-8a60-4311-8899-5ef8729c05b3,skill/competence,cross-sector,design process,design-to-cost process;process design,,,"Identify the workflow and resource requirements for a particular process, using a variety of tools such as process simulation software, flowcharting and scale models."
http://data.europa.eu/esco/skill/2c474763-2cdd-48d6-8e65-c0a60ad5cf9f,skill/competence,occupation-specific,summarise stories,condense stories;summarize stories;summarising stories;synopsise stories;recap stories;summarise story,,,"Summarise stories briefly to give a broad idea of the creative concept, e.g. in order to secure a contract."
http://data.europa.eu/esco/skill/2ca8f0db-2c2a-4d07-af6c-effb99fed08b,skill/competence,cross-sector,translate foreign language,interpret spoken language;translating foreign language;translate foreign tongue,,,"Translate words, sentences, and concepts from a foreign language into your mother tongue or another foreign language."
http://data.europa.eu/esco/skill/2cc30e4e-2139-411a-9fa9-f0d616b64c57,skill/competence,sector-specific,monitor sociological trends,investigate sociological movements;monitor social trends;monitor trends sociologically;observe sociological patterns,,,Identify and investigate sociological trends and movements in society.
http://data.europa.eu/esco/skill/2ccb197e-ce8d-4fca-bccf-f387e74b9f0a,skill/competence,sector-specific,provide clinical psychological assessment,provide assessment of psychological condition;conduct clinical psychological assessment;carry out clinical psychological assessment;provide clinical psychological assessments,,,"Provide clinical psychological assessment in relation to health and health-related and health-conditioned behaviour and experience, as well as clinical disease patterns and their impact on the human experience and behaviour."
http://data.europa.eu/esco/skill/2cdb2b14-fd79-42d5-a7c1-22c65907f63c,skill/competence,cross-sector,promote company,advertise the company;promoting the company;promote club activities;promote the company,,,To always try to project the company in the best possible light and to go the extra mile to ensure the best possible experience at the club by staff and customers alike. To explain and actively promote all club activities to customers.
http://data.europa.eu/esco/skill/2d008d5a-b7bd-46f7-bbb1-5d70a0af9c84,skill/competence,cross-sector,control financial resources,perform company financial management activities;manage finances;conduct financial management activities;manage financial resources;monitor and control financial resources;supervise company budgets;monitor and manage financial resources;oversee company budgets;manage and control company budgets;monitor financial resources;control finances,,,Monitor and control budgets and financial resources providing capable stewardship in company management.
http://data.europa.eu/esco/skill/2d5cb9a6-0ad0-4686-8de5-e22cc9abc76f,skill/competence,sector-specific,liaise with sports organisations,communicate with sport entities;liaise with sports organizations;communicate with sporting bodies;liaise with organisations of sport;liaise with sporting organisations,,,"Liaise with local sports councils, regional committees and national governing bodies."
http://data.europa.eu/esco/skill/2d6d4784-0992-48e7-b100-22d7229b3f0a,skill/competence,cross-sector,translate requirements into visual design,develop visual design from given specifications;develop visual design concepts based on target audience;develop visual design based on target audience;translate requirement concepts into visual design;develop visual design concepts from given specifications,,,"Develop visual design from given specifications and requirements, based on the analysis of the scope and target audience. Create a visual representation of ideas such as logos, website graphics, digital games and layouts."
http://data.europa.eu/esco/skill/2d845d94-aeb5-4a3c-bf52-443685940d1d,skill/competence,sector-specific,participate in editorial meetings,contribute at editorial meetings;go to editorial meetings;participating in editorial meetings;attend editorial meetings;participate in editorial meeting,,,Participate in meetings with fellow editors and journalists to discuss possible topics and to divide the tasks and workload.
http://data.europa.eu/esco/skill/2daec0e6-f0c1-43e8-8178-aedba99130ec,skill/competence,sector-specific,establish data processes,develop data processes;implement data processes,,,"Use ICT tools to apply mathematical, algorithmic or other data manipulation processes in order to create information."
http://data.europa.eu/esco/skill/2dbdd054-896a-4167-8f11-e9b9ebcf199d,knowledge,cross-sector,"health, safety and hygiene legislation","health, safety and hygiene regulation;health, safety and hygiene statutes;health, safety and hygiene legislation rules",,,"The set of health, safety and hygiene standards and items of legislation applicable in a specific sector."
http://data.europa.eu/esco/skill/2dd6ecdf-8a08-438b-8b4b-e0374f7b523b,skill/competence,sector-specific,carry out sales analysis,carrying out sales analysis;carry out a sales analysis;oversee sales analysis;undertake sales analysis;complete sales analysis;make sales analysis;carrying out a sales analysis,,,Examine sales reports to see what goods and services have and have not sold well.
http://data.europa.eu/esco/skill/2ddb1226-1117-4eb4-ae65-3a2f5a5a3c80,knowledge,sector-specific,ICT network security risks,ICT network security threats;information systems security risks,,,"The security risk factors, such as hardware and software components, devices, interfaces and policies in ICT networks, risk assessment techniques that can be applied to assess the severity and the consequences of security threats and contingency plans for each security risk factor."
http://data.europa.eu/esco/skill/2de4572a-4724-4f76-afc2-72a568a264ac,skill/competence,cross-sector,speak different languages,speak foreign languages;communicate in multiple languages;speak a different language,,,Master foreign languages to be able to communicate in one or more foreign languages.
http://data.europa.eu/esco/skill/2e046d83-a38a-453c-a26d-64114ed2e036,skill/competence,cross-sector,organise press conferences,oversee news conferences;set up news conferences;arrange news conferences;set up press conferences;operate news conferences;arrange press conferences;oversee press conferences;operate press conferences;organize press conferences,,,Organise interviews for a group of journalists in order to make an announcement or answer questions on a specific subject.
http://data.europa.eu/esco/skill/2e49f58a-a8d3-400e-b7bd-d8f8bc703a3e,knowledge,sector-specific,diagnosis of mental health issues,diagnosis of mental health disorders;diagnosis of mental health illnesses;diagnosis of a mental health issue,,,"The diagnosis of mental health issues such as disorders or illnesses, and psychological factors in other diseases within different issues and different age groups."
http://data.europa.eu/esco/skill/2e62b29d-3aa8-4e58-8aca-f3b48c8deefd,skill/competence,sector-specific,empower social service users,enable social service users;empower a social service user;help social service users to gain control over their lives;empower social service user;promote social service user empowerment,,,"Enable individuals, families, groups and communities to gain more control over their lives and environment, either by themselves or with the help of others."
http://data.europa.eu/esco/skill/2e69fb1e-aad9-4776-8054-ed4e548d086e,skill/competence,sector-specific,manage youth information services,manage information services for young people;manage youth information resources;manage information resources for young people;carry out information research for youth;carry out youth information research,,,"Carry out high-quality research of information relevant for young people, summarize information and create youth-friendly content that is accurate, understandable and accessible for different groups of young people."
http://data.europa.eu/esco/skill/2ea702ba-2f9c-4ab9-a1ef-65bb6b7c4c14,skill/competence,occupation-specific,work in crises areas,perform in crisis areas;perform in disaster areas;labour in disaster areas;work in disaster areas;operate in crisis areas;operate in disaster areas;labour in crisis areas,,,Support people in fragile and conflict affected environments such as in developing countries.
http://data.europa.eu/esco/skill/2eb30deb-18d0-4e9d-9c53-30069ac9a108,knowledge,sector-specific,youth work principles,principles of youth work;youth work principles of non-formal learning;fundamental aspects of youth work;youth work principles of informal learning;youth work foundations,,,"The purpose and fundamental features of youth work: helping young people to reach their full potential. Youth work encompasses a broad range of activities carried out with, by and for young people through non-formal and informal learning."
http://data.europa.eu/esco/skill/2ecf90f1-c511-464b-b26f-598d69182c70,skill/competence,cross-sector,calculate tax,add up government revenue;tally tax;reckon tax;count tax;add up tax;calculate government revenue;measure tax;count government revenue;measure government revenue,,,"Calculate the taxes which have to be paid by an individual or organisation, or paid back by a governmental institution, compliant with specific legislation."
http://data.europa.eu/esco/skill/2f1a7c08-e148-45e8-a258-44174a7becc5,skill/competence,sector-specific,hear legal arguments,heed legal submissions;take in legal arguments;listen to legal arguments;note legal submissions;take in legal submissions;listen to legal submissions;heed legal arguments;note legal arguments,,,"Hear legal arguments presented during a court hearing or other context in which legal cases are handled and decided upon, in a manner which provides both sides equal opportunity to present their arguments, and making a decision based on the arguments in an honest and impartial manner."
http://data.europa.eu/esco/skill/2f31126e-b6c9-4a20-8747-3b1eeb0ba426,skill/competence,sector-specific,advise on family planning,advise on family-planning;counsel on family planning;advise on use of contraception and fertility;provide information on family planning;provide information on contraception and fertility;give advice on family planning,,,"Provide advice on the use of birth control and methods of contraception available, on sexual education, prevention and management of sexually transmitted diseases, pre-conception counselling and fertility management."
http://data.europa.eu/esco/skill/2f4cdc7e-d98d-4e6c-9811-3dc28255c7ff,knowledge,sector-specific,social entreprise,conscious business;socially responsible business;social firm;social company;social business;social enterprise;social-enterprise,,,"The business that uses its profits to reinvest in social missions, which have a social or environmental impact on the society."
http://data.europa.eu/esco/skill/2f4d68be-6e9f-46fa-9398-0573e900b5e3,skill/competence,cross-sector,observe new developments in foreign countries,scrutinise new developments in foreign countries;monitor new overseas developments;scrutinise new overseas developments;monitor new developments in foreign countries;detect new overseas developments;look at new developments in foreign countries;look at new overseas developments;detect new developments in foreign countries,,,"Observe political, economic and societal developments in the assigned country, gather and report relevant information to the relevant institution."
http://data.europa.eu/esco/skill/2f573ad6-1fa6-46c5-a48d-912368fe55aa,skill/competence,sector-specific,deliver a sales pitch,delivering a sales pitch;carry out a sales pitch;make a sales pitch;give a sales pitch;delivering sales pitches;convey a sales pitch;sales pitch delivery,,,"Prepare and deliver an understandably constructed sales talk for a product or a service, identifying and using persuasive argumentation."
http://data.europa.eu/esco/skill/2f8a2712-d20c-4e5f-b34a-738f55486aa0,skill/competence,sector-specific,apply quality standards in social services,apply quality standards in social service;maintain quality standards in social services;apply quality-standards in social-services;uphold social work values and principles,,,Apply quality standards in social services while upholding social work values and principles.
http://data.europa.eu/esco/skill/2fa41ec9-5a43-4976-b34d-8639596f67ba,skill/competence,sector-specific,study music,be taught music;read about music;learn music;studying music,,,Study original pieces of music to get well acquainted with music theory and history.
http://data.europa.eu/esco/skill/2fb8480e-de3c-462b-b169-e8bbb344da68,knowledge,sector-specific,innovation processes,process of innovation,,,"The techniques, models, methods and strategies which contribute to the promotion of steps towards innovation."
http://data.europa.eu/esco/skill/2ff405ec-f59c-4a7b-84b6-9776a49582c4,knowledge,cross-sector,bookkeeping regulations,accounting controls;accounting governance;accounting supervision;accounting arrangements;book keeping supervision;book keeping governance;book keeping arrangements;book keeping controls,,,The methods and regulations involved in the process of accurate bookkeeping.
http://data.europa.eu/esco/skill/2ffc7a73-7e1d-434a-b498-2b0c056ced1d,skill/competence,sector-specific,apply case management,cooperate on medical case management;employ medical case management;apply medical case coordination;use medical case management,,,"Assess, plan, facilitate, coordinate, and advocate for options and services on behalf of a person."
http://data.europa.eu/esco/skill/300d432b-f457-4cd3-9cb1-1858c7d14954,knowledge,sector-specific,OpenEdge Advanced Business Language,OpenEdge Advanced Business Language techniques,,,"The techniques and principles of software development, such as analysis, algorithms, coding, testing and compiling of programming paradigms in OpenEdge Advanced Business Language."
http://data.europa.eu/esco/skill/303a54a3-ff8a-4f29-b598-e54ce54c2b48,skill/competence,cross-sector,analyse legal evidence,test legal evidence;analyze legal evidence;test judicial documentation;investigate judicial documentation;assess legal evidence;assess judicial documentation;investigate legal evidence;legal evidence;judicial documentation;scrutinise,,,"Analyse evidence, such as evidence in criminal cases, legal documentation regarding a case, or other documentation that can be regarded as evidence, in order to obtain a clear image of the case and reach resolutions."
http://data.europa.eu/esco/skill/30560a8b-e9e9-4988-8192-8bf15bac72b3,skill/competence,sector-specific,do historical research,doing historical research;conduct historical research;perform historical research;do history research;read up historical facts,,,Use scientific methods to research history and culture.
http://data.europa.eu/esco/skill/305dc408-68a6-4f63-9ee6-d0b26c8abad0,skill/competence,sector-specific,develop performance orientation in public administration,improve performance orientation in public administration;strengthen performance orientation in public administration;foster performance orientation in public administration;enhance public administration operational efficiency;boost public administration operational efficiency,,,"Focus efforts and prioritise work to deliver value for money, in line with public service guidelines and policies, in order to achieve cost savings and strategic and sustainable goals, proactively identify inefficiencies, overcome obstacles and adapt their approach to consistently deliver sustainable and high-performance procurement outcomes."
http://data.europa.eu/esco/skill/307ffd2d-8fb3-43ff-8ad8-4052382f8f83,skill/competence,cross-sector,report on overall management of a business,detail overall management of a business;reporting on overall management of a business;report on overall business management;give an account of overall management of a business;outline overall management of a business;report on management of a business;report on overall management of a company,,,"Prepare and present periodic reports on the operations, achievements, and results obtained during certain period to higher level managers and directors."
http://data.europa.eu/esco/skill/309bc48b-2899-4396-9242-efc26c0e1aee,knowledge,cross-sector,political science,party political methodology;political methodology;party political behaviour;party political knowledge;political behaviour;political knowledge;party political discipline;political discipline,,,"The systems of government, the methodology concerning the analysis of political activity and behaviour, and the theory and practice of influencing people and acquiring governance."
http://data.europa.eu/esco/skill/30a494f3-117e-4181-949f-9b11ef5da730,skill/competence,cross-sector,lead healthcare services changes,lead changes in health care services;bring about changes in health care services;lead change in healthcare services;identify and lead changes in healthcare services;identify healthcare services changes;lead health care services changes,,,Identify and lead changes in healthcare service in response to patient needs and service demand in order to ensure continuous quality improvement of the service.
http://data.europa.eu/esco/skill/30b1f3e1-1586-4d41-aa02-e2ab021b5164,skill/competence,cross-sector,handle paperwork,complete paperwork;ensure completion of required paperwork;undertake work-related paperwork activities;produce work-related paperwork;take care of paperwork;ensure completion of relevant paperwork;deal with paperwork;ensure all relevant paperwork is completed;produce paperwork;manage paperwork;address paperwork,,,Handle work-related paperwork ensuring that all relevant requirements are met.
http://data.europa.eu/esco/skill/30d49832-84bd-4d97-9441-aef97a76a8d0,skill/competence,sector-specific,apply problem solving in social service,step-by-step problem solving process in social service;apply problem-solving in social services;apply problem-solving techniques in social services;apply problem solving in social services,,,Systematically apply a step-by-step problem-solving process in providing social services.
http://data.europa.eu/esco/skill/31599ac3-e03c-42f8-8f08-b549af8234f2,skill/competence,sector-specific,draft procurement technical specifications,draft technical specifications;draft bid requirements,,,"Draft technical specifications that enable potential bidders to submit realistic offers that directly address the underlying need of the organisation. This includes setting objectives and minimum requirements for the subject matter, and define the exclusion, selection and award criteria which will be used to identify the Most Economically Advantageous Tender (MEAT), in line with the organisation policy and EU and national regulations."
http://data.europa.eu/esco/skill/3159d806-fa7b-4803-9288-0c0417b7871c,knowledge,sector-specific,textile industry machinery products,textile industry machinery brands;textile industry machinery product;textile industry machinery merchandise;a textile industry machinery products;textile industry machinery stock;textile industry machine products;textile industry machinery goods;textile industry machinery commodities,,,"The offered textile industry machinery products, their functionalities, properties and legal and regulatory requirements."
http://data.europa.eu/esco/skill/31b67516-af16-4b97-8430-a8a8e0f84190,knowledge,cross-sector,assessment processes,assessment procedures;assessment methods;assessment practices;assessment process;assessments processes;assessments process,,,"Various evaluation techniques, theories, and tools applicable in the assessment of students, participants in a programme, and employees. Different assessment strategies such as initial, formative, summative and self- assessment are used for varying purposes."
http://data.europa.eu/esco/skill/31c69100-b612-4a61-8db5-fd314318854c,skill/competence,cross-sector,execute analytical mathematical calculations,apply analytical mathematical methods,,,Apply mathematical methods and make use of calculation technologies in order to perform analyses and devise solutions to specific problems.
http://data.europa.eu/esco/skill/31c83903-8fc8-4bd8-9ca4-7a98a9c31eae,skill/competence,cross-sector,perform customers’ needs analysis,undertake customers’ needs analysis;perform a customers’ needs analysis;performing a customers’ needs analysis;complete customers’ needs analysis;implement customers’ needs analysis;performing customers’ needs analysis,,,Analyse the habits and needs of customers and target groups in order to devise and apply new marketing strategies and to sell more goods in a more effective way.
http://data.europa.eu/esco/skill/3204e6a3-676d-4824-806d-b34c6b798f31,skill/competence,sector-specific,understand the emotional dimension of a performance,define the emotional dimension of a performance;understand a performance's emotional dimension;understand a performance from an emotional dimension;sense the emotional dimension of a performance,,,"Identify the specific aspects of a cast and the emotions elicited by the performers' physical transformations. Sense the emotional charge of choreographic sequences, the arrangement of elements, in the use of space. Identify the emotional curve."
http://data.europa.eu/esco/skill/321f7ade-ba43-4923-a432-54df75ec80a5,skill/competence,cross-sector,translate spoken language consecutively,generate spoken translation consecutively;consecutively translating spoken language;consecutively translate spoken language;consecutive spoken language translating;deliver spoken translation consecutively;provide spoken translation consecutively,,,"Translate what a speaker says when the speakers pauses after two or more sentences, accurately and completely and based upon your notes. The speaker will wait until the interpreter finishes before proceeding."
http://data.europa.eu/esco/skill/32428b21-514b-42c2-81b5-244a7804ea74,knowledge,sector-specific,procurement of ICT network equipment,network equipment vendors;NEC;Alcatel-Lucent;Ericsson;Juniper Networks;Avaya;Ciena,NEC;Alcatel-Lucent;Ciena;Avaya;Juniper Networks;Ericsson,,The products available from network equipment providers and methods for selecting and procuring the equipment.
http://data.europa.eu/esco/skill/324f0243-1a21-4f5c-9f71-52eebc2596ed,knowledge,cross-sector,interview techniques,interview practices;interviewing techniques;interview procedures;interview methods;interview technique,,,The techniques for getting information out of people by asking the right questions in the right way and to make them feel comfortable.
http://data.europa.eu/esco/skill/3254275d-a1b5-4640-9481-02f38780ac35,skill/competence,cross-sector,develop organisational policies,create organisational policies;develop organizational policies;generate organisational policies;develop policies for organisation;come up with organisational policies;developing organisational policies;develop organisational policy,,,Develop and supervise the implementation of policies aimed at documenting and detailing the procedures for the operations of the organisation in the lights of its strategic planning.
http://data.europa.eu/esco/skill/326686e4-a55f-4eba-9d07-1c86408d5c5e,skill/competence,cross-sector,present evidence,confer testimony;confer evidence;tender evidence;provide testimony;provide evidence;give testimony;tender testimony;give evidence,,,"Present evidence in a criminal or civil case to others, in a convincing and appropriate manner, in order to reach the right or most beneficial solution."
http://data.europa.eu/esco/skill/326809fc-238d-40c2-881e-40042f7f2f0d,skill/competence,cross-sector,establish collaborative relations,create collaborative relations;build collective relations;begin collaborative relations;institute collective relations;begin collective relations;create collective relations;build collaborative relations;institute collaborative relations,,,Establish a connection between organisations or individuals which may benefit from communicating with one another in order to facilitate an enduring positive collaborative relationship between both parties.
http://data.europa.eu/esco/skill/327d15c8-29ff-4ad4-a4fe-6536d777a45f,knowledge,sector-specific,documentation types,documentation types of product life cycle;internal documentation types of product life cycle;internal documentation types;technical documentation types;external documentation types,,,The characteristics of internal and external documentation types aligned with the product life cycle and their specific content types.
http://data.europa.eu/esco/skill/32fff719-0b03-4370-a0f4-25abbce2f221,skill/competence,occupation-specific,analyse processes influencing health care delivery,examine processes influencing health care delivery;investigate processes influencing health care delivery;analyse actions influencing health care delivery;analyze processes influencing health care delivery;analyze process influencing health care delivery;observe processes influencing health care delivery,,,"Investigate the communication between healthcare practitioners and patients, observing psychological interventions to improve communication, adherence, preparation for stressful medical procedures, and other topics of interest."
http://data.europa.eu/esco/skill/33406020-ae9d-495f-a635-0b97e5346d8c,knowledge,cross-sector,legislation procedure,legislation policies;law making methods;law making strategies;legislation methods;legislation strategies;law making policies;law making measures;legislation measures,,,"The procedures involved in the making of laws and legislation, such as which organisations and individuals are involved, the process of how bills become laws, the proposal and reviewing process, and other steps in the legislation procedure."
http://data.europa.eu/esco/skill/334cd662-0415-44ac-bc8a-e24b320b4284,skill/competence,cross-sector,communicate about youth's well-being,speak about the young persons well-being;speak about the youth's well-being;communicate on the youth's well-being;tell on the youth's well-being;tell on the young persons well-being;inform on the youth's well-being;inform on the young persons well-being,,,"Communicate about youth's behaviour and welfare with parents, schools and other people in charge of the youth's upbringing and education."
http://data.europa.eu/esco/skill/334e3e49-fb02-4051-809a-f06adfdc1c40,skill/competence,cross-sector,troubleshoot,troubleshoot problems;deal with problems;troubleshooting;identify problems;identifying problems;perform troubleshooting,,,"Identify operating problems, decide what to do about it and report accordingly."
http://data.europa.eu/esco/skill/335c86f4-683e-410d-a708-ab1bb8985b10,skill/competence,occupation-specific,apply health psychological measures,apply health psychological measure;use health psychological measures;apply a health psychology measure;implement health psychological measures;apply health psychology measures;implement health related psychological measures,,,"Apply health psychological measures on persons of all ages and groups regarding health behavior, particularly with regard to health related risk behaviors such as diet, exercise, smoking, including advice in relation to the promotion and maintenance of health and the prevention of health risks, taking into account leisure and work."
http://data.europa.eu/esco/skill/3379edec-4d25-4135-83c1-2bf47b2fb52e,skill/competence,cross-sector,research taxation procedures,understand research taxation strategies;understand research taxation plans;research taxation plans;research taxation processes;research taxation measures;research taxation strategies;understand research taxation measures,,,"Research the procedures which regulate taxation activities such as the procedures involved in the calculation of tax for organisations or individuals, the taxation handling and inspection process, and tax returns processes."
http://data.europa.eu/esco/skill/339ac029-066a-4985-9f9d-b3d7c8fea0bb,skill/competence,cross-sector,manage staff,supervise staff;coordinate and monitor employees;undertake HR processes;supervise personnel;implement HR actions;supervise employees;perform HR;conduct HR activities;manage personnel;manage subordinates;manage team;manage employees;coordinate and monitor subordinates;coordinate and monitor staff,,,"Manage employees and subordinates, working in a team or individually, to maximise their performance and contribution. Schedule their work and activities, give instructions, motivate and direct the workers to meet the company objectives. Monitor and measure how an employee undertakes their responsibilities and how well these activities are executed. Identify areas for improvement and make suggestions to achieve this. Lead a group of people to help them achieve goals and maintain an effective working relationship among staff."
http://data.europa.eu/esco/skill/33a82b83-c838-4889-ae62-fae1317481eb,skill/competence,cross-sector,protect personal data and privacy,protect online privacy and identity;review online privacy settings;take action to ensure online privacy;safeguard online identity and privacy;protect digital privacy;protect digital identity;safeguarding online privacy and identity;safeguard online privacy and identity;keep online privacy and identity secure;defend online privacy and identity;safeguard online privacy and identities,,,Protect personal data and privacy in digital environments. Understand how to use and share personally identifiable information while being able to protect oneself and others from damages. Understand that digital services use a “Privacy policy” to inform how personal data is used.
http://data.europa.eu/esco/skill/33c01497-8264-4773-81dd-6096ad512f02,knowledge,cross-sector,health care occupation-specific ethics,health care occupation specific ethics;medical ethics;health care occupation-specific moral rules and principles;ethical standards in health care;ethic standards in medicine;health care occupation-specific moral standards;ethical obligations in occupation;moral rules and principles in health care,,,"The moral standards and procedures, ethical questions and obligations specific to occupations in a health care setting such as respect for human dignity, self-determination, informed consent and patient confidentiality."
http://data.europa.eu/esco/skill/33efa504-2f26-424d-b662-cee77e6e9c93,knowledge,sector-specific,digital identity management,IAM;digital identity methods,,,"The process of providing, managing, auditing and securing digital identities to facilitate and enable approved, authentic requests or connections to view company data, services, systems, networks, and assets."
http://data.europa.eu/esco/skill/33f39236-ab8c-4554-b80c-ca506cafde45,skill/competence,sector-specific,evaluate social work program's impact,evaluate impact of social work program;evaluate social work programs' impact;impact evaluation of social work program;evaluate social work programmes' impact;impact evaluation of social work programs;impact evaluation of social work programme;evaluate impact of social work programme;impact evaluation of social work programmes;evaluate social work programme's impact;collect data to evaluate social work programme,,,Gather data to allow the assessment of the impact of a program on a community.
http://data.europa.eu/esco/skill/3419fac9-575d-4492-a018-edff6f4dae26,knowledge,cross-sector,environmental legislation in agriculture and forestry,impact of environmental legislation in in agriculture and forestry;agriculture and forestry environmental legislation;agriculture and forestry environmental regulation;implications of environmental regulation in in agriculture and forestry;implications of environmental legislation in in agriculture and forestry;scope of environmental legislation in in agriculture and forestry;range of environmental legislation in in agriculture and forestry;range of environmental regulation in in agriculture and forestry;scope of environmental regulation in in agriculture and forestry;impact of environmental regulation in in agriculture and forestry,,,"Awareness on environmental legislation, policies, principles relevant for agriculture and forestry. Awareness of the impact on the environment of local agricultural procedures and practices. Means to adjust the production to new environmental regulations and policies."
http://data.europa.eu/esco/skill/342af3a1-4fdc-4ddc-898a-bb82a7f62efe,skill/competence,sector-specific,record healthcare users' progress related to treatment,record health care users' progress related to treatment;record healthcare user's progress related to treatment;keep track of healthcare users' treatment progress;record healthcare users' treatment progress;observe healthcare users' progress related to treatment,,,"Record the healthcare user's progress in response to treatment by observing, listening and measuring outcomes."
http://data.europa.eu/esco/skill/344d8c63-0bc2-4a70-9fea-cfe3ca5a6ca0,skill/competence,sector-specific,check processing parameters,assess processing parameters;processing parameter checks;test processing parameters;checking processing parameters;check a processing parameter;check investigate processing parameters;audit processing parameters,,"It includes checking moisture in food products to keep under control different technological processes such as drying, milling, etc.;It also includes controlling humidity in germination equipment.",Check processing parameters to keep under control the technological processes.
http://data.europa.eu/esco/skill/348b74cd-49ce-4844-8bdf-ec188b497213,knowledge,sector-specific,visual presentation techniques,Infoviz;information visualisation;visualization interface;Infovis;information visualization,Prezi,,"The visual representation and interaction techniques, such as histograms, scatter plots, surface plots, tree maps and parallel coordinate plots, that can be used to present abstract numerical and non-numerical data, in order to reinforce the human understanding of this information."
http://data.europa.eu/esco/skill/34d6ed30-5d35-44b9-9498-fd15badb5f28,skill/competence,cross-sector,advise on market strategies,recommend market measures;recommend market-related measure;offer suggestions on market-related measures;advise on market-related measures;recommending market-related measures;recommend market-related measures;recommend market-related actions,,,"Analyse information and recommend possible improvements, market strategies, and customer preferences in order to adapt the company's market approach."
http://data.europa.eu/esco/skill/3556c075-eee0-4549-b730-48ae70cb5af9,knowledge,cross-sector,funding methods,funding method;funding techniques;methods for funding;financial support methods,,,"The financial possibilities for funding projects such as the traditional ones, namely loans, venture capital, public or private grants up to alternative methods such as crowdfunding."
http://data.europa.eu/esco/skill/3579208e-49b3-4ce4-98e7-20e41b1ce8d4,skill/competence,sector-specific,develop information security strategy,define information security approach;define information security strategy,,,"Create company strategy related to the safety and security of information in order to maximise information integrity, availability and data privacy."
http://data.europa.eu/esco/skill/3586cb90-3fff-48ae-847b-e28a6680a87a,knowledge,sector-specific,private law,principles of private law,,,"The subfield of law that studies the legal framework that regulates the relationships between individuals as well as between individuals and the government in a country. It includes property law and trust, family law, contract law and the law of tort. In some legal systems, it is referred as common law."
http://data.europa.eu/esco/skill/35f1f02e-f1b9-44a2-92d3-032a16fe586e,skill/competence,sector-specific,work with healthcare users under medication,work with patients using prescribed medications;work with health care users on medication;work with healthcare users on medication;work with a healthcare user under medication;work with health care users under medication;work with service users under medication;work with service users on medication,,,Work with healthcare users who are using prescribed medications and other drugs.
http://data.europa.eu/esco/skill/3659c733-e366-4a2f-86c6-304ab01481cc,knowledge,sector-specific,literary theory,theory of literature;genres and application of literature;genres of literature;literary theory and application;nature of literature,,,The different genres of literature and the way they fit into specific scenes.
http://data.europa.eu/esco/skill/36931cb7-ca3f-4be1-8428-f38eefc8e1ed,skill/competence,cross-sector,execute email marketing,enact email marketing;email marketing execution;undertake email marketing;achieve email marketing;carry out email marketing;executing email marketing;execution of email marketing,,,"Conceptualise and write targeted customer emails, manage customer emails for the brand email marketing programmes in order to ensure enhanced profit and improved customer communication and prospection."
http://data.europa.eu/esco/skill/36bca324-45b8-4a90-925c-9f61f6b7bed4,skill/competence,cross-sector,prepare cost-plus pricing models,arrange cost-plus pricing models;supply cost-plus pricing models;plan cost-plus pricing models;preparing cost-plus pricing models;provide cost-plus pricing models;develop cost-plus pricing models;prepare a cost-plus pricing model;preparing a cost-plus pricing model,,,"Make up cost and pricing models on a regular basis by taking into account the cost of materials and supply chain, personnel and operating costs."
http://data.europa.eu/esco/skill/36e9c099-614e-44f1-ab0a-5e6fda4a0763,skill/competence,cross-sector,undertake inspections,assess and report on safety;perform safety inspections;identify and analyse safety hazards;perform inspections;conduct safety inspections;inspect safety;identify and report on potential safety hazards;conduct inspections;undertake safety inspections;identify safety hazards;perform safety inspection activities,,,Undertake safety inspections in areas of concern to identify and report potential hazards or security breaches; take measures to maximise safety standards.
http://data.europa.eu/esco/skill/36fe44b2-af36-4467-9be8-601e64b3dbc7,skill/competence,cross-sector,liaise with educational support staff,communicate with educational support staff;coordinate with educational support staff;liaises with educational support staff;liaising with educational support staff;mediate with educational support staff,,,"Communicate with education management, such as the school principal and board members, and with the education support team such as the teaching assistant, school counsellor or academic advisor on issues relating the students' well-being."
http://data.europa.eu/esco/skill/36ff57b0-637d-4a83-a0e8-d14f86f9f078,skill/competence,cross-sector,analyse scientific data,analyse science data;analysing scientific data;analyze scientific data;examine scientific data;study scientific data;scrutinize;review scientific data;survey scientific data,,,Collect and analyse scientific data resulting from research. Interpret these data according to certain standards and viewpoints in order to comment on it.
http://data.europa.eu/esco/skill/3703eac1-8941-4d14-b305-b03f653b08c8,skill/competence,sector-specific,create online news content,creating online news content;make online news content;produce online news content;develop online news content;create on-line news content;create news content online,,,"Create and upload news content for e.g. websites, blogs and social media."
http://data.europa.eu/esco/skill/373be061-01a2-421b-abf0-269ac36e847d,skill/competence,occupation-specific,perceive context when interpreting,grasp the context;understand the context;perceiving context;perceive contexts;perceive the context;comprehend the context;perceiving contexts,,,"Use situations and contexts to more fully grasp the meaning of what is said. Understanding the people involved and the situation, such as mood and setting, will allow for a more accurate interpretation because the interpreter will therefore be acquainted with the position of the speaker."
http://data.europa.eu/esco/skill/3757c242-0042-4940-aedb-2af63e080dba,skill/competence,sector-specific,apply crisis intervention,methodologically respond to crisis;apply crisis interventions;intervene in crisis;intervene in crises;apply crisis intervention measures,,,"Respond methodologically to a disruption or breakdown in the normal or usual function of a person, family, group or community."
http://data.europa.eu/esco/skill/377861af-f966-4c87-a2db-7e99904312b9,knowledge,sector-specific,geographic information systems,RS;gis;GIS;remote sensing;GPS;global positioning systems;gps;geospatial technologies;rs,ArcGIS;QGIS,,"The tools involved in geographical mapping and positioning, such as GPS (global positioning systems), GIS (geographical information systems), and RS (remote sensing)."
http://data.europa.eu/esco/skill/3786b61f-f22e-48d1-af8d-ad4c354534db,knowledge,cross-sector,manufacturing processes,a manufacturing process;manufacturing measures;manufacturing process;manufacturing procedures;process of manufacturing;manufacturing system;manufacturing mechanisms,,,"The steps required through which a material is transformed into a product, its development and full-scale manufacturing."
http://data.europa.eu/esco/skill/378caeec-10a0-4162-b75c-ab374a42e93d,knowledge,sector-specific,e-procurement,e buying;e purchasing;e-procuring;e tendering;e selling,,,The functioning and methods used to manage electronic purchases.
http://data.europa.eu/esco/skill/37a438f3-e28c-4e32-83c5-299f047c1dc9,skill/competence,cross-sector,apply tools for content development,use terminology management tools;use content development tools;use translation memory systems;use language checkers;use language editing tools,,,"Use specialised content development tools such as content and terminology management systems, translation memory systems, language checker and editors to generate, compile and transform content according to specified standards."
http://data.europa.eu/esco/skill/37bc4dc0-1233-4008-98db-1116d0c1cfcc,skill/competence,sector-specific,define security policies,plan and implement security policies;design and implement security policies,,,"Design and execute a written set of rules and policies that have the aim of securing an organisation concerning constraints on behaviour between stakeholders, protective mechanical constraints and data-access constraints."
http://data.europa.eu/esco/skill/382c11ed-20d5-4ae7-b60e-15fec527fa6c,skill/competence,cross-sector,apply statistical analysis techniques,apply numerical analysis to data;apply JMP statistical analysis techniques;apply minitab statistical analysis techniques,,,"Use models (descriptive or inferential statistics) and techniques (data mining or machine learning) for statistical analysis and ICT tools to analyse data, uncover correlations and forecast trends."
http://data.europa.eu/esco/skill/3838a64c-78dc-4f3f-a0c0-9f604e33eefd,skill/competence,cross-sector,maintain internal communication systems,maintenance of internal communication systems;apply internal communcation skills;internal communication systems maintenance;maintaining internal communication systems;communicate internally;maintain staff communication systems;communicate within the company;maintaining of internal communication systems,,,Maintain an effective internal communication system among employees and department managers.
http://data.europa.eu/esco/skill/384ed14c-bf1f-4a65-aef6-6e711f43c4ce,skill/competence,cross-sector,advise on economic development,help with fiscal policy;instruct on economic development;commend economic progress;recommend economic progress;commend economic development;recommend economic development;help with economic development;instruct on economic progress,,,Advise organisations and institutions on the factors and steps they could take which would promote and ensure economic stability and growth.
http://data.europa.eu/esco/skill/38509fa4-7c06-4a4b-9622-f521f03c37b8,knowledge,cross-sector,photography,picture taking;shooting,,,Art and practice of creating aesthetically appealing images by recording light or electromagnetic radiation.
http://data.europa.eu/esco/skill/385479b7-5da5-4367-9763-0d15b41bb65b,skill/competence,cross-sector,provide user documentation,develop user documentation,,,"Develop and organise the distribution of structured documents to assist people using a particular product or system, such as written or visual information about an application system and how to use it."
http://data.europa.eu/esco/skill/38716afc-a93b-44ab-96cc-2ecf67edcf32,skill/competence,sector-specific,do cloud refactoring,optimise cloud services;perform cloud refactoring;optimise cloud features;refactor cloud services;do cloud features refactoring,,,"Optimise application to best use cloud services and features, migrate existing application code to run on cloud infrastructure."
http://data.europa.eu/esco/skill/38788a64-6271-40ff-9e0b-5644c38322ff,knowledge,sector-specific,consultation methods,consultation techniques;means of consultation;methods of consultation;techniques for consultation;methods for consultation,,,"Techniques used to facilitate clear and open communication and the provision of advice between individuals, communities or the government, such as discussion groups or one-on-one interviews."
http://data.europa.eu/esco/skill/387ee646-0aaa-4161-ab3b-cde87ec09fdf,knowledge,cross-sector,public finance,government income;government revenues;government taxations;public taxations;public income;public money;public revenues;government money,,,"The economic influence of the government, and the workings of government revenue and expenditures."
http://data.europa.eu/esco/skill/38a5c459-c591-4f76-a358-37de342bb11d,knowledge,cross-sector,job market offers,job opportunities;labour market offers;labour market opportunities;job market offer,,,"Job opportunities available on the labour market, depending on the economic field concerned."
http://data.europa.eu/esco/skill/38da3c60-4b7c-4698-9256-574e4ee4e93b,knowledge,cross-sector,knowledge base,IT knowledge base,,,An online library that contains information about a product or service to help customers finding answers to their queries.
http://data.europa.eu/esco/skill/39020c4b-62b0-40f3-9d63-6228dbd6f3c3,skill/competence,sector-specific,identify sources on potential target communities for art,find sources on potential target communities for art;locate sources on potential target communities for art;identifying sources on potential target communities for art,,,Identify relevant sources of information relating to a potential community you could work with.
http://data.europa.eu/esco/skill/390bd026-943b-44a5-b871-def0248e26b8,skill/competence,sector-specific,analyse the scenography,analyze the scenography;analyse scenic design;analyse the scenes;analyse the stage scenery,,,Analyse the selection and distribution of material elements on a stage.
http://data.europa.eu/esco/skill/397da142-ab35-48fe-b154-7c38f447adfb,knowledge,cross-sector,digital systems,digital information systems,,,"Systems to store, process and spread information in digital form. They are hardware, software and networks, as well as the ways in which these can be employed."
http://data.europa.eu/esco/skill/398304c5-6073-4968-afc7-394fbd837d74,skill/competence,sector-specific,measure effectiveness of the service provided,measure effectiveness of the services provided;measure the quality of the service provided;measure effectiveness of services provided;develop recommendations for improving quality,,,"Use a problem-solving approach to develop and measure recommendations for improving the quality of professional practice in increasingly unpredictable contexts, contributing to change and development within the profession or service at a local, regional or national level."
http://data.europa.eu/esco/skill/39aa5c41-960d-420a-a0bb-1ad9686d6369,knowledge,cross-sector,ethical code of conduct of journalists,journalists’ code of ethics;journalists’ code of ethical conduct;conduct ethics code for journalists;code of ethical conduct for journalists;journalists’ ethical code of conduct;code of ethics for journalists,,,"The principles and rules by which journalist must abide when covering news events, such as freedom of speech, the right to be heard, and objectiveness."
http://data.europa.eu/esco/skill/39dd50ae-814c-4a15-99e9-39afcc36bf9f,knowledge,cross-sector,legal requirements in the social sector,legal requirements for the social sector;laws and regulations in the social sector;social sector's legal requirements;legislative and regulatory requirements in the social sector;legislation in the social sector,,,The prescribed legislative and regulatory requirements in the social sector.
http://data.europa.eu/esco/skill/39e43f7c-a95e-4583-be76-bb134ccce1ae,knowledge,sector-specific,financial department processes,financial department procedures;finance department processes;financial processes;financial department methods;financial department process,,,"The different processes, duties, jargon, role in an organisation, and other specificities of the financial department within an organisation. Understanding of financial statements, investments, disclosing policies, etc."
http://data.europa.eu/esco/skill/39e7d2a3-8d01-497c-8c5f-d51ab53a4a22,skill/competence,cross-sector,present arguments persuasively,undertake arguments persuasively;communicate points of view persuasively;undertake points of view persuasively;hold points of view persuasively;lead arguments persuasively;communicate arguments persuasively;hold arguments persuasively;perform negotiation abilities;lead points of view persuasively,,,"Present arguments during a negotiation or debate, or in written form, in a persuasive manner in order to obtain the most support for the case the speaker or writer represents."
http://data.europa.eu/esco/skill/39f67488-cfd3-4370-8d7e-da98163102d9,skill/competence,cross-sector,evaluate research activities,perform scholarly peer review;assess research results;assess research methodology,,,"Review proposals, progress, impact and outcomes of peer researchers, including through open peer review."
http://data.europa.eu/esco/skill/39f9b48c-04b5-4e6f-9c52-3cdb29a5a93b,knowledge,cross-sector,publishing industry,publishing trader;publishing manufacture;publishing business;the publishing industry;publishing company;publishing industries,,,"Key stakeholders in the publishing industry. Acquisition, marketing and distribution of newspapers, books, magazines and other informative works, including electronic media."
http://data.europa.eu/esco/skill/3a09d732-08b9-4c90-8fd3-34e2d69ce084,skill/competence,sector-specific,explain blockchain implications,analyse the implications of blockchain for governance;explain practical implications of blockchain,,,"Explain the consequences, impact, and implications of using blockchain technology on the business processes they drive, as well as on a larger scale, also including social and ecological aspects."
http://data.europa.eu/esco/skill/3a174b30-37a1-4ce8-aa8d-e36abca1923a,skill/competence,sector-specific,buy advertising space,pay for advertising space;buying advertising space;procure advertising space;buy ad space;purchase advertising space,,,"Analyse different advertising outlets in order to buy the most appropriate advertising space for the product or service such as newspapers, posters, and advertisements. Negotiate conditions, prices, and follow up on the delivery of the purchased deal."
http://data.europa.eu/esco/skill/3a2d5b45-56e4-4f5a-a55a-4a4a65afdc43,knowledge,cross-sector,machine learning,ML;supervised learning;machine learning models;semi-supervised learning;unsupervised learning,,,"The principles, methods and algorithms of machine learning, a subfield of artificial intelligence. Common machine learning models such as supervised or unsupervised models, semi- supervised models and reinforcement learning models."
http://data.europa.eu/esco/skill/3a5231a0-8c30-48ee-b671-08e2debd4441,knowledge,sector-specific,organisational policies,corporate policies;corporate regulations;organisational standards;organisational guidelines;institutional policies,,,The policies to achieve set of goals and targets regarding the development and maintenance of an organisation.
http://data.europa.eu/esco/skill/3a876d1c-3dd5-45ed-9a27-47cdbee46ce7,skill/competence,cross-sector,ensure information transparency,secure information transparency;establish information openness;secure information openness;provide information transparency;assure information openness;establish information transparency;provide information openness;assure information transparency,,,"Ensure that required or requested information is provided clearly and completely, in a manner which does not explicitly withhold information, to the public or requesting parties."
http://data.europa.eu/esco/skill/3aa7e88e-bebd-48b1-94ba-6efddeecf08f,skill/competence,sector-specific,protect vulnerable social service users,help vulnerable social service users;support vulnerable social service users;protect a vulnerable social service user;intervene to protect vulnerable social service users;protect vulnerable social service user;protect vulnerable social services users,,,"Intervene to provide physical, moral and psychological support to people in dangerous or difficult situations and to remove to a place of safety where appropriate."
http://data.europa.eu/esco/skill/3ab10725-db47-403a-babe-11b5ec4bad22,skill/competence,cross-sector,master language rules,have perfect command of language rules;fully understand language rules;mastering language rules;fully comprehend language rules,,,"Master the techniques and practices of the languages to be translated. This includes both your own native language, as well as foreign languages. Be familiar with applicable standards and rules and identify the proper expressions and words to use."
http://data.europa.eu/esco/skill/3ad4d492-6fae-47b3-b72a-9a7c1c17da6e,skill/competence,occupation-specific,perform financial analysis on price strategies,complete financial analysis on price strategies;perform a financial analysis on price strategies;undertake financial analysis on price strategies;performing a financial analysis on price strategies;perform financial analysis on a price strategy;implement financial analysis on price strategies,,,Make up a thorough financial analysis for a business. Monitor pricing actions and strategies.
http://data.europa.eu/esco/skill/3b3b7373-220a-4287-87cf-e24a208b63c6,knowledge,cross-sector,quality and cycle time optimisation,quality and cycle time upturn;quality and cycle time development;quality and cycle time expansion;quality and cycle time optimization;quality and cycle time escalation;improvement and rotational timescale expansion;improvement and rotational timescale upturn;improvement and rotational timescale development;improvement and rotational timescale escalation,,,The most optimal rotation or cycle time and over-all quality of a tool or a machine's processes.
http://data.europa.eu/esco/skill/3b660a83-91c3-4c9d-8f82-2d306777a42f,skill/competence,cross-sector,evaluate education programmes,audit teaching and training programmes;inspect teaching and training programmes;inspect education programmes;assess education programmes;check education programmes;assess teaching and training programmes;check teaching and training programmes;evaluate education programs;audit education programmes,,,Evaluate ongoing training programmes and advise on potential optimisation.
http://data.europa.eu/esco/skill/3bc08c26-2f98-4730-bbb6-ec4a8566e3cf,knowledge,sector-specific,procurement lifecycle,procurement stages,,,The procurement lifecycle includes the various phases from planning and pre-publication to post-award and contract management.
http://data.europa.eu/esco/skill/3bddfd7c-ab6d-40c2-883d-5e97fb7640ba,skill/competence,sector-specific,create software design,create application design,,,Transpose a series of requirements into a clear and organised software design.
http://data.europa.eu/esco/skill/3be6b84a-fa78-42b9-a8df-150cdb40b9d7,knowledge,sector-specific,ICT quality policy,ICT quality control,,,"The quality policy of the organisation and its objectives, the acceptable level of quality and the techniques to measure it, its legal aspects and the duties of specific departments to ensure quality."
http://data.europa.eu/esco/skill/3be79ccc-a455-49b9-8c65-55c50071ba5b,knowledge,sector-specific,distributed ledger technology,principles of distributed ledger technology,,,"The distributed ledger theories, applied principles, architectures and systems, such as decentralization, consensus mechanisms, smart contracts, trust, etc."
http://data.europa.eu/esco/skill/3c03ee71-4a23-448f-b79e-81fd75d27dca,skill/competence,cross-sector,apply change management,utilise change management;alter management;rework management;apply changing management;change management application;administer change management;revise management;implement change management;change management;employ change management;applying change management,,,Manage development within an organisation by anticipating changes and making managerial decisions to ensure that the members involved are as less disturbed as possible.
http://data.europa.eu/esco/skill/3c209873-c757-47bb-91b5-9b6dc05df116,knowledge,cross-sector,banking activities,banking activity,,,"The broad and continuously growing banking activities and financial products managed by banks ranging from personal banking, corporate banking, investment banking, private banking, up to insurance, foreign exchange trading, commodity trading, trading in equities, futures and options trading."
http://data.europa.eu/esco/skill/3c2e6f38-42c1-46ec-b782-5854b2db330d,knowledge,sector-specific,blockchain openness,public blockchain;permissioned blockchain;private blockchain;permissionless blockchain;hybrid blockchain,,,"The different levels of openness of a blockchain, their differences, and their advantages and disadvantages. Examples are permissionless, permissioned, and hybrid blockchains."
http://data.europa.eu/esco/skill/3c42d13b-d6e4-4ed9-bdc4-991251461dc4,knowledge,sector-specific,engineering control theory,control theory,,,The interdisciplinary branch of engineering that deals with the behaviour of dynamical systems with inputs and how their behaviour is modified by feedback.
http://data.europa.eu/esco/skill/3c4c3fa1-d638-42df-8e98-2a38021da6f9,skill/competence,cross-sector,use software for data preservation,preserve digital evidence,,,Utilise specialised applications and software to collect and preserve digital information.
http://data.europa.eu/esco/skill/3c5b51d9-52c4-4f38-9c1b-3cdebe38120f,skill/competence,sector-specific,implement risk management in procurement,implement procurement risk management;manage risk management in procurement;execute risk management in procurement;execute procurement risk management,,,Identify the different types of risks in public procurement processes and apply mitigation measure and internal control and audit processes. Adopt a proactive approach to protect the interests of the organisation and the public good.
http://data.europa.eu/esco/skill/3c76296d-4bbd-44ba-8eaa-95bf275f79b7,skill/competence,sector-specific,manage ICT project,lead ICT projects,,,"Plan, organize, control and document procedures and resources, such as human capital, equipment and mastery, in order to achieve specific goals and objectives related to ICT systems, services or products, within specific constraints, such as scope, time, quality and budget."
http://data.europa.eu/esco/skill/3c834f6e-523a-49ee-8ed1-e073e28ae6fe,skill/competence,cross-sector,develop communications strategies,prepare communications strategies;draft communications strategies;draw up communications strategies;develop communications strategy;developing communications strategies;define communications strategies;compile communications strategies;developing communications strategy;write communications strategies,,,"Manage or contribute to the conception and implementation of an organisation's internal and external communications plans and presentation, including its online presence."
http://data.europa.eu/esco/skill/3c8c9fe5-bbc6-4a0b-8cf2-a839aeef585c,skill/competence,sector-specific,communicate with media,communicate with sponsors and media;communicating with the media;communicate with representative of the media;communicate with the media,,,Communicate professionally and present a positive image while exchanging with media or potential sponsors.
http://data.europa.eu/esco/skill/3cb348a4-e49e-4fe2-a403-d558dce1b38d,knowledge,cross-sector,family law,family rules;family regulations;family court procedures;family legal processes,,,"The legal rules that govern family-related disputes between individuals such as marriages, child adoption, civil unions, etc."
http://data.europa.eu/esco/skill/3cb68bb2-66fc-495a-af82-012338a9402b,skill/competence,cross-sector,interpret business information,interpreting business information;study business information;read and understand business information;interpret business info,,,"Retrieve and analyse different kinds of information with regards to the management of a business in order to draw conclusions on projects, strategies, and developments."
http://data.europa.eu/esco/skill/3cbe8b8d-69ba-4faa-9a7c-4cb95769df88,knowledge,cross-sector,politics,political;politician;politic,,,"The method, process and study of influencing people, gaining control over a community or society, and the distribution of power within a community and between societies."
http://data.europa.eu/esco/skill/3cd304db-9df0-4f22-9759-9ed86155876c,skill/competence,cross-sector,show consideration for student's situation,express consideration for student's situation;show consideration for student situation;show consideration for students’ situation;demonstrate consideration for student's situation;exhibit consideration for student's situation;show consideration for students’ situations,,,"Take students' personal backgrounds into consideration when teaching, showing empathy and respect."
http://data.europa.eu/esco/skill/3cd35f5d-ce6d-4f14-9a09-53d7a28d834c,skill/competence,sector-specific,maintain relationship with suppliers,maintaining relationship with suppliers;control relationship with suppliers;manage relationship with suppliers;sustain relationship with suppliers;maintain a relationship with suppliers;maintain relationship with a supplier;preserve relationship with suppliers,,,"Build a lasting and meaningful relationship with suppliers and service providers in order to establish a positive, profitable and enduring collaboration, co-operation and contract negotiation."
http://data.europa.eu/esco/skill/3cd569a2-4f88-4c1e-9995-8dce8c5e51a7,knowledge,sector-specific,JavaScript,Client-side JavaScript;Live Script;Escript;CSJS;Mocha;Server-side JavaScript,JavaScript 1.7;Live-Script;Javascript;JavaScript 1.6;Live-script;Java script;JavaScript,,"The techniques and principles of software development, such as analysis, algorithms, coding, testing and compiling of programming paradigms in JavaScript."
http://data.europa.eu/esco/skill/3cdf3193-e070-40aa-a1b1-ab985db2c647,knowledge,cross-sector,editorial standards,editorial requirements;editorial standard;editorial expectations;editorial norms,,,"The guidelines on how to deal with and report on privacy, children, and death according to impartiality, and other standards."
http://data.europa.eu/esco/skill/3ce1fe19-7f9e-4070-941d-651673a5693b,knowledge,sector-specific,decision support systems,decision-making tools;decision support matrix;decision support software,,,The ICT systems that can be used to support business or organisational decision making.
http://data.europa.eu/esco/skill/3cfa46e9-b7da-44ac-b09e-9596dffe0425,skill/competence,sector-specific,optimise choice of ICT solution,enhance choice of ICT solution;carry out ICT planning;carry out ICT strategic planning;select ICT solution;perform ICT planning;perform ICT strategic planning,,,"Select the appropriate solutions in the field of ICT while taking into account potential risks, benefits and overall impact."
http://data.europa.eu/esco/skill/3d3db1e7-b041-495e-8a93-deeacded8a2f,skill/competence,cross-sector,test for emotional patterns,emotional-patterns test;discern patterns in emotions;emotional pattern test;diagnose emotional patterns;emotional-patterns-test;test for patterns in emotions,,,Discern patterns in the emotions of individuals by using various tests in order to understand the causes of these emotions.
http://data.europa.eu/esco/skill/3d3ee5c3-4286-457f-9f76-1704011f7e11,skill/competence,cross-sector,comply with legal regulations,legal regulation compliance;comply with legal rules;comply with legal legislation;comply with legal laws;comply with legal statutes;comply with a legal regulation;complying with legal regulations,,,"Ensure you are properly informed of the legal regulations that govern a specific activity and adhere to its rules, policies and laws."
http://data.europa.eu/esco/skill/3d96dc4c-d812-4015-b1f9-8307c086c595,skill/competence,cross-sector,evaluate marketing content,inspect marketing content;assess marketing content;evaluate content for marketing;evaluating marketing content;rate marketing content,,,"Revise, assess, align, and approves marketing material and content defined in the marketing plan. Evaluate written word, images, print or video advertisements, public speeches, and statements in accordance with the marketing objectives."
http://data.europa.eu/esco/skill/3dbf27e5-bb92-4b31-b242-d6b02d933184,skill/competence,sector-specific,contribute to protecting individuals from harm,practice protect service users from harm;challenge and report dangerous behaviour;protect social service users from danger;support individuals in preventing exploitative behaviour;support social service users in preventing harmful practice;protect service users from harmful practices;protect social service user from harm,,,"Use established processes and procedures to challenge and report dangerous, abusive, discriminatory or exploitative behaviour and practice, bringing any such behaviour to the attention of the employer or the appropriate authority."
http://data.europa.eu/esco/skill/3e04e39d-9eb6-4167-ad2d-e3413f647e4e,skill/competence,cross-sector,organise business documents,collate business documents;organising business documents;collect and sort business documents;organize business documents,,,"Put together documents coming from the photocopier, the mail, or the daily operations of businesses."
http://data.europa.eu/esco/skill/3e23db60-0c3d-498a-a6ac-ffbed0ecb033,knowledge,sector-specific,ICT accessibility standards,digital accessibility standards;accessibility standards and guidelines;assistive technology standards,,,"The recommendations for making ICT content and applications more accessible to a wider range of people, mostly with disabilities, such as blindness and low vision, deafness and hearing loss and cognitive limitations. It includes standards such as Web Content Accessibility Guidelines (WCAG)."
http://data.europa.eu/esco/skill/3e2ab38a-4519-4bef-b762-a8bf4836a775,skill/competence,cross-sector,perform dimensionality reduction,data feature engineering;t-distributed stochastic neighbor embedding;data feature extraction;data feature selection;multidimensional scaling;t-SNE;Kohonen self-organizing map,,,"Reduce the number of variables or features for a dataset in machine learning algorithms through methods such as principal component analysis, matrix factorization, autoencoder methods, and others."
http://data.europa.eu/esco/skill/3e2d3720-84e3-4b4f-84db-013fe1fea42f,skill/competence,sector-specific,study musical scores,study music compositions;study music scores;learn sheet music,,,Study musical scores and develop various interpretations.
http://data.europa.eu/esco/skill/3e679f1c-e515-4f1b-82b3-2a7e848183a5,skill/competence,sector-specific,advise on drafting policies,team up with in the drafting of policies;cooperate in the drafting of policies;collaborate policy drafting;work together in the drafting of policies;collaborate in the drafting of policy;collaborating in the drafting of policies;collaborate in the drafting of policies,,,"Provide specific knowledge and relevant considerations (e.g. financial, legal, strategic) on matters which should be considered when drafting policies."
http://data.europa.eu/esco/skill/3e7516dc-0f7c-4686-8b2f-fade4e5d21be,knowledge,sector-specific,3D texturing,3D Surface Texturing Techniques;3D texturing process,,,The process of applying a type of surface to a 3D image.
http://data.europa.eu/esco/skill/3e8e862d-2f1a-40c6-bb6d-d1d7eeb78854,skill/competence,sector-specific,analyse large-scale data in healthcare,analyse large-scale data in health care;analyse statistics in healthcare;analyse statistic in healthcare;interpret large-scale data in healthcare;assay large-scale data in healthcare;evaluate large-scale data in healthcare;carry out large-scale data in healthcare;analyze large-scale data in healthcare;examine large-scale data in healthcare;analyse big data in healthcare,,,"Carry out large-scale data gathering such as questionnaire surveys, and analyse the obtained data."
http://data.europa.eu/esco/skill/3e9b580d-811b-48df-a5d1-a7bdd26f901f,skill/competence,cross-sector,prepare financial auditing reports,write up auditing financial reports;make auditing financial reports ready;prepare auditing reports;formulate auditing financial reports;preparing financial auditing reports;prepare reports on financial audits;prepare auditing financial report,,,"Compile information on audit findings of financial statements and financial management in order to prepare reports, point out improvement possibilities, and confirm governability."
http://data.europa.eu/esco/skill/3ebc672a-8049-4305-8c42-0e9168b92798,skill/competence,occupation-specific,analyse booking patterns,examine reservation trends;analyse patterns in bookings;analyse booking pattern;observe behaviour trends in bookings;analyze booking patterns,,,"Study, understand and predict recurring patterns and behaviours in booking."
http://data.europa.eu/esco/skill/3ec2e4d6-7000-4905-bf1a-c5b1679416de,knowledge,occupation-specific,data warehouse,enterprise data storage;data warehouse solutions;data repository,,,The data storage system that analyses and reports on data such as a data mart.
http://data.europa.eu/esco/skill/3eefeaa0-54c0-4199-83a3-0a71078ba1c5,skill/competence,cross-sector,assess risks of clients' assets,assess risks of client's assets;identify risks of clients' assets;assess clients' assets risk;assessing risks of clients' assets;assess risks of clients' asset;perform risk analysis of clients' assets,,,"Identify, evaluate and determine the actual and potential risks of your clients’ assets, considering confidentiality standards."
http://data.europa.eu/esco/skill/3f82a026-8a37-4b54-9ebb-7702b66eeb24,skill/competence,sector-specific,perform environmental investigations,undertaking of environmental investigations;undertake environmental investigations;undertaking environmental investigations;performing of environmental investigations;environmental investigation performing;environmental investigations performing;performing environmental investigations;environmental investigation undertaking;environmental investigations undertaking,,,"Perform environmental investigations as required, checking regulatory proceedings, possible legal actions or other types of complaint."
http://data.europa.eu/esco/skill/3f86173d-e101-4fcd-934f-ff9de29c081c,skill/competence,occupation-specific,perform system analysis,carry out system analysis;execute system analysis;analyse systems;assess performance of systems;undertake systems analysis;carry out systems analysis;assess system performance;analyse performance of systems;evaluate performance of systems;undertake system analysis;analyse systems and assess how changes could affect outcomes;perform systems analysis;analyse system performance,,,Execute system analyses and calculate to what extent changes could affect outcomes.
http://data.europa.eu/esco/skill/3fb8b724-1d52-4d11-b8b8-1776f558d1f0,skill/competence,occupation-specific,design ICT hardware placement,specify ICT hardware placement in buildings;design ICT hardware placement in buildings;plan ICT hardware placement in buildings;specify ICT hardware placement,,,Describe and plan how cables and related hardware items will be placed throughout the building.
http://data.europa.eu/esco/skill/3fcc49e8-71f8-4265-9e48-2e8c3465340a,skill/competence,cross-sector,provide information on study programmes,provides information on study programmes;supply information on study programmes;provide information on study programs;provide information on study program;offer information on study programmes;make information on study programmes available;providing information on study programmes,,,"Provide information on the different lessons and fields of study offered by educational institutions such as universities and secondary schools, as well as the study requirements and employment prospects."
http://data.europa.eu/esco/skill/3fe84b03-b2a5-450e-9210-10c124af738c,knowledge,sector-specific,client-centred counselling,patient-focussed counselling;patient-centered counseling;client-centered counseling;patient-centred counselling,,,Practice that encourages clients to concentrate on how they feel at the present moment during the counseling session in order to search for the most appropriate solutions.
http://data.europa.eu/esco/skill/3ff589b7-68df-4ea5-ae41-b395bdb2378f,knowledge,sector-specific,ICT security standards,ICT security compliances;cyber security frameworks;IT security frameworks;cyber security compliances;ICT security frameworks;information security compliances;information security frameworks;cyber security standards;IT security compliances;IT security standards;information security standards,,,"Best practices and guidelines established for securing information and communication technology (ICT) systems and data. Standards as is the case of ISO 27000 series, provide a framework for implementing effective security controls, including access control, risk assessment and incident management, as well as to provide compliance of anorganisation."
http://data.europa.eu/esco/skill/401d8d12-b56d-4c71-ac58-f791e8c085b4,skill/competence,cross-sector,liaise with financiers,liaising with financiers;network with financiers;liaise with financier;interact with financiers;schmooze with financiers,,,Liaise with people willing to finance the project. Negotiate deals and contracts.
http://data.europa.eu/esco/skill/401eb8d8-6daa-4f8b-90ad-60afc71eb4f8,knowledge,sector-specific,Perl,Practical Extraction and Report Language;PONIE,PONIE;Practical Extraction and Report Language,,"The techniques and principles of software development, such as analysis, algorithms, coding, testing and compiling of programming paradigms in Perl."
http://data.europa.eu/esco/skill/402ebc59-b960-400c-9a6d-ab96e601b71a,skill/competence,sector-specific,provide a psychotherapeutic environment,provide psychotherapeutic environments;establish a psychotherapeutic environment;set up psychotherapeutic environment;create environment suitable for psychotherapy;maintain a suitable environment for psychotherapy;provide psychotherapeutic environment,,,"Create and maintain a suitable environment for the psychotherapy to take place, making sure the space is safe, welcoming, consistent with the ethos of the psychotherapy, and meeting the needs of the patients as far as possible."
http://data.europa.eu/esco/skill/4095c6dd-3b00-44d1-9308-878e08737e92,skill/competence,occupation-specific,create advocacy material,design campaigning and enabling material;establish advocacy material;design advocacy material;develop campaigning and enabling material;establish campaigning and enabling material;develop advocacy material;produce advocacy material;produce campaigning and enabling material,,,"Design compelling content such as blog posts, messaging or social media campaigns in order to influence political, economic or social decisions."
http://data.europa.eu/esco/skill/4134622c-c3fb-4a41-beb6-6d58ba5107db,skill/competence,cross-sector,demonstrate disciplinary expertise,exhibit academic proficiency;demonstrate complex understanding of a research area;demonstrate deep knowledge of a research area;demonstrate deep knowledge of a specific research area;demonstrate complex understanding of a specific research area,,,"Demonstrate deep knowledge and complex understanding of a specific research area, including responsible research, research ethics and scientific integrity principles, privacy and GDPR requirements, related to research activities within a specific discipline."
http://data.europa.eu/esco/skill/414332e4-8347-4771-b947-65bd3801a620,skill/competence,cross-sector,use consulting techniques,use techniques for consulting;using consulting techniques;utilize consulting techniques;use consulting technique;employ with consulting techniques,,,Advise clients in different personal or professional matters.
http://data.europa.eu/esco/skill/414c9c90-3bff-474b-88d4-6d5fc4dbf3c8,skill/competence,sector-specific,follow newspaper house style,follow house style of newspaper;produce newspaper according to house style;publish newspaper using house style,,,Produce concise and accurate copy according to newspaper's house style and to strict deadlines-daily newspapers may have several each day.
http://data.europa.eu/esco/skill/415abd43-e8e5-4643-b5da-5f11307af57a,skill/competence,cross-sector,use different communication channels,using different communication channels;operate specific communication channels;handle specific communication channels;utilise specific communication channels;apply specific communication channels;use of different communication channels,,,"Make use of various types of communication channels such as verbal, handwritten, digital and telephonic communication with the purpose of constructing and sharing ideas or information."
http://data.europa.eu/esco/skill/41bf7ede-fc84-4a57-8c89-b548d11b0ba1,skill/competence,cross-sector,manage business knowledge,model ontologies;manage information and knowledge;manage knowledge;formalise knowledge in ICT-system,,,"Set up structures and distribution policies to enable or improve information exploitation using appropriate tools to extract, create and expand business mastery."
http://data.europa.eu/esco/skill/41cfce6d-5c0d-4af8-8ddc-32f7fbc07842,skill/competence,sector-specific,enable access to services,provide access to services;organise access to services;support access to services;organise access to service providers;support access to service providers;provide access to service providers,,,"Enable access to the different services which may be available to people with precarious legal status such as immigrants and offenders on probation in order to secure their inclusion in a facility or program, and communicate with the service providers to explain the situation and convince them of the advantages of including the individual."
http://data.europa.eu/esco/skill/41ec47dd-08b3-464a-9c45-c706f3e74467,knowledge,cross-sector,industrial software,software for production processes;software for manufacturing;manufacturing software;continuing professional development in industrial tools and software;scheduling software;software for engineering applications;industrial application of software;software used in industrial,,,"The selection of software that aids in estimating, managing and scheduling industrial processes such as design, work flow and production improvement."
http://data.europa.eu/esco/skill/41f2f9bf-1440-49f7-bbb1-2c3c3ea93f76,skill/competence,cross-sector,analyse blockchain use cases,evaluate blockchain use cases;investigate blockchain use cases,,,"Analyse blockchain use cases in different sectors against their needs in terms of blockchain technology and architecture. Particularly, key blockchain use cases in Business, Finance and Banking such as International Payments, Peer-to-Peer Transactions, Capital Markets, Trade Finance or Regulatory Finance and Audit."
http://data.europa.eu/esco/skill/4211283b-617e-4ded-8636-4eed896c33b0,skill/competence,sector-specific,develop professional identity in social work,create a professional identity in social work;develop a professional identity in social work;develop professional identity as a social worker,,,"Strive to provide the appropriate services to social work clients while staying within a professional framework, understanding what the work means in relation to other professionals and taking into account the specific needs of your clients."
http://data.europa.eu/esco/skill/4216e465-7baa-4884-a241-54b197bb9278,skill/competence,sector-specific,perform data mining,mine data;use model data,,Includes activities on big data.,"Explore large datasets to reveal patterns using statistics, database systems or artificial intelligence and present the information in a comprehensible way."
http://data.europa.eu/esco/skill/4262ddf4-4985-4d23-ba82-f82a226b2bde,knowledge,occupation-specific,medication classification,medication categorisation;medical drugs classification;medicines classification,,,"Categories of medication such as antibiotics, anti-inflammatory and antiviral."
http://data.europa.eu/esco/skill/426ceaba-6867-481c-bb6b-aee3933da7d2,digital competence,not specified,ICT safety,ICT well-being maintenance;ICT welfare maintenance;ICT protection;information and communication technologies safety;ICT security;information and communication technology safety,,,"Personal protection, data protection, digital identity protection, security measures, safe and sustainable use."
http://data.europa.eu/esco/skill/42c3ffa5-d6a9-4a57-942a-6b79f0bbfcd7,skill/competence,sector-specific,prepare credit reports,draw up credit reports;prepare credit information;prepare credit summary;produce credit reports,,,"Prepare reports which outline an organisation's likelihood of being able to repay debts and do so in a timely manner, meeting all the legal requirements linked to the agreement."
http://data.europa.eu/esco/skill/42ed3bfb-1a01-4c8b-9758-fc6438865734,knowledge,sector-specific,Smalltalk (computer programming),Smalltalk programming system;Smalltalk,,,"The techniques and principles of software development, such as analysis, algorithms, coding, testing and compiling of programming paradigms in Smalltalk."
http://data.europa.eu/esco/skill/42f977aa-a6eb-4994-b368-d5f26c0fd1fa,skill/competence,sector-specific,familiarise with personal directing styles,familiarise with directors' styles;understand personal directing style;adapt to director's style;anticipate personal directing styles,,,Understand and analyse the behaviour of specific directors.
http://data.europa.eu/esco/skill/42fcf80d-7b45-40f3-bd2f-5411c4c0dfa0,skill/competence,cross-sector,identify technological needs,identify needs and technological responses;assess technological needs,,,Assess needs and identify digital tools and possible technological responses to address them. Adjust and customise digital environments to personal needs (e.g. accessibility).
http://data.europa.eu/esco/skill/4334037f-c1d8-4241-b82e-8db7e469327b,knowledge,cross-sector,electricity market,trade in electricity;electric power market;electricity trading;electricity market sector;electricity dealing;market for electricity;electrical power market;electricity trading market,,,"The trends and major driving factors in the electricity trading market, electricity trades methodologies and practice, and the identification of the major stakeholders in the electricity sector."
http://data.europa.eu/esco/skill/4339176e-3acd-4f7f-a5d9-445bee3d23f2,knowledge,cross-sector,mathematics,numeracy;quantitative data;solid modeling;mathematical subjects;field of mathematics;study of mathematics;maths;calculation,,,"Mathematics is the study of topics such as quantity, structure, space, and change. It involves the identification of patterns and formulating new conjectures based on them. Mathematicians strive to prove the truth or falsity of these conjectures. There are many fields of mathematics, some of which are widely used for practical applications."
http://data.europa.eu/esco/skill/434fb032-3c05-45bd-aaf2-09468ee34d7f,skill/competence,sector-specific,identify research topics,establish research topics;analyse research topics;determine research proposals;classify research proposals;classify research topics;establish research proposals;analyse research proposals;determine research topics,,,"Determine issues on social, economic or political level in order to explore them and to do research on them."
http://data.europa.eu/esco/skill/4350c38d-0fe9-4ca7-bab9-40ed7f72b04f,knowledge,sector-specific,PHP,Hypertext Preprocessor;Personal Home Page,PHP5-FPM;PHP-FPM;PHP 5.0;PHP 5.2;Php;PHTML;PHP 5.4;PHP 6.0;PHP 5.3;PHP 5.1;php,,"The techniques and principles of software development, such as analysis, algorithms, coding, testing and compiling of programming paradigms in PHP."
http://data.europa.eu/esco/skill/435f167a-bb04-4bed-9167-94712ce01020,skill/competence,sector-specific,supervise the management of an establishment,supervise establishment management;supervising the management of an establishment;direct the management of an establishment;oversee the management of an establishment,,,Run the management of an establishment and ensure that every need for an smooth running of the operations is looked after.
http://data.europa.eu/esco/skill/4381b317-c2c9-48a4-be25-f89b6291b0bf,skill/competence,cross-sector,promote youth work in the local community,promote local community youth work;support youth work in the local community;endorse youth work in the local community;promote youth work in communities;advocate youth work in the local community;campaign for youth work in the local community;promote community youth work;promote local youth work,,,Disseminate information on the advantages of youth work in the local community and help create synergies with third parties that support and promote youth work in general.
http://data.europa.eu/esco/skill/438ff259-d086-4004-acda-1ec3e1631bc6,knowledge,sector-specific,software anomalies,software performance incidents;software behaviour deviations;software performance deviations;software bugs;software defects,,,"The deviations of what is standard and exceptional events during software system performance, identification of incidents that can alter the flow and the process of system execution."
http://data.europa.eu/esco/skill/43ae58b9-5e56-4524-b45a-b422777a0576,knowledge,cross-sector,database,non-relational database;types of databases;relational database,,,"The classification of databases, that includes their purpose, characteristics, terminology, models and use such as XML databases, document-oriented databases and full text databases."
http://data.europa.eu/esco/skill/43b13058-68d0-40c6-8031-caf5a7b7d20c,skill/competence,cross-sector,keep task records,maintain task records;task records maintaining;task record maintaining;maintaining task records;task records keeping;keeping task records;task record keeping,,,Organise and classify records of prepared reports and correspondence related to the performed work and progress records of tasks.
http://data.europa.eu/esco/skill/43d1d56b-ce62-4fe8-8f18-35d92ec73023,skill/competence,cross-sector,identify undetected organisational needs,identifying undetected organisational needs;detect unidentified organisational needs;identify undetected organizational needs;spot undetected organisational needs;recognize undetected organisational needs;identify undetected organisational need;discover undetected organisational needs,,,"Use the collected input and information from interviewing stakeholders and analysing organisational documents in order to detect unseen needs and improvements that would support the development of the organisation. Identify the needs of the organisation in terms of staff, equipment, and improvement of operations."
http://data.europa.eu/esco/skill/43dfbe7f-9e10-4871-b171-e5076737b4cf,knowledge,sector-specific,digital marketing techniques,online marketing techniques;on-line marketing techniques;online ads software;web marketing techniques,Facebook ads;Instagram ads;Google Ads,,"The marketing techniques used on the web to reach and engage with stakeholders, customers and clients."
http://data.europa.eu/esco/skill/440d5784-52a5-4729-8b04-29f978bd896d,skill/competence,sector-specific,respond to incidents in cloud,automate disaster recovery strategies in cloud;troubleshoot issues in cloud systems;troubleshoot cloud issues;manage cloud incidents;troubleshoot cloud incidents,,,Troubleshoot issues with the cloud and determine how to restore operations. Design and automate disaster recovery strategies and evaluate a deployment for points of failure.
http://data.europa.eu/esco/skill/440f64e5-e66c-45ee-bc29-53c14a2ad720,skill/competence,sector-specific,use geographic information systems,conduct geographic information system activities;operate geographic information systems;use geographical information systems;carry out work tasks using GIS;use GIS;operate GIS;utilise geographic information systems;undertake activities using geographic information systems;conduct GIS activities;perform work tasks using geographic information systems;utilise GIS,,,Work with computer data systems such as Geographic Information Systems (GIS).
http://data.europa.eu/esco/skill/441707bb-9ad3-406c-9975-a6bec96f537b,skill/competence,sector-specific,"empower individuals, families and groups","empower an individual, a family and a group;empower groups, individuals and families;empower individuals, families or groups;empower individuals, groups and families;enable individuals, families and groups to lead healthy lifestyles;qualify individuals, families and groups",,,"Empower individuals, families and groups towards healthy lifestyles and self-care."
http://data.europa.eu/esco/skill/4463a721-69f3-413d-8321-43e3af13a4f1,skill/competence,cross-sector,use databases,use database management systems;use database software;apply databases;use data bases;use Dbs;able to use using databases;use database;utilise databases;make use of databases,,,"Use software tools for managing and organising data in a structured environment which consists of attributes, tables and relationships in order to query and modify the stored data."
http://data.europa.eu/esco/skill/44847349-e7ff-4bdb-82b9-6a18140efcaf,skill/competence,sector-specific,recognise blockchain application areas,identify blockchain technology application domains;detect blockchain technology application domains,,,"Recognise opportunities for the introduction of blockchain-based solutions in various application domains (e.g., supply chains, product-service systems, finances, etc.), as well as their transformative potential in the concerned application area in terms of people’s skills, roles they need to fulfill, and processes these roles contribute to. Identify the added value blockchain-based solutions would bring with respect to traditional solutions."
http://data.europa.eu/esco/skill/449f0945-4943-49f9-bd98-edfdfd7c00ba,skill/competence,sector-specific,translate texts,provide translations of texts;translating text;generate translations of texts;translating texts;translate text;deliver translations of texts,,It includes understanding and translating the jargon of an industrial or economic domain keeping the kind of professional language at the same level in the translated language.,"Translate text from one language to another, conserving the meaning and the nuances of the original text, without adding, changing or omitting anything and avoiding the expression of personal feelings and opinions."
http://data.europa.eu/esco/skill/44b2f7fb-d261-4ce3-94e4-7341c89737fd,skill/competence,occupation-specific,follow interpreting quality standards,keep pace with interpreting quality standards;keep up to date with interpreting quality standards;follow standards for interpreting quality;keep up with interpreting quality standards;follow quality standards for interpreting,,,Follow the agreed upon standards to ensure that the requirements for interpreters are met and to guarantee unity. This may include such standards as the European standard EN 15038 for translation.
http://data.europa.eu/esco/skill/44b768da-1397-4ff8-b575-d71889a67b9d,skill/competence,cross-sector,meet expectations of target audience,meeting expectations of target audience;fulfil expectations of target audience;meet expectation of target audience;live up to expectations of target audience;satisfy expectations of target audience;meet expectations of target audiences,,,Research the needs and expectations of the target audience to ensure the program's theme meets both.
http://data.europa.eu/esco/skill/44fb294c-440e-4c21-af34-9dec75cdf94b,skill/competence,cross-sector,provide victim assistance,provide support to victims;provide support to crime victims;offer support to crime victims;offer support to victims;provide assistance to victim;assist crime victims,,,"Provide support to victims of crimes to help them cope with the situation, including with crime victimization."
http://data.europa.eu/esco/skill/451142b5-e0a9-42e9-9196-b860a05b5bc9,skill/competence,occupation-specific,design job analysis tools,designing job analysis tools;design job analysis tool;develop work analysis tools;create job analysis tools;design jobs analysis tools;design tools for job analysis;create work analysis tools,,,"Identify the need for and design job analysis tools, such as manuals, reporting forms, training films or slides."
http://data.europa.eu/esco/skill/452c4c68-50d7-42ed-8c4e-b437446637d0,skill/competence,cross-sector,develop investment portfolio,develop financial portfolio;develop market portfolio;develop zero-investment portfolio;develop a portfolio,,,"Create an investment portfolio for a customer that includes an insurance policy or multiple policies to cover specific risks, such as financial risks, assistance, reinsurance, industrial risks or natural and technical disasters."
http://data.europa.eu/esco/skill/4570a262-b51f-46a1-a834-13ff67bee1c8,knowledge,sector-specific,decentralised identifiers,DiDs,,,"The knowledge of decentralised identifiers (DIDs). DIDs enable verifiable and decentralised digital identity related to different subjects determined by the controllers of these descentralised identifiers (e.g. an organisation, individual person, data model, abstract entity)."
http://data.europa.eu/esco/skill/457c2e47-07e6-4073-827e-e1c21f3e5869,knowledge,occupation-specific,evaluation theory,theory and models of evaluation;evaluation approaches;evaluation methodologies,,,"The various program evaluation theories and their epistemological underpinning, and the most widely used evaluation approaches."
http://data.europa.eu/esco/skill/45844ea3-bb3c-4f63-b23e-a0a62b78bc49,skill/competence,sector-specific,provide customers with order information,furnish customers with order information;contribute customers with order information;provide a customer with order information;providing customers with order information;arrange customers with order information;administer customers with order information;providing a customer with order information,,,"Provide order information to customers by telephone or e-mail; clearly communicate about price ratings, shipping dates and possible delays."
http://data.europa.eu/esco/skill/45a16833-6666-488d-aadf-e02e569275e8,skill/competence,cross-sector,use technology for forensics,use forensics technology;utilize technology for forensics;make use of technology for forensics;using technology for forensics,,Also tools for interrogation purposes are included.,Operate specialised tools used for forensic investigations.
http://data.europa.eu/esco/skill/45a5c216-2ecc-4c87-9140-30b023101898,knowledge,cross-sector,literary criticism,the critical study of literature;the study of literature;literary critique,,,Academic field that evaluates and classifies literary works. These discussions can cover new publications or offer reassessment of older pieces of literature.
http://data.europa.eu/esco/skill/45bd80e7-ead6-4adf-9053-0356ad0f2415,skill/competence,sector-specific,help coordinate promotional activities,help coordinate promotional activity;helping coordinate promotional activities;assist in coordinating promotional activities;help promotional activities coordination;aid in coordinating promotional activities,,,Help establish a schedule for promotional activities. Define the content of promotional activities. Select resource person or people to delegate and share relevant information with them. Prepare the necessary material.
http://data.europa.eu/esco/skill/45f1ae17-c20d-40fc-9307-7d33b6ca9213,knowledge,cross-sector,image recognition,image interpretation;image detection;visual recognition;visual detection,,,"A process designed to detect and identify a feature or object in an image or video. This process is used in medical imaging, security surveillance or defect detection, among other fields. Key technique for a wide range of applications such as automated driving, image classification, or visual inspection."
http://data.europa.eu/esco/skill/45fc35a4-7530-4b94-9b56-1d485015fc7a,skill/competence,occupation-specific,discuss plays,talk about plays;confer about plays;discuss play;discussing plays;deliberate about plays,,,Study and discuss stage performances with other stage professionals.
http://data.europa.eu/esco/skill/4600a787-39b0-4bf1-aa69-e586262342f0,knowledge,sector-specific,state aid regulations,knowledge of state aid regulations;state aid provisions;state aid,,,"The regulations, procedures and horizontal rules governing the provision of an advantage in any form conferred on a selective basis to undertakings by national public authorities."
http://data.europa.eu/esco/skill/46406ae4-31b4-41d0-bd12-8a78588f431f,skill/competence,occupation-specific,monitor production costs,monitoring production costs;monitor production cost;supervise production costs;manage production costs;oversee production costs,,,Monitor the costs of each department during each production phase to make sure they are within budget.
http://data.europa.eu/esco/skill/4659e742-7568-4b16-86df-57cb66fdd926,skill/competence,sector-specific,provide input to collaborators to guide their work,explain ideas and expectations to the team;provide collaborators with guiding input for their work;provide collaborators feedback on their work;provide collaborators with input to guide their work,,,"Discuss and exchange ideas related to the project with the team. Show the raw material to each designer and explain desires, expectations and aesthetic or technical concerns. Review proposals submitted by cooperators."
http://data.europa.eu/esco/skill/465e7c78-cd26-4503-a5ca-40009e807705,skill/competence,sector-specific,assess users' interaction with ICT applications,analyse how users interact with ICT applications,,,"Evaluate how users interact with ICT applications in order to analyse their behaviour, draw conclusions (for instance about their motives, expectations and goals) and improve applications' functionalities."
http://data.europa.eu/esco/skill/46990b9b-746e-481d-a66a-0cac3f07dfac,skill/competence,cross-sector,find trends in geographic data,identify trends in geographic data;uncover trends in geographic data;trends in geographic data;discover trends in geographic data;determine trends in geographic data;geographic data trends,,,Analyse geographic data to find relationships and trends such as population density.
http://data.europa.eu/esco/skill/46cb7282-7fb0-4d3c-b6b8-bfe81fab077e,skill/competence,cross-sector,draw conclusions from market research results,drawing conclusions from market research results;draw conclusions from market research findings;interpret market research results;draw conclusion from market research results;draw conclusions from market research result;draw market research results conclusions;draw market research conclusions,,,"Analyse, draw conclusions and present major observations from the results of market research. Suggest on potential markets, prices, target groups, or investments."
http://data.europa.eu/esco/skill/46e93774-7c6a-4dc5-bae9-be97cc461093,knowledge,sector-specific,inter-organisational middleware system,IOMS,Microsoft BizTalk Server,,"A software infrastructure that acts as an intermediary layer between applications to enable data exchange, interoperability and communication. It aims to provide standardised protocols and services between organisations to promote their interaction."
http://data.europa.eu/esco/skill/46ec0033-3c71-415e-bcff-b065675ba2dc,skill/competence,sector-specific,integrate ICT data,combine ICT data,,,Combine data from sources to provide unified view of the set of these data.
http://data.europa.eu/esco/skill/473a8b64-a05c-4d49-962d-b9d9219950bc,skill/competence,sector-specific,analyse relation between supply chain improvement and profit,comprehend profit gains in relation to supply chain improvements;anticipate how improving the supply chain could increase profits;maximise profits by intensifying supply chain improvements;understand profit gains in relation to improvements in the supply chain;anticipate how to maximise profits through improving the supply chain;intensify supply chain improvements to maximise profits;anticipate how to maximise profits through supply chain improvements;understand profit gains in relation to supply chain improvements;comprehend supply chain improvements in relation to profit gains;comprehend profit gains in relation to improvements in the supply chain;understand supply chain improvements in relation to profit gains,,,Interpret how the supply chain improvements will impact company profits. Intensify the improvement in those processes that will streamline the supply chain most effectively while generating most profit.
http://data.europa.eu/esco/skill/4754d9fe-dc3a-4f8f-8ea6-5dbcea3a21ca,skill/competence,cross-sector,develop computer vision system,develop OCR;develop motion capture software,,,"Apply and combine different computer vision tools and methods such as image acquisition, image processing, image segmentation and classification, detection, etc. in one system to allow computers to extract information from digital images such as photographs or video."
http://data.europa.eu/esco/skill/477173ca-5fc2-406b-9122-95d92811f284,skill/competence,cross-sector,communicate with stakeholders,inform stakeholders of ideas and objectives;communicate with providers of business support services;communicating with stakeholders;communicate to stakeholders,,,"Facilitate communication between organisations and interested third parties such as suppliers, distributors, shareholders and other stakeholders in order to inform them of the organisation and its objectives."
http://data.europa.eu/esco/skill/477579e7-e0ca-4cc5-8712-17b78d0d8d2a,knowledge,cross-sector,communication studies,the study of communication;communications studies,,,"The academic field of study that researches the processes of human interaction and communication through different media and how that communication is interpreted on a political, economic, cultural, social, semiotic, and hermeneutic level."
http://data.europa.eu/esco/skill/478da040-fb0a-4fa8-9112-285ff5c4aefa,skill/competence,cross-sector,provide testimony in court hearings,provide testimony in court hearing;testify in court hearing;Give testimony in court hearings;testify in court hearings;give testimony in court hearing,,,Provide testimony in court hearings regarding a variety of social matters and other events.
http://data.europa.eu/esco/skill/47a49cd6-097d-457a-9f7b-c290c14930d5,skill/competence,cross-sector,analyse big data,analyze big data;scrutinise big data;big data analysis;investigate big data;search big data;test big data;analysing big data;big data analysing,,,"Collect and evaluate numerical data in large quantities, especially for the purpose of identifying patterns between the data."
http://data.europa.eu/esco/skill/47ac9325-b072-4e37-8e40-e6ffed03e851,knowledge,cross-sector,supervision of persons,supervision of a person;guidance of persons;act of directing persons;mentoring of persons,,,The act of directing one individual or a group of individuals in a certain activity.
http://data.europa.eu/esco/skill/47b9bbcf-356c-4782-83a4-7f5a1b2b51a3,knowledge,sector-specific,Assembly (computer programming),Assembly computer programming paradigms;Assembly software development techniques;Assembly software development principles;Assembly;Assembly algorithms,,,"The techniques and principles of software development, such as analysis, algorithms, coding, testing and compiling of programming paradigms in Assembly."
http://data.europa.eu/esco/skill/47ca0da1-cae5-4395-ae6b-fd97b9ff48d3,knowledge,cross-sector,system backup best practice,backup systems reliability;disaster recovery best practice,,,The procedures related to preparing for recovery or continuation of technology infrastructure vital to an organisation.
http://data.europa.eu/esco/skill/47d491a9-f7c0-4b13-a10f-983d3aa0113e,knowledge,cross-sector,safety engineering,system safety engineering;safety science;safety management;process safety engineering,,,"The study of the risks associated with engineered designs and systems, accident prevention as well as the safety benefits of reducing deaths and injuries. The discipline focuses on analysing and mitigating potential hazards in engineering processes."
http://data.europa.eu/esco/skill/48391ec6-42ba-4093-acf4-c7673b0c07f4,skill/competence,cross-sector,process commissioned instructions,processing commissioned instructions;process commissioned directions;process commissioned instruction;handle commissioned instructions,,,"Process instructions, usually oral ones, provided by managers and directives on actions required to be made. Take note, inquire, and take action on the commissioned requests."
http://data.europa.eu/esco/skill/484df271-bb52-49f1-8f50-f19624bf4df2,knowledge,sector-specific,software components libraries,,OpenCV;Matplotlib;Scikit-Learn;PyTorch;Numpy,,"The software packages, modules, web services and resources that cover a set of related functions and the databases where these reusable components can be found."
http://data.europa.eu/esco/skill/485cdafb-3c7f-4104-ab1c-773e6131a39a,skill/competence,cross-sector,conduct scholarly research,conduct scholar research,,,Plan scholarly research by formulating the research question and conducting empirical or literature research in order to investigate the truth of the research question.
http://data.europa.eu/esco/skill/486a5886-5cac-4975-9716-288c3820a8c7,skill/competence,sector-specific,provide necessary documents,furnish required documentation;arrange necessary documents;handover required documentation;handover necessary documents;furnish necessary documents;arrange required documentation;supply necessary documents;supply required documentation,,,"Provide access to and information on the necessary documentation the client needs to process, and inform on regulations concerning the procedures."
http://data.europa.eu/esco/skill/486df8bc-3498-43ad-83b6-dc8a4a3b16c6,skill/competence,cross-sector,provide support to social services users,help social services users express their expectations;work in partnership with social services users;work in a partnership with social services users;cooperate with social services users;work in partnership with social service user,,,"Help social service users identify and express their expectations and strengths, providing them with information and advice to make informed decisions about their circumstances. Give support to achieve change and improve life opportunities."
http://data.europa.eu/esco/skill/48a63f52-60e3-433a-bd10-7e38d3e503fa,skill/competence,sector-specific,formulate a case conceptualisation model for therapy,compose a treatment plan for therapy;formulate case conceptualisation models for therapy;formulate a case conceptualization model for therapy;formulate a treatment plan for therapy;compose case conceptualization model for therapy;compose case conceptualisation model for therapy,,,"Compose an individualised treatment plan in collaboration with the individual, striving to match his or her needs, situation, and treatment goals to maximise the probability of therapeutic gain and considering any possible personal, social, and systemic barriers that might undermine treatment."
http://data.europa.eu/esco/skill/48b68726-0fd6-4e03-a5eb-82236516ee7a,skill/competence,cross-sector,provide cost benefit analysis reports,provide reports on cost benefit analysis;provide cost-benefit analysis reports;produce cost benefit analysis reports;generate cost benefit analysis reports;providing cost benefit analysis reports;create cost benefit analysis reports;provide cost benefit analysis report,,,"Prepare, compile and communicate reports with broken down cost analysis on the proposal and budget plans of the company. Analyse the financial or social costs and benefits of a project or investment in advance over a given period of time."
http://data.europa.eu/esco/skill/48db96bf-3314-45c6-bad8-fdb6e20e5639,knowledge,cross-sector,data engineering,data engineering methods,,,The process of developing and constructing systems for implementing data collection and analysis at large scale.
http://data.europa.eu/esco/skill/48fd824b-aedf-4613-9fde-3099d88feba7,knowledge,cross-sector,history of literature,the study of literary history;historical literary studies,,,"The historical evolution of forms of writing that are meant to entertain, educate or to give instructions to the audience, such as fictional prose and poems. The techniques used to communicate these writings and the historical context in which they were written."
http://data.europa.eu/esco/skill/49047409-9307-4b41-9b04-a9615f049044,knowledge,sector-specific,investment banking,equity banking,,,The branch of banking that provides services of capital raising and mergers and acquisitions (M&A).
http://data.europa.eu/esco/skill/4913d0c0-133a-4c46-aac3-f5d4989a982e,knowledge,cross-sector,product usage risks analysis,customer product risks analysis;product risks analysis,,,"The methods to analyse product associated risks, in possible customer environment, their magnitude, consequences and likely outcomes in order to mitigate them by warning messages, safety instructions and maintenance support."
http://data.europa.eu/esco/skill/4918ec9a-0204-4935-8b09-b0112370daa8,skill/competence,sector-specific,establish an Information Security Management System,apply an ISMS;define an ISMS;implement an ISMS;define an Information Security Management System;monitor an ISMS;apply an Information Security Management System;implement an Information Security Management System;;monitor an Information Security Management System,,,"Design, apply, monitor and review an Information Security Management System (ISMS) that preserves the confidentiality, integrity and availability of information by applying a risk management process, and gives confidence to interested parties regarding the adequate management of such cybersecurity-related risks."
http://data.europa.eu/esco/skill/493b20c2-c435-449a-896e-0af057c41fef,knowledge,sector-specific,film production process,film production method;film production procedure;film production processes;film production activity;film production practice,,,"The various development stages of making a film, such as scriptwriting, financing, shooting, editing, and distribution."
http://data.europa.eu/esco/skill/495ce586-09d7-4cec-83d7-2821be6590c4,knowledge,sector-specific,smart contract programming languages,programming languages for smart contract,,,"Essential Smart Contract programming languages include Solidity, Rust, JavaScript, Vyper and Yul."
http://data.europa.eu/esco/skill/496932f1-0b6b-4f73-9432-d95c7ddcd43b,skill/competence,cross-sector,recruit employees,hire new personnel;hiring new personnel;recruit staff;employ new personnel;manage recruitment of employees,,It may include recruiting volunteers.,"Hire new employees by scoping the job role, advertising, performing interviews and selecting staff in line with company policy and legislation."
http://data.europa.eu/esco/skill/497ac2d8-6a9c-45d1-8149-e7aa2d9e2cff,skill/competence,sector-specific,support young victims of sexual assault,support young persons affected by sexual assaults;support children and adolescents affected by sexual assault;support young persons affected by sexual assault;support young persons affected by sexual molestation;support children and adolescents affected by forcible intercourse;support children and adolescents affected by rape;support young persons affected by sexual violation;support a young person affected by sexual assault,,,Work with children and adolescents in order to encourage them to speak about the traumatising sexual assault experience and gain self-confidence when expressing themselves.
http://data.europa.eu/esco/skill/49ba1b34-ae1a-4a6d-8d66-8f1f029d361d,skill/competence,sector-specific,advise on pregnancy,counsel on pregnancy;perform pregnancy-councelling;advise pregnant women;give advice on pregnancy,,,"Counsel patients on normal changes occurring in pregnancy, providing advice on nutrition, drug effects and other lifestyle changes."
http://data.europa.eu/esco/skill/49d81d86-e748-4181-84e9-106173058081,knowledge,sector-specific,services marketing,email marketing services;services marketing strategies,Mailchimp,,The set of marketing activities for businesses that provide services to improve brand awareness and raise sales. It focuses on intangible commodities.
http://data.europa.eu/esco/skill/49fed129-e32b-4f67-b80a-609d79e45b20,knowledge,sector-specific,electronic and telecommunication equipment,electronic and telecommunication machinery;electronics and telecommunication equipment;electronic and telecommunication machines;electronic and telecommunication devices;electronic and telecommunication apparatus;electronic and telecommunications equipment;electronics and telecommunications equipment,,,"The offered electronic and telecommunication equipment and products, their functionalities, properties and legal and regulatory requirements."
http://data.europa.eu/esco/skill/4a193795-fa63-414e-9f2e-bfdb3924571e,skill/competence,cross-sector,handle data samples,collect data samples;manage data samples;handle data samples for statistical purposes,,,Collect and select a set of data from a population by a statistical or other defined procedure.
http://data.europa.eu/esco/skill/4a460161-eaea-4fe2-bd0e-164ccc635be1,knowledge,cross-sector,financial statements,records of financial activities;financial statement;statements on finances,,,"The set of financial records disclosing the financial position of a company at the end of a set period or of the accounting year. The financial statements consisting of five parts which are the statement of financial position, the statement of comprehensive income, the statement of changes in equity (SOCE), the statement of cash flows and notes."
http://data.europa.eu/esco/skill/4a752bd2-9fe9-4539-ab5a-8edc0dec6ef0,knowledge,cross-sector,community education,educational offers in a community;educational development in a community;education in the community,,,"Programs targeting the social development and learning of individuals in their own community, through a variety of formal or informal education methods."
http://data.europa.eu/esco/skill/4a855abe-ac5b-4e95-ac10-3c1adceeee28,knowledge,cross-sector,international financial reporting standards,international accounting reporting standards;international financial reporting guidelines;international finance reporting standards;international financial reporting standard;reporting standards for international finance,,,The set of accounting standards and rules aimed at companies listed in the stock exchange which are required to publish and disclose their financial statements.
http://data.europa.eu/esco/skill/4a874516-eb34-4dc1-833d-864c5a448db2,skill/competence,cross-sector,support the positiveness of youths,stimulate the positiveness of youths;support youths' positivity;support children's positivity;support the positiveness of children,,,"Help children and young people to assess their social, emotional and identity needs and to develop a positive self image, enhance their self esteem and improve their self reliance."
http://data.europa.eu/esco/skill/4a92d8ce-ffd6-4da5-a50e-ef1bff5cc219,knowledge,cross-sector,government social security programmes,government social security policies;government welfare strategies;government welfare schedules;government social security programs;government welfare policies;government welfare plans;government social security schedules;government social security plans;government social security strategies,,,"The different areas of social security provided by the government, the different rights which citizens have, which benefits are available, the rules which regulate social security and the different situations in which they apply."
http://data.europa.eu/esco/skill/4ac715f8-7c4e-4e78-a96d-2398b8bdc49d,skill/competence,cross-sector,plan public housing,design public housing;public housing planning;structure public housing,,,Plan the construction of public housing while adhering to architectural regulations and urban planning principles.
http://data.europa.eu/esco/skill/4b2db903-cd8e-48ce-97fb-a92db4def54e,knowledge,cross-sector,financial forecasting,monetary estimating;monetary planning;financial planning;monetary calculating;financial calculating;financial estimating,,,The tool used in performing fiscal financial management to identify revenue trends and estimated financial conditions.
http://data.europa.eu/esco/skill/4b3ae518-6746-4487-8d3b-4cfc063a43d0,skill/competence,sector-specific,use business simulation tools,employ business simulation tools,,,"Employ software to perform simulations to improve business skills such as business acumen, financial and market analysis and decision making."
http://data.europa.eu/esco/skill/4b3c8605-819d-4b38-83fc-f23663e78dc9,knowledge,cross-sector,consultation,theories of consultation and communication with clients;consultations;theories related to consultation;concepts of consultation,,,"The theories, methods and concepts related to consultation and communication with clients."
http://data.europa.eu/esco/skill/4b51e76e-9e8a-455f-a289-5b48246345c4,knowledge,cross-sector,hardware components,parts for hardware systems;hardware system components;hardware system parts;components of hardware systems;types of hardware components;typology of hardware components;range of hardware components;components for hardware systems;components of hardware,,,"The essential components that make up a hardware system, such as liquid-crystal displays (LCD), camera sensors, microprocessors, memories, modems, batteries and their interconnections."
http://data.europa.eu/esco/skill/4b5d4fe3-4280-47c0-b1d2-ab08ace85557,skill/competence,sector-specific,deliver social services in diverse cultural communities,deliver social services in a diverse cultural community;deliver social services in diverse cultural environments;deliver social service in diverse cultural communities;provide social services in diverse cultural environments;offer social services in diverse cultural communities;provide social services in diverse cultural communities,,,"Deliver services which are mindful of different cultural and language traditions, showing respect and validation for communities and being consistent with policies regarding human rights and equality and diversity."
http://data.europa.eu/esco/skill/4b95c7bb-5672-4e4a-88ea-ba96c12e8ca2,skill/competence,cross-sector,manage the customer experience,manage customer experience;customer experience management;contribute to a customer experience;manage customers' experience,,,"Monitor, create and oversee customer experience and perception of brand and service. Ensure pleasant customer experience, treat customers in a cordial and courteous manner."
http://data.europa.eu/esco/skill/4b9b1bc5-a1a9-4172-a669-509f94a479dc,knowledge,cross-sector,psychiatric disorders,psychiatric disease;mental disorders;psychotic disorder;psychiatric illness;treatment of psychiatric disorders;causes of psychiatric disorders;psychiatric debility;characteristics of psychiatric disorders;psychiatric sickness;psychiatric diseases;psychotic disorders,,,"The characteristics, causes and treatment of psychiatric disorders."
http://data.europa.eu/esco/skill/4bc7fcff-54a5-4ff0-8f5e-a7c2479b522c,knowledge,cross-sector,political campaigning,political drive;party political drive;party political offensive;party political campaign;political push;political offensive;party political crusade;political crusade,,,"The procedures involved in conducting a successful political campaign, such as the specific research methods, promotional tools, liaising with the public, and other strategic aspects concerning the organising and conducting of political campaigns."
http://data.europa.eu/esco/skill/4bd6e2ad-bf69-4198-b3ac-3baabd9da46e,skill/competence,cross-sector,support managers,support manager;supporting managers;help managers;assist managers,,,Provide support and solutions to managers and directors in regards with their business needs and requests for the running of a business or the daily operations of a business unit.
http://data.europa.eu/esco/skill/4bf0a15a-be84-4560-b64c-9556781a0d60,skill/competence,cross-sector,liaise with government officials,liaise with officials of the government;collaborate with government officials;work together with government officials;liaising with government officials;liaise with government official,,,Consult and cooperate with government officials who handle matter that is relevant to you or your business.
http://data.europa.eu/esco/skill/4bf59dde-8a03-483f-976a-45764f1e6d6f,knowledge,sector-specific,search engines,web search engine;Google Search;Yahoo;search engine,,,The methods and techniques to navigate search engines and find information quickly.
http://data.europa.eu/esco/skill/4c016b68-4116-468c-9dc6-42710c239e4a,knowledge,sector-specific,C#,C Sharp,,,"The techniques and principles of software development, such as analysis, algorithms, coding, testing and compiling of programming paradigms in C#."
http://data.europa.eu/esco/skill/4c2c72df-3f3f-48e7-9993-a602354a75e4,knowledge,sector-specific,six sigma methods,6 sigma;six sigma methodology;knowledge of six sigma methods,,,Six Sigma is a methodology to manage processes increasing the performance and decreasing process variations. The ultimate goal of this methodology is to reduce defects and improve the quality of products and services.
http://data.europa.eu/esco/skill/4cb51222-3e2e-417c-9a5c-e9ccf262721d,skill/competence,cross-sector,ensure compliance with company regulations,ensure compliance with company policies,,,"Guarantee that employees' activities follow company regulations, as implemented through client and corporate guidelines, directives, policies and programmes."
http://data.europa.eu/esco/skill/4cc2ede9-6ad7-44fa-9709-3ec4d3116e48,skill/competence,cross-sector,meet the requirements of legal bodies,ensure compliance with regulations;meet legal requirements;meet regulatory requirements;meet the requirements of regulatory bodies;meet the requirements of a legal body,,,Ensure the practice methods and procedures used are in compliance with the regulations and requirements of the legal governing authority in the field.
http://data.europa.eu/esco/skill/4ce09e3d-ca6b-424a-a328-7f551db75e59,skill/competence,sector-specific,update budget,check budget is updated;update the budget;ensure budget is up to date;updating budgets,,,Make sure that a given budget remains up to date using most recent and most accurate information. Anticipate possible variations and ensure that the set budgetary goals can be reached within the given context.
http://data.europa.eu/esco/skill/4cfc7ef6-e251-4c93-bd5e-fd6936dee11c,skill/competence,cross-sector,manage profitability,profitability management;oversee profitability;supervise profitability;management of profitability;maintain profitability;managing profitability;regulate profitability,,,Regularly review sales and profit performance.
http://data.europa.eu/esco/skill/4d313147-b39d-413f-a5e2-b12d5f0dc9e6,skill/competence,cross-sector,give interviews to media,do interviews;perform interview;conduct interviews;give interviews;performing interviews;perform interviews,,,"Prepare oneself according to the context and the diversity of media (radio, television, web, newspapers, etc.), and give an interview."
http://data.europa.eu/esco/skill/4d3541fa-3e71-4574-afa9-900ff6a2b33d,skill/competence,sector-specific,respond to healthcare users' extreme emotions,react professionally to healthcare users' extreme emotions;react to health care users extreme emotions;respond to extreme emotions of health care users;follow appropriate protocol when faced with healthcare users' extreme emotions;respond to health care users' extreme emotions,,,"React accordingly when a healthcare user becomes hyper-manic, panicky, extremely distressed, agressive, violent, or suicidal, following appropriate training if working in contexts where patients go through extreme emotions regularly."
http://data.europa.eu/esco/skill/4d38b095-6730-4157-9807-8049dd7b43b8,skill/competence,cross-sector,document project progress,record project progress;register project progress;document project progression;documenting project progress;document project's progress;write down project progress;log project progress,,,"Record the project planning and development, the work steps, the required resources and the final results in order to present and keep track of the realised and ongoing projects."
http://data.europa.eu/esco/skill/4d39b27a-b34f-4c89-8d46-df844d42f728,skill/competence,cross-sector,increase the impact of science on policy and society,influence decision making based on scientific evidence;enhance the impact of science influence on policy and society;boost the contribution of science to shaping policies and society;enhance the influence of science on governance and communities,knowledge management for policy impact;report facts,,Influence evidence-informed policy and decision making by providing scientific input to and maintaining professional relationships with policymakers and other stakeholders.
http://data.europa.eu/esco/skill/4d614c92-0c48-4a11-a5ed-416b34fd50d2,skill/competence,cross-sector,manage healthcare users' data,handle patients documentation;manage patients' records and data;manage data of healthcare user;maintain patients' records and data,,,"Keep accurate client records which also satisfy legal and professional standards and ethical obligations in order to facilitate client management, ensuring that all clients' data (including verbal, written and electronic) are treated confidentially."
http://data.europa.eu/esco/skill/4d6a1837-93df-4a81-b424-74e1a8ed2f03,knowledge,cross-sector,multimodal transport logistics,principles of multimodal transport logistics;principles of combined transportation logistics;logistics of multimodal transportation;principles of multimodal transportation logistics;combined transport logistics;logistics of multimodal transport;logistics of combined transportation;combined transportation logistics;logistics of combined transport;multimodal transportation logistics;principles of combined transport logistics,,,"The logistical supporting activities related to multimodal transport. The different elements of a multimodal system for the movement of goods or people, and all related advantages in terms of time and cost reduction, increased security and reduced risks and reduction of administrative burdens."
http://data.europa.eu/esco/skill/4d85b881-e490-4b4c-897a-2faa4ef53956,skill/competence,sector-specific,manage ICT data architecture,define enterprise data architecture,,,"Oversee regulations and use ICT techniques to define the information systems architecture and to control data gathering, storing, consolidation, arrangement and usage in an organisation."
http://data.europa.eu/esco/skill/4d97e3c3-f335-47cc-a4ee-0d779fd42222,skill/competence,cross-sector,"manage data, information and digital content",manage digital content information;manage digital data,,,"Organise, store and retrieve data, information and content in digital environments. Organise and process them in a structured environment."
http://data.europa.eu/esco/skill/4da4587a-fd0b-4ca2-886c-c42a1562d432,skill/competence,sector-specific,design cloud networks,create cloud network;implement cloud network,,,"Apply cloud networking concepts and implement connectivity services of cloud. Given customer requirements, define network architectures on cloud, propose optimized designs based on the evaluation of an existing implementation. Evaluate and optimize cost allocations given a network design, its cloud resources, and application data flow."
http://data.europa.eu/esco/skill/4db59630-40d1-403d-b2f0-0cc81d95632d,knowledge,cross-sector,pharmacovigilance legislation,EU pharmacovigilance system;EU pharmacovigilance legislation;pharmacovigilance EU legislation,,,Regulations used to control and monitor adverse drug reactions at EU level.
http://data.europa.eu/esco/skill/4dcd0883-fff2-4010-9a41-55c11be6e559,skill/competence,cross-sector,manage yield,develop yield;apply yield management;conduct yield management;perform yield management;increase yield;implement principles of yield management;supervise yield;oversee yield;implement yield management principles;maximise yield;carry out activities to maximise yield,,,"Ability to conceive a pricing strategy based on understanding, anticipating, and influencing consumer behaviour in order to maximise revenue or profit from a fixed perishable resource from airline resources, such as seats."
http://data.europa.eu/esco/skill/4ddd2c3e-db95-4299-bbc6-f206820ef4c2,knowledge,cross-sector,medical devices materials,medical devices objects;medical device materials;medical devices equipment;medical devices components;medical devices material;medical device material;medical devices goods,,,"The different materials used to create medical devices such as polymer materials, thermoplastic and thermosetting materials, metal alloys and leather. In the choice of materials, attention must be paid to medical regulations, cost, and biocompatibility."
http://data.europa.eu/esco/skill/4ddf5204-95f5-4be2-ad35-571e2f493ae5,skill/competence,cross-sector,apply business acumen,business acumen application;administer business acumen;to apply business acumen;implement business acumen;applying business acumen;employ business acumen;utilise business acumen,,,Take appropriate actions in a business environment in order to maximise possible outcome from each situation.
http://data.europa.eu/esco/skill/4df04290-0084-499a-b52c-a43ff074e198,knowledge,sector-specific,operations department processes,operations department process;operations department procedures;operations processes;operations department methods,,,"The different processes, duties, jargon, role in an organisation, and other specificities of the operations and manufacturing department within an organisation such as purchasing, supply chain processes, and goods handling."
http://data.europa.eu/esco/skill/4e02ce5a-7321-426b-a809-6c507f30ef52,knowledge,cross-sector,business valuation techniques,business appraisal techniques;techniques of business valuation;business valuation methods;business valuation technique,,,"The processes to valuate the worth of the assets of the company and the value of the business following techniques such as asset-based approach, business comparison, and past earnings."
http://data.europa.eu/esco/skill/4e039fe9-e7d3-4d9b-82e5-381269a38ceb,skill/competence,sector-specific,set up cameras,setting up cameras;assemble cameras;prepare cameras for use,,,Put cameras in place and prepare them for use.
http://data.europa.eu/esco/skill/4e097377-7950-4993-9e22-a61b067b5c00,knowledge,cross-sector,social sciences,social science;science of society;studying social groups;theory and practice of social sciences;social science studies,,,"The development and characteristics of sociological, anthropological, psychological, political, and social policy theories."
http://data.europa.eu/esco/skill/4e3db6d7-88b8-492d-89e5-a93d01c3e369,knowledge,sector-specific,social development,social development process,,,"The learning process of a child through social interaction. Among the various activities that it encompasses, social development supports children in obtaining and fortifying learning skills and having positive attitudes."
http://data.europa.eu/esco/skill/4e5687e3-3d3a-4f5e-b76a-93da0124d453,knowledge,cross-sector,operational tactics for emergency responses,operational strategies for emergency response;operational tactics for emergency response;proceedings for emergency responses;operational tactic for emergency response;operational tactics for major incidents and catastrophes,,,The characteristics and proceedings of operational tactics for emergency responses especially at major incidents and catastrophes.
http://data.europa.eu/esco/skill/4e8ad2b8-d80c-4701-91aa-cd874142ef2d,knowledge,occupation-specific,network marketing,direct marketing;multi-level marketing;marketing network;MLM,,,The specific marketing strategy that focuses on direct marketing and the sale of products to acquaintances or people in their network. This strategy also includes the recruiting of other people to be sales representatives and to represent the company.
http://data.europa.eu/esco/skill/4ef13dee-380d-4b76-9034-c4995045303f,skill/competence,cross-sector,evaluate blockchain architectures,evaluate blockchain applications infrastructure,,,"Evaluate blockchain architectures with respect to their suitability for specific applications, given the specific importance and priorities of architecture properties for these applications."
http://data.europa.eu/esco/skill/4f060129-8b75-4d58-a8dd-515bd8fef349,skill/competence,cross-sector,develop financial statistics reports,develop a financial statistics report;launch financial statistics reports;establish financial statistics reports;produce financial statistics reports;developing financial statistics reports;evaluate financial statistics reports;develop financial statistical reports,,,Create financial and statistical reports based on collected data which are to be presented to managing bodies of an organisation.
http://data.europa.eu/esco/skill/4f22e52e-5714-4de1-88f7-b3cdbb4f184e,skill/competence,sector-specific,manage grant applications,maintain grant applications;regulate grant applications;administer award applications;oversee grant applications;maintain award applications;oversee award applications;regulate award applications;administer grant applications,,,"Process and prepare grant requests by reviewing budgets, keeping track of grants distributed or obtaining the right documents."
http://data.europa.eu/esco/skill/4f4afd0b-07e5-48fd-a7d4-0e8746c608df,skill/competence,sector-specific,conduct interview in social service,interview social service users;conduct interviews in social services;conduct an interview in social services;conduct interviews with social service users;conduct social services interview,,,"Induce clients, colleagues, executives, or public officials to talk fully, freely, and truthfully, so as to explore the interviewee`s experiences, attitudes, and opinions."
http://data.europa.eu/esco/skill/4f5c1208-62fd-4e5a-a51e-306c06947e11,skill/competence,cross-sector,manage findable accessible interoperable and reusable data,ensure data availability;ensure data reusability;support data reuse in research;ensure corrected data storing,,,"Produce, describe, store, preserve and (re) use scientific data based on FAIR (Findable, Accessible, Interoperable, and Reusable) principles, making data as open as possible, and as closed as necessary."
http://data.europa.eu/esco/skill/4f6e68b2-85c8-446e-a96d-b306ec7e0091,knowledge,cross-sector,training subject expertise,training subject methods;training subject knowledge and methods,,,"The topic, content and methods of the training, acquired by doing research and following training courses."
http://data.europa.eu/esco/skill/4f78c62a-178c-40ce-b9f6-6058cfa7d7fe,knowledge,occupation-specific,historic development of psychotherapeutic schools,historic development of psychotherapeutic schools of practice;historic developments of psychotherapeutic schools;timeline of psychotherapeutic schools of practice;characteristics of psychotherapeutic schools,,,"The timeline of the psychotherapeutic schools of practice, their general description, characteristics and fields of application."
http://data.europa.eu/esco/skill/4fabca9a-7435-4f33-b1da-3cdb00340fdc,skill/competence,cross-sector,perform scientific research,performing scientific research;carry out scientific research;conduct scientific research;engage in scientific research,,,"Gain, correct or improve knowledge about phenomena by using scientific methods and techniques, based on empirical or measurable observations."
http://data.europa.eu/esco/skill/501537a7-9d63-491d-ae02-09f04767ff1e,knowledge,sector-specific,attack vectors,information security threats;cybersecurity threats;ICT security threats,,,"Paths or methods that threat actors use to exploit vulnerabilities in information networks or systems from a concrete organisation and impact its availability, integrity and confidentiality. Attack vectors may include social engineering tactics such as phishing mails or pretexting, technical exploits as SQL injection as well as buffer overflow attacks."
http://data.europa.eu/esco/skill/50181a4b-1cfd-4fbd-ac9a-c1a494b9c5d0,skill/competence,sector-specific,implement customer follow-up,implement customers follow-up;introduce customer follow-up;implementing customer follow-up;execute customer follow-up;implement a customer follow-up;administer customer follow-up;utilise customer follow-up,,,Implement strategies that ensures post-sale follow up of customer satisfaction or loyalty regarding one's product or service.
http://data.europa.eu/esco/skill/502c2af4-5290-425c-a51a-2faf944e66c3,skill/competence,sector-specific,address gender-related issues in family planning counselling,address gender-related issues in family planning counseling;address gender related issues in family planning counselling;focus on gender-related issues in family planning counselling;inform client on gender-related issues in family planning;give advice on gender-related topics in family planning counselling,,,Inform the client on gender-related topics related to family planning by encouraging them to decide on their own sexual and reproductive health choices or to bring partners into family planning counselling.
http://data.europa.eu/esco/skill/505e4ef3-7ce4-437d-b7b4-5c608f71c258,skill/competence,occupation-specific,build recommender systems,build recommendation systems;recommender engine;recommender platform,,,Construct recommendation systems based on large data sets using programming languages or computer tools to create a subclass of information filtering system that seeks to predict the rating or preference a user gives to an item.
http://data.europa.eu/esco/skill/5063a99f-975b-4a7c-85e3-69ecb375b4d3,knowledge,sector-specific,internet governance,internet regulation;internet governance policies,,,"The principles, regulations, norms and programs that shape the evolution and use of internet, such as internet domain names management, registries and registrars, according to ICANN/IANA regulations and recommendations, IP addresses and names, name servers, DNS, TLDs and aspects of IDNs and DNSSEC."
http://data.europa.eu/esco/skill/509909a2-4a8f-4ead-8ad0-968df63b77cc,knowledge,cross-sector,social media marketing techniques,strategies for social media platforms;social media marketing strategies;strategies for social media marketing,,,The marketing methods and strategies used to increase attention and website traffic through social media channels.
http://data.europa.eu/esco/skill/50b032eb-1b54-4a30-9298-11f1cd5b03e8,skill/competence,sector-specific,ensure sentence execution,supervise sentence;establish sentence execution;establish sentence completion;assure sentence execution;secure sentence execution;assure sentence completion;secure sentence completion,,,"Ensure, by contacting the parties involved and monitoring and handling progress and follow-up documentation, that legal sentences are followed as they were issued, such as ensuring that fines are paid, goods are confiscated or returned, and offenders are detained in the appropriate facility."
http://data.europa.eu/esco/skill/50b100ea-74fd-4706-99db-3e4ca55e51b8,skill/competence,cross-sector,perform data cleansing,complete data cleansing;performing data cleansing;undertake data cleansing;perform a data cleanse;data cleansing performance;implement data cleansing,,,"Detect and correct corrupt records from data sets, ensure that the data become and remain structured according to guidelines."
http://data.europa.eu/esco/skill/50b631f8-1ed7-46f5-9b47-96169d06c726,knowledge,cross-sector,psychological counselling methods,mental counselling methods;psychological counselling technique;psychological counselling techniques;psychological counseling methods;psychological counselling method;method of psychological counselling;psychological counselling practices;mental counselling approaches;methods of psychological counselling training;psychological coaching techniques,,,"The various psychological counselling, training and coaching methods for persons of all ages, groups and organizations considering medical aspects."
http://data.europa.eu/esco/skill/50f24d82-78e7-45aa-8687-4851c317a7ce,skill/competence,sector-specific,use motivational incentives in addiction counselling,employ motivational techniques in addiction counselling;prompt clients to change their behaviour through use of motivational questions;utilise motivational incentives in addition counselling;apply motivational incentives in addiction counselling;apply motivational incentives in counselling for addiction;utilise motivational incentives in counselling for addiction;use motivational incentives in counselling for addiction;practice motivational techniques in addiction counselling;encourage clients to change their behaviour through use of motivational techniques;employ motivational techniques in counselling for addiction;use motivational incentives in addiction counseling,,,Use questions to motivate the client to change his/her behaviour or undertake treatment or abstinence from substance or alcohol abuse.
http://data.europa.eu/esco/skill/5100aeb3-948d-4163-91ad-703a4116bdba,skill/competence,sector-specific,commission evaluation,define evaluation needs for project proposals;establish project evaluation;define evaluation needs,,,"Define evaluation needs, write responses for project proposals, terms of references. Manage tendering, review proposals, and select and onboard evaluation teams, quality assure evaluation process."
http://data.europa.eu/esco/skill/51586df8-1c46-4b47-8583-773cb63bf00b,knowledge,sector-specific,R,R software,,,"The techniques and principles of software development, such as analysis, algorithms, coding, testing and compiling of programming paradigms in R."
http://data.europa.eu/esco/skill/517f678e-001b-4985-acb4-9edc3500d74c,skill/competence,sector-specific,develop training programmes,create training programmes;develop training programme;developing training programmes;design training programmes;develop programmes for training,,,Design programmes where employees or future employees are taught the necessary skills for the job or to improve and expand skills for new activities or tasks. Select or design activities aimed at introducing the work and systems or improving the performance of individuals and groups in organisational settings.
http://data.europa.eu/esco/skill/518dc04d-092d-4fa1-bd82-88b7a9278ef7,skill/competence,sector-specific,manage intellectual property rights,manage copyrights;administer copyrights;administer intellectual property rights,,,Deal with the private legal rights that protect the products of the intellect from unlawful infringement.
http://data.europa.eu/esco/skill/519e801b-3cc4-44d4-bcf1-32fdb9a77e51,knowledge,cross-sector,personal development,self-reflection;personality building;techniques and methods for personal development,,,The techniques and methods used to improve awareness and identity and develop talents and potential in human beings.
http://data.europa.eu/esco/skill/51e79cb4-fab3-404c-88f3-cd4a1bd5879e,skill/competence,cross-sector,deal with emergency care situations,handle emergency care situations;handle emergency care situation;apply knowledge in emergency care situations;deal with emergency care situation,,,"Assess the signs and be well-prepared for a situation that poses an immediate threat to a person's health, security, property or environment."
http://data.europa.eu/esco/skill/524c4331-5090-4565-a0bc-0a9ae874938d,skill/competence,sector-specific,demonstrate leadership in social service cases,take the lead in handling social work cases;demonstrate leadership in a social service case;show leadership in social service cases;demonstrate leadership in social services case,,,Take the lead in the practical handling of social work cases and activities.
http://data.europa.eu/esco/skill/526a0eaa-2bee-4e80-989f-cb36f9fbee47,skill/competence,cross-sector,perform fundraising activities,implement fundraising activities;execute fundraising activities;execute money raising activities;complete money raising activities;undertake money raising activities;undertake fundraising activities;complete fundraising activities;implement money raising activities,,,"Perform activities which will raise funds for an organisation or campaign, such as speaking with the public, gathering funds during fundraising or other general events, and using online fundraising tools."
http://data.europa.eu/esco/skill/5284ecee-93dd-4145-a3c0-584af836c69e,skill/competence,sector-specific,use e-tourism platforms,engage with customers on review websites;employ electronic tourism platforms;use travel advertising platforms;use online tourism platforms;engage with digital tourism platforms,,,Use digital platforms to promote and share information and digital content about a hospitality establishment or services. Analyse and manage reviews addressed to the organisation to ensure customer satisfaction.
http://data.europa.eu/esco/skill/52c19dc8-651f-4095-98fe-dcb2799d702e,knowledge,cross-sector,geriatrics,treatment of conditions occurring in old age;health care of elderly people;geriatric medicine;preventative methods in healthcare of elderly people,,,Geriatrics is a medical specialty mentioned in the EU Directive 2005/36/EC.
http://data.europa.eu/esco/skill/52cf3037-ab53-4806-85ed-7fd21ea7f6a1,knowledge,sector-specific,Groovy,Groovy software techniques;Groovy programming language;Groorvy software development,,,"The techniques and principles of software development, such as analysis, algorithms, coding, testing and compiling of programming paradigms in Groovy."
http://data.europa.eu/esco/skill/52e53619-fa77-4f72-b237-5e4aae784dc2,knowledge,cross-sector,financial management,monetary management;management of financial tasks;financial management tasks;financial administration;monetary administration,,,"The field of finance that concerns the practical process analysis and tools for designating financial resources. It encompasses the structure of businesses, the investment sources, and the value increase of corporations due to managerial decision-making."
http://data.europa.eu/esco/skill/52eb7ab6-269f-4f44-a21d-b0c705eaf857,knowledge,cross-sector,musical genres,music genres;musical types;musical variations;musical genre;a musical genres;musical styles,,"Musical genres such as blues, classical, electronic, flamenco, house, indie, jazz, opera, pop, rap, reggae or rock.","Different musical styles and genres such as blues, jazz, reggae, rock, or indie."
http://data.europa.eu/esco/skill/5303169c-75d6-4751-9136-a4b88343388c,knowledge,cross-sector,social media management,handling of social media strategies;computer media management;management of social media,Snapchat;LinKedin;Instagram;TikTok;Pinterest;Twitter;Facebook,,"The planning, development, and implementation of strategies aimed at managing social media platforms, the publications, the social media management tools, and the image of organisations in them."
http://data.europa.eu/esco/skill/5330b70e-16f5-43a7-a6de-18fd6a4bd063,knowledge,cross-sector,public relations,public image;PR,,,The practice of managing all aspects of the image and perception of a company or individual among stakeholders and the society at large.
http://data.europa.eu/esco/skill/5333761a-9a0e-4150-ac1d-6ff8111e37a8,knowledge,sector-specific,archaeology,egyptology;recovery and examination of findings from human activity in the past;archeology;ancient human activities findings' recovery and examination;archaeological study,,,The study of the recovery and examination of material culture left behind from human activity in the past.
http://data.europa.eu/esco/skill/53456d90-8c0d-4bd2-9f1b-312619b6e2a6,knowledge,cross-sector,hardware testing methods,ORT;testing methods for hardware;computer hardware testing methods;in-circuit test;testing methods for computer hardware;ongoing reliability test,,,"Those processes in which hardware components or systems are tested, such as the system test (ST), the ongoing reliability test (ORT), and the in-circuit test (ICT)."
http://data.europa.eu/esco/skill/53d45a18-6c15-4c50-821c-d116ae0611ec,knowledge,cross-sector,medical studies,basic principles of medical studies;terminology of medical studies;medical study,,,The basics and terminology of medical studies.
http://data.europa.eu/esco/skill/5401bf12-9cb2-4c24-8293-37de2a834031,skill/competence,sector-specific,help clients cope with grief,provide support to clients in coping with grief;provide grief support to client;help a client cope with grief;support clients to cope with grief,,,Provide support to clients having experienced the loss of close family or friends and help them to express their grief and recover.
http://data.europa.eu/esco/skill/5410f054-8e2b-4950-aa10-5f48107a68e7,skill/competence,sector-specific,provide clinical psychological support in crisis situations,provide emotional guidance in a crisis situation;offer emotional guidance in crisis situations;offer emotional guidance in a crisis situation;offer psychological support in crisis situation;provide clinical psychological support in a crisis situation,,,Offer psychological support and emotional guidance to patients facing crises situations.
http://data.europa.eu/esco/skill/541561bc-510c-4a99-881c-2d8bf5a85462,skill/competence,cross-sector,use technical drawing software,design creation using specialist software;design using specialist software;design with specialist software;using of technical drawing software;usage of technical drawing software;technical drawing software usage;designing using specialist software;use of technical drawing software;designing with specialist software;create designs with specialist software;using technical drawing software,,,Create technical designs and technical drawings using specialised software.
http://data.europa.eu/esco/skill/541cdc23-1eec-4520-81fc-3392eaf538ed,knowledge,cross-sector,fraud detection,fraud investigation;fraudulent activity examination;fraudulent activity identification;fraud identification;fraud examination;fraudulent activity investigation,,,The techniques used to identify fraudulous activities.
http://data.europa.eu/esco/skill/542b09e0-b198-4a04-b0f8-6b07ccd80ae8,skill/competence,occupation-specific,check finished vehicles for quality control,assess vehicles for quality control;determine vehicles for quality control;audit vehicles for quality control;checking vehicles for quality control;check a vehicle for quality control;test vehicles for quality control;checking a vehicle for quality control,,,Perform quality control on finished vehicles; make sure that quality standards have been achieved.
http://data.europa.eu/esco/skill/54411e8e-d62f-46d8-b87b-fce23f8e3bc8,knowledge,sector-specific,disability care,disability support;disability assistances;disability assistance;disability health care,,,"The specific methods and practices used in providing care to people with physical, intellectual and learning disabilities."
http://data.europa.eu/esco/skill/545c80e8-7ab2-42fe-af64-242211e94709,skill/competence,sector-specific,analyse network configuration and performance,assess network setup and performance;examine network configuration and effectiveness;evaluate network setup and efficiency;analyse performance characteristics of ICT networks;assess network structure,,,"Analyse essential network data (e.g., router configuration files, routing protocols), network traffic capacity and performance characteristics of ICT networks, such as wide area network and local area network, that connect computers using cable or wireless connections and allow them to exchange data."
http://data.europa.eu/esco/skill/54924a2c-daca-40d3-9716-4b38ceb04f38,knowledge,cross-sector,algorithms,formulae;formulas;algorithm;algorithmic,,,"The self-contained step-by-step sets of operations that carry out calculations, data processing and automated reasoning, usually to solve problems."
http://data.europa.eu/esco/skill/54c9c155-9293-4329-8ed2-2e76e8b519d4,skill/competence,sector-specific,define data quality criteria,specify data quality criteria;set data quality benchmarks,,,"Specify the criteria by which data quality is measured for business purposes, such as inconsistencies, incompleteness, usability for purpose and accuracy."
http://data.europa.eu/esco/skill/54cdc5f2-8000-4ed8-9add-b55a4bf6c269,skill/competence,sector-specific,develop employment policies,produce recruitment policies;operate recruitment policies;produce employment policies;operate employment policies;establish employment policies;implement employment policies;implement recruitment policies;establish recruitment policies,,,"Develop and supervise the implementation of policies which aim to improve employment standards such as working conditions, hours, and pay, as well as reduce unemployment rates."
http://data.europa.eu/esco/skill/54e60889-c5cc-435f-8d6d-7aefb67e993a,skill/competence,occupation-specific,organise participation in local or international events,organise participation in an international event;set up participation in local or international events;set up participation in international events;organise participation in international events;arrange participation in international events;coordinate participation in international events;establish participation in international events;arrange participation in local or international events;organise participation in a local or international event;establish participation in local or international events;coordinate participation in local or international events,,,Apply for and secure a place to participate in local or international exhibitions and competitions.
http://data.europa.eu/esco/skill/54f78038-58a8-46cb-9633-41ade03c07b7,skill/competence,sector-specific,study topics,studying topics;study topic;research topics;investigate topics,,,"Carry out effective research on relevant topics to be able to produce summary information appropriate to different audiences. The research may involve looking at books, journals, the internet, and/or verbal discussions with knowledgeable persons."
http://data.europa.eu/esco/skill/550e2d00-bd89-4614-8e15-330ae5277af3,skill/competence,sector-specific,assess candidates,evaluate candidates vocational skills;evaluate applicants vocational skills;evaluate candidates vocational knowledge;evaluate applicants;evaluate candidates vocational competences,,,"Evaluate the candidates’ vocational competences, skills and knowledge through tests, interviews, simulations, and evidence of prior learning according to a pre-defined standard or procedure. Formulate summative statements of the displayed competences in comparison to set expectations."
http://data.europa.eu/esco/skill/553ad092-b799-44c9-a94c-65a84fdc7526,skill/competence,cross-sector,identify processes for re-engineering,identification of processes for re-engineering;identifying processes for re-engineering;classify processes for re-engineering;diagnose processes for re-engineering;identify a process for re-engineering;determine processes for re-engineering;analyse processes for re-engineering,,,"Identify potential to restructure a company or part of its operations, e.g. by exploiting information technology."
http://data.europa.eu/esco/skill/55514865-3066-4abd-86a9-dbe45a440882,knowledge,cross-sector,root cause analysis,battery analysis methods,,,Root cause analysis (RCA) is a systematic process for identifying root causes of problems or events and an approach for responding to them.
http://data.europa.eu/esco/skill/556be6f4-225f-46a2-a795-d3d54d98c3f7,skill/competence,cross-sector,conduct workplace audits,conduct audits and inspections;carry out audits and verify compliance at the work;conduct an audit at work;conduct auditing at the workplace,,,Conduct work site audits and inspections in order to ensure compliance with rules and regulations.
http://data.europa.eu/esco/skill/557820b5-b503-45f4-a7a0-6ace64b162a4,skill/competence,sector-specific,help healthcare users develop social perceptiveness,provide strategies for better social perceptiveness to healthcare users;help healthcare users to develop social perceptiveness;help a healthcare user to develop social perceptiveness;support healthcare users in developing social perceptiveness;help health-care users to develop social perceptiveness,,,Provide strategies and support to healthcare users with social difficulties. Help them understanding others` verbal and non-verbal behaviour and actions. Support them in developing better self-confidence in social situations.
http://data.europa.eu/esco/skill/5591ec30-b8a4-4498-8f23-945c915175bd,skill/competence,sector-specific,use psychotherapeutic interventions,implement psychotherapeutic interventions;use psychotherapeutic intervention;take over psychotherapeutic interventions;make use of psychotherapeutic intervention;apply psychotherapeutic interventions;utilise psychotherapeutic interventions,,,Use psychotherapeutic interventions suited to the different stages of treatment.
http://data.europa.eu/esco/skill/5592ab32-4e7a-4cda-8e64-ca36d5de8a10,skill/competence,cross-sector,adapt to changing situations,adapting to a changing situation;adapt to a changing situation;adjust to changing situations;alter to changing situations;modify to changing situations;tailor to changing situations;adapting to changing situations,,,"Change approach to situations based on unexpected and sudden changes in people's needs and mood or in trends; shift strategies, improvise and naturally adapt to those circumstances."
http://data.europa.eu/esco/skill/5598739b-6718-4cff-8402-91d7f65b1505,skill/competence,cross-sector,maintain work area cleanliness,check that work area is spotless clean;ensure cleanliness of work area including equipment;maintain work area clean;maintain a clean work area,,,Keep the working area and equipment clean and orderly.
http://data.europa.eu/esco/skill/55e286cf-b8a0-40bd-9e87-276cbc0284b9,knowledge,sector-specific,types of aircraft,varieties of aircraft;aircraft type;categories of aircraft;aircraft types;brands of aircraft;type of aircraft,,,"The various types of aircraft, their functionalities, properties and legal and regulatory requirements."
http://data.europa.eu/esco/skill/56042303-972b-41be-9310-58467599ff7e,skill/competence,cross-sector,analyse business processes,assess business operations;monitor business processes;study the contribution of work processes to business goals;evaluate business processes,,,Study the contribution of the work processes to the business goals and monitor their efficiency and productivity.
http://data.europa.eu/esco/skill/5608d5a0-6d5e-43b7-be37-616501729bb4,knowledge,cross-sector,artificial neural networks,ANN;neural networks;neural nets;artificial neural nets;NN,,,A network of artificial neurons composed for solving artificial intelligence problems. These computing systems are inspired by the biological neural networks that constitute brains. Understanding of its general model and its elements. Knowledge of its use possibilities for automation.
http://data.europa.eu/esco/skill/561c2525-5bd8-4d86-8f45-820f4be7db93,skill/competence,cross-sector,report test findings,report a test finding;summarise test findings;describe test findings: record test findings;note test findings,,,"Report test results with a focus on findings and recommendations, differentiating results by levels of severity. Include relevant information from the test plan and outline the test methodologies, using metrics, tables, and visual methods to clarify where needed."
http://data.europa.eu/esco/skill/561d0714-aebc-4275-8061-6924a4fb4e7e,knowledge,sector-specific,cognitive behavioural therapy,cognitive-behavioural therapy;cognitive behaviour therapy;problem-focused and action-oriented approach to treating mental disorders;cognitive-behavioural therapies;cognitive behavioural therapies;CBT;cognitive behavioral therapy;evidence-based practice for treating mental disorders,,,The solution-focused approach to treating mental disorders oriented towards solving problems by teaching new information-processing skills and coping mechanisms.
http://data.europa.eu/esco/skill/56426cfa-6e92-4ed9-a632-f08849864588,skill/competence,cross-sector,review investment portfolios,review an investment portfolio;analyse investment portfolios;reviewing investment portfolios;audit investment portfolios;scrutinise investment portfolios;investment portfolio review;check investment portfolios,,,Meet with clients to review or update an investment portfolio and provide financial advice on investments.
http://data.europa.eu/esco/skill/56a10e3e-c9e7-4d39-b6f1-6013398fcb3a,skill/competence,cross-sector,use content management system software,using content management system software;handle content management system software;content management system software use;adopt content management system software;operate content management system software;apply content management system software;use a content management system software,,,"Use software that allows publishing, editing and modifying content as well as maintenance from a central interface."
http://data.europa.eu/esco/skill/56a7f561-1d55-43c9-9cd7-36a0a9bc6c50,knowledge,sector-specific,ASP.NET,ASP.NET framework,ASP.NET 3.5;ASPX;ASP.net;ASP+;Aspx;ASP.NET 2.0,,"The techniques and principles of software development, such as analysis, algorithms, coding, testing and compiling of programming paradigms in ASP.NET."
http://data.europa.eu/esco/skill/56ab5131-93a0-4ce3-b840-6413e687c307,skill/competence,cross-sector,present legal arguments,proffer legal arguments;give legal arguments;proffer judicial arguments;provide judicial arguments;tender legal arguments;provide legal arguments;give judicial arguments;tender judicial arguments,,,"Present legal arguments during a court hearing or during negotiations, or in written form after a trial concerning its outcome and sentence, in order to ensure the best possible outcomes for the client or to ensure the decision is followed. Present these arguments in a manner that is compliant with regulations and guidelines and adapted to the specifications of the case."
http://data.europa.eu/esco/skill/56c59e98-f133-48ad-9d01-f357a8e2c218,skill/competence,cross-sector,estimate profitability,estimate profit;estimation of profitability;estimating profit;profit estimating;estimating profitability;evaluate profit;estimation of profit;evaluation of profit;profitability estimating;evaluate profitability;evaluating profit;evaluating profitability;evaluation of profitability,,,Take various factors into account to calculate the cost and potential revenues or savings gained from a product in order to evaluate the profit that could be generated by the new acquisition or by a new project.
http://data.europa.eu/esco/skill/56e30a60-0a87-4631-85ea-c69bc8bd0519,skill/competence,cross-sector,study cultures,study culture;examine cultures;studying cultures;analyse cultures;research cultures,,,"Study and internalise a culture that is not your own to truly understand its traditions, rules, and workings."
http://data.europa.eu/esco/skill/56ec6990-3e5b-475f-88e4-2c209f5625b3,skill/competence,sector-specific,work with different target groups,work with various target groups;work with target groups that are different;collaborate with different groups;work with groups of different targets,,,"Work with a variety of target groups based on age, gender and disability."
http://data.europa.eu/esco/skill/56ff27ef-2565-45bf-a70c-f06d78d2a480,skill/competence,cross-sector,create a financial plan,create a business plan;create an economic plan,,,"Develop a financial plan according to financial and client regulations, including an investor profile, financial advice, and negotiation and transaction plans."
http://data.europa.eu/esco/skill/57231a22-4da7-49c8-97b8-75672feadf1e,skill/competence,cross-sector,manage quantitative data,gather data;manage data quantitatively;organise data;handle numerical data;process data;present data;interpret data;managing quantitative data,,"Excludes <a resource=""http://data.europa.eu/esco/skill/9af1bd12-01bd-4d6a-947b-69e64f23150a"" typeOf=""http://data.europa.eu/esco/model#Skill"" href=""http://data.europa.eu/esco/skill/9af1bd12-01bd-4d6a-947b-69e64f23150a""><span property=""http://www.w3.org/2000/01/rdf-schema#label"" xml:lang=""en"">process qualitative information</span></a>.","Gather, process and present quantitative data. Use the appropriate programs and methods for validating, organising and interpreting data."
http://data.europa.eu/esco/skill/574257ea-7b64-4100-b7b6-e27c233fe143,digital competence,not specified,digital communication and collaboration,electronic communication;digital communications;paperless communication,,,"Communicate in digital environments, share resources through online tools, link with others and collaborate through digital tools, interact with and participate in communities and networks, cross-cultural awareness."
http://data.europa.eu/esco/skill/574bf430-50a1-4734-9719-a823e7d80b10,skill/competence,cross-sector,communicate professionally with colleagues in other fields,communicate professionally with health and social care colleagues;professionally communicate with colleagues from other fields;cooperate professionally with colleagues in other fields,,,Communicate professionally and cooperate with members of the other professions in the health and social services sector.
http://data.europa.eu/esco/skill/5753e2ca-8934-45d3-8e52-3877d373239d,knowledge,cross-sector,diplomatic principles,international relations ethics;international relations tenets;international relations fundamentals;diplomatic conventions;diplomatic ethics;international relations conventions;diplomatic fundamentals;diplomatic tenets,,,"The practices of facilitating agreements or international treaties with other countries by conducting negotiations and attempting to protect the interests of the home government, as well as facilitating compromise."
http://data.europa.eu/esco/skill/57b7804d-048b-4293-b8ac-a105d0468883,knowledge,cross-sector,source criticism,source critique;bible source criticism;biblical source analysis;bible source analysis;biblical source criticism,,,"Process of classifying various informational sources into different categories such as historical and non-historical, or primary and secondary, and evaluating those sources on the basis of their content, material features, authors etc."
http://data.europa.eu/esco/skill/57beaad1-7c5e-4b17-a35f-31f49e1d7378,knowledge,cross-sector,education law,education regulation;education legislation;the law of education;education laws;education norms,,,"The area of law and legislation that concerns education policies and the people working in the sector in an (inter)national context, such as teachers, students, and administrators."
http://data.europa.eu/esco/skill/585ed991-fdab-4f3c-9187-a32bfb7ab822,skill/competence,cross-sector,perform balance sheet operations,undertake balance sheet operations;implement balance sheet operations;complete balance sheet operations;perform a balance sheet operation;performing balance sheet operations;performing a balance sheet operation,,,Make up a balance sheet displaying an overview of the organisation's current financial situation. Take into account income and expenses; fixed assets such as buildings and land; intangible assets such as trademarks and patents.
http://data.europa.eu/esco/skill/58888680-07cd-4baa-8eb1-f846bff7e2d4,skill/competence,sector-specific,manage membership database,operate association database;oversee membership database;operate membership database;supervise association database;oversee association database;supervise membership database,,,Add and update membership information and analyze and report on statistical membership information.
http://data.europa.eu/esco/skill/5895a0b8-da35-482d-bf25-1017b4a03632,skill/competence,occupation-specific,promote sports in schools,advertise sports in schools;promote sport campaign in schools;promoting sports in schools,,,Promote sports in schools.
http://data.europa.eu/esco/skill/589798b2-4870-4459-b966-ea0622fbdd55,skill/competence,cross-sector,attend book fairs,attend book fair;join book fairs;go to book fairs;attending book fairs;participate in book fairs,,,"Attend fairs and events to get familiar with new book trends and to meet with authors, publishers, and others in the publishing sector."
http://data.europa.eu/esco/skill/5898d99a-62a4-4e10-a2e3-0d815ce44248,knowledge,sector-specific,cyber attack counter-measures,network communications security measures;cyber defence mechanisms;cyber/digital/IT/ICT/information security controls;cybersecurity measures,SSL traffic;SHA;MD5;PKI;S/MIME,,"Methods, technologies and techniques used to defend (detect, monitor and recover) against cyber attacks. These cyber attacks include several attack vectors such as malware, denial of service (DoS) attacks and phishing. Intrusion prevention systems (IPS), firewall, antivirus, intrusion detection systems (IDS), cybersecurity training, backup, Information Security Management System (ISM), multi-factor authentication and employ awareness, are some examples of the methods used."
http://data.europa.eu/esco/skill/58bae6b3-baf1-4ce2-9daf-197ede8c510a,knowledge,cross-sector,social pedagogy,theory and practice of education and care;holistic education and care,,,"Discipline combining the theory and practice of both education and care, seen from a holistic perspective."
http://data.europa.eu/esco/skill/58d7a289-dafd-4363-833f-d1dc4140885e,knowledge,sector-specific,APL,APL programming paradigms,,,"The techniques and principles of software development, such as analysis, algorithms, coding, testing and compiling of programming paradigms in APL."
http://data.europa.eu/esco/skill/58d8e348-8bbc-4827-9214-822b1ee0007a,skill/competence,sector-specific,advise on investment,provide investment advice;suggest investments;counsel on investments;offer advice on investments,,,Assess the customer's economic goals and advise on the possible financial investments or capital investments to promote wealth creation or safeguarding.
http://data.europa.eu/esco/skill/58f3a15f-8ab9-4123-a3a0-5cca75358ae7,knowledge,sector-specific,reflexion,self-reflection;reflextion on own behavior;self-awareness;reflexion on own behaviour;mindfulness,,,"The way to listen to individuals, to summarise the major points and clarify what they are feeling in order to help them reflect on their behaviour."
http://data.europa.eu/esco/skill/58fcd942-3019-4498-b685-6b2727b37031,skill/competence,sector-specific,evaluate writings in response to feedback,evaluating writings in response to feedback;re-examine writings in response to feedback;assess writings in response to feedback;review writings in response to feedback;evaluate writing in response to feedback,,,Edit and adapt work in response to comments from peers and publishers.
http://data.europa.eu/esco/skill/59ea80e1-463a-4dba-82c6-d0b6d577d532,knowledge,cross-sector,technical drawings,technical drawing;scientific drawings;specialised drawings;mechanical drawings,,,"Drawing software and the various symbols, perspectives, units of measurement, notation systems, visual styles and page layouts used in technical drawings."
http://data.europa.eu/esco/skill/59eb177a-2f30-4943-8b30-5f87dd51a80d,skill/competence,cross-sector,apply teaching strategies,applies teaching strategies;applying teaching strategies;implement teaching strategies;apply teaching strategy;employ teaching strategies;use teaching strategies,,This includes the use of teaching devices such as diagrams and other visual aids.,"Employ various approaches, learning styles, and channels to instruct students, such as communicating content in terms they can understand, organising talking points for clarity, and repeating arguments when necessary. Use a wide range of teaching devices and methodologies appropriate to the class content, the learners' level, goals, and priorities."
http://data.europa.eu/esco/skill/5a234b3b-63b4-482f-b481-a1ff9d95bbf8,knowledge,sector-specific,office equipment,equipment found in offices;office machines;office apparatus;equipment in an office;office machinery;office devices,,,"The offered office machinery and equipment products, its functionalities, properties and legal and regulatory requirements."
http://data.europa.eu/esco/skill/5aa57bdc-5765-435e-8fc9-99b3febdb213,skill/competence,sector-specific,hire human resources,hiring persons;hire experienced people;oversee recruiting services;recruit people with expertise;complete recruiting services;carry out recruiting services;hire people;undertake recruiting services;make recruiting services;hire a person,,,"Manage the process of hiring human resources, from identifying potential candidates to assessing the adequacy of their profiles to the vacancy."
http://data.europa.eu/esco/skill/5aa90e70-f661-4c2d-aaa2-70ac38c1ace9,skill/competence,cross-sector,inspect government policy compliance,investigate government policy compliance;scrutinise government policy compliance;audit statutory policy compliance;check statutory policy compliance;audit government policy compliance;scrutinise statutory policy compliance;check government policy compliance;investigate statutory policy compliance,,,Inspect public and private organisations to ensure proper implementation and compliance to government policies which apply to the organisation.
http://data.europa.eu/esco/skill/5acf6408-e084-4202-9442-ffcf0119811c,knowledge,cross-sector,security threats,threats to cyber/digital/IT/ICT security;security threat;physical security hazards;cyber/digital/IT/ICT security threats;threats to physical security;cyber/digital/IT/ICT security risks;security dangers;physical security risks;security hazards;physical security threats;security risks;threats to security;physical security dangers;cyber/digital/IT/ICT security dangers,,,"Types of cyber or physical security threats to public and private security such as unauthorised entry, aggressive behaviour, molestation, robbery, theft, hacking, malware, phishing, identity theft, assault, kidnapping, murder and public demonstration."
http://data.europa.eu/esco/skill/5b1c2df7-93aa-4b7a-ae13-9f84cff79ba4,skill/competence,sector-specific,describe artistic experience,describing artistic experience;detail artistic experience;recount artistic experience;discuss artistic experience,,,Take into consideration other areas of expertise or experience and identify elements relevant to your artistic approach.
http://data.europa.eu/esco/skill/5b26f08b-88bc-45f0-b901-530d7786466b,knowledge,cross-sector,scientific computing,computational science;scientific computation,,,"The interdisciplinary field between computer science, mathematics and engineering. It concerns the employment of technical approaches and theoretical frameworks, and the use of computers, to address issues in science and engineering."
http://data.europa.eu/esco/skill/5b6fb4d6-582e-4187-9f17-f6e582f8714f,knowledge,cross-sector,survey techniques,inspection skills;inspection methods;inspection approaches;inspection capabilities;survey skills;survey capabilities;survey methods;survey approaches,,,"Techniques on how to identify a target audience, choose the right survey method and analyse the data."
http://data.europa.eu/esco/skill/5b71cb01-0f37-47e0-a617-abcf08c8aa64,skill/competence,cross-sector,interpret law,interpret decrees;interpret statutes;understand legislation;understand regulations;interpret legislation;understand decrees;understand statutes;interpret regulations,,,"Interpret the law during the investigation of a case in order to know the correct procedures in handling the case, the specific status of the case and the parties involved, the possible outcomes, and how to present the best arguments for the most favourable outcome."
http://data.europa.eu/esco/skill/5b8a3dd2-de10-48a0-8ce5-522f1fff8450,skill/competence,cross-sector,perform contract compliance audits,carry out an in-depth audit;conduct compliance audit;perform contract quality audit;perform a detailed compliance audit report,,,"Execute a thorough contract compliance audit, ensuring that goods or services are being delivered in a correct and timely fashion, checking for clerical errors or missed credits and discounts and starting procedures for cash recovery."
http://data.europa.eu/esco/skill/5bbaa0e6-0fd7-4df2-9db7-34f78b40dc34,knowledge,cross-sector,marketing management,marketing administration;make business decisions;making strategic business decisions;make strategic business decision,,,"The academic discipline and function in an organisation which focuses on the market research, market development, and the creation of marketing campaigns to raise awareness on the company's services and products."
http://data.europa.eu/esco/skill/5be3d306-6cf1-4b49-aa1d-01651dd4ba4c,knowledge,sector-specific,object-oriented modelling,object-oriented paradigm;object-oriented modeling;knowledge of object-oriented modelling,,,"The object-oriented paradigm, which is based on classes, objects, methods and interfaces and their application in software design and analysis, programming organisation and techniques."
http://data.europa.eu/esco/skill/5be704bc-e270-448c-93b4-fad465cf05b7,skill/competence,sector-specific,translate tags,translating tag;provide translations of tags;tags translating;generate translations of tags;deliver translations of tags;translating tags;tag translating,,,Interpret and translate tags from one language to another striving for accuracy in the target language.
http://data.europa.eu/esco/skill/5c003e77-867f-4213-b7e9-0a4671362646,knowledge,cross-sector,government policy,government position;governmental position;governmental policy,,,"The political activities, plans, and intentions of a government for a legislative session for concrete causes."
http://data.europa.eu/esco/skill/5c2a951c-9eb3-45a7-af45-39f3bf3a095d,knowledge,cross-sector,debt classification,debt regulation;debt designation;classification of debt;debt arrangement;classification of a debt;classifying debt;debt allocation,,,"The different classifications of debt such as public and publicly guaranteed debt, private non-guaranteed credits, central bank deposits, etc."
http://data.europa.eu/esco/skill/5c606d18-6404-4047-b235-350f18e11827,knowledge,cross-sector,contract law,law of contract;principles of contract law;contract laws;contract law regulations,,,"The field of legal principles that govern written agreements between parties concerning the exchange of goods or services, including contractual obligations and termination."
http://data.europa.eu/esco/skill/5c7340b9-3ab5-46bc-af5e-ed737e57df6d,skill/competence,cross-sector,follow up complaint reports,investigate complaint reports;follow up on complaints;develop solutions in response to complaints;follow up on reports of complaints;chase up reports of complaints;act in response to complaint or accident reports;investigate complaints;respond to complaint or accident reports;pursue complaint reports;address complaint reports,,,Follow up complaints or accident reports in order to take adequate measures to solve problems. Contact the relevant authorities or internal staff to provide solutions in various situations.
http://data.europa.eu/esco/skill/5c99d21a-9d02-4638-9b52-a6ba840dcb0a,skill/competence,cross-sector,synthesise financial information,synthesize financial information;synthesise information on finances;unify financial information;synthesising financial information;combine financial information,,,"Collect, revise and put together financial information coming from different sources or departments in order to create a document with unified financial accounts or plans."
http://data.europa.eu/esco/skill/5ce5236e-93e2-4899-8971-fff526f85a01,knowledge,cross-sector,blockchain applications,blockchain functions,,,"The knowledge of applications where blockchains can provide significant added value. They include applications in Banking and Finance (International Payments, Capital Markets, Trade Finance, Regulatory Finance and Audit, Money Laundering Protection, Insurance, Peer-to-Peer Transactions) and Business (Supply Chain Management, Healthcare, Real Estate, Media, Energy), Government (Identity Management, Voting, Taxes, Non-Profit Agencies, Compliance/Regulatory Oversight)."
http://data.europa.eu/esco/skill/5ce80f97-b385-4a41-9339-a6593d0709c1,skill/competence,sector-specific,perform video editing,master video editing techniques;perform video edit;use video editing techniques;perform editing of video,,,"Rearrange and edit video footage in the course of the post-production process. Edit the footage using a variety of sofware, tools, and techniques such as colour correction and effects, speed effects, and audio enhancing."
http://data.europa.eu/esco/skill/5d26851b-270a-4fbe-abeb-2bfd6eba3e2d,skill/competence,cross-sector,analyse logistic changes,test logistic changes;analysing logistic changes;analyse logistic change;scrutinise logistic changes;logistic changes analysis;analyze logistic changes;investigate logistic changes;search logistic changes,,,"Assess the financial impact of possible logistics changes such as shipping modes, product mixes or volumes, carriers and means of product transportation."
http://data.europa.eu/esco/skill/5d34adde-0b78-42b4-9d3d-69e9388d8398,skill/competence,cross-sector,oversee quality control,overseeing quality control;administer quality control;manage quality control;control quality control;oversee quality controls;oversight of quality control;supervise quality control,,,Monitor and assure the quality of the provided goods or services by overseeing that all the factors of the production meet quality requirements. Supervise product inspection and testing.
http://data.europa.eu/esco/skill/5d460d64-9d93-4593-aab9-d57ade1c5860,skill/competence,occupation-specific,conclude the psychotherapeutic relationship,close the psychotherapeutic relationship;conclude psychotherapeutic relationships;conclude a psychotherapeutic relationship;complete the psychotherapeutic relationship;bring the psychotherapeutic relationship to an end,,,"Conclude the process of the psychotherapeutic relationship, making sure that the patient's needs are met."
http://data.europa.eu/esco/skill/5d73a509-4c15-423a-8873-8ea84daa037c,knowledge,cross-sector,practical lexicography,dictionary writing;dictionary compilation;lexicon compilation,,,The science of compiling and editing dictionaries.
http://data.europa.eu/esco/skill/5d74614d-32c8-4ca4-9818-6980e52424b1,skill/competence,sector-specific,plan software testing,oversee software testing plans,,,"Create and supervise tests plans. Decide on allocation of resources, tools and techniques. Set testing criteria for balancing incurred risks in case of remaining defects, adapt budgets and plan additional costs."
http://data.europa.eu/esco/skill/5d7a2896-fa02-4262-93a5-ecb4fbd95602,knowledge,cross-sector,hearing disability,hearing impairment;hearing disabilities;hearing delay;hearing difficulty;hearing deficiency,,,Impairment of the ability to discern and process sounds naturally.
http://data.europa.eu/esco/skill/5da3c765-10a3-49eb-934c-ec401ceb1a34,skill/competence,cross-sector,analyse business plans,define and validate business needs and goals;analyse business objectives;evaluate business plans;analyze business plans;analyse business plan feasibility;gauge business plans;analyse business formal statements;analyse business plan,,,"Analyse the formal statements from businesses which outline their business goals and the strategies they set in place to meet them, in order to assess the feasibility of the plan and verify the business' ability to meet external requirements such as the repayment of a loan or return of investments."
http://data.europa.eu/esco/skill/5db1c72b-7c38-460f-8f4a-ddda37739953,skill/competence,cross-sector,provide immigration advice,arrange migration and relocation advice;furnish immigration advice;give immigration advice;contribute migration and relocation advice;arrange immigration advice;furnish migration and relocation advice;contribute immigration advice;give migration and relocation advice,,,"Provide immigration advice to people seeking to move abroad or require entry in a nation in terms of necessary procedures and documentation, or procedures dealing with integration."
http://data.europa.eu/esco/skill/5dd01a1e-7ba0-4b7f-a76c-ed811c12bfde,skill/competence,cross-sector,apply numeracy skills,implement numeracy skills;numeracy skills application;utilise numeracy skills;apply a numeracy skill;administer numeracy skills;employ numeracy skills;applying numeracy skills,,,Practise reasoning and apply simple or complex numerical concepts and calculations.
http://data.europa.eu/esco/skill/5de0599a-8fca-4cdd-a72d-f5d21af8eeb3,skill/competence,cross-sector,monitor educational developments,supervise educational developments;oversee educational policy changes;audit educational policy changes;oversee educational developments;supervise educational policy interventions;audit educational developments,,,"Monitor the changes in educational policies, methodologies and research by reviewing relevant literature and liaising with education officials and institutions."
http://data.europa.eu/esco/skill/5def6c02-b8fa-4fb4-a73c-1ea02cbe4ca3,skill/competence,occupation-specific,organise supporters,organize supporters;organise adherents;supervise supporters;oversee supporters;oversee adherents;supervise adherents,,,Coordinate and managing relations with networks of supporters.
http://data.europa.eu/esco/skill/5dfcc46a-4fb1-453c-961b-5d41bf077433,knowledge,cross-sector,neurology,medical conditions concerning the nervous system;medical conditions of the nervous system,,,Neurology is a medical specialty mentioned in the EU Directive 2005/36/EC.
http://data.europa.eu/esco/skill/5dfd1b83-8b77-444b-94cd-72f8e13472fa,knowledge,cross-sector,legislation in agriculture,regulation of agriculture;land-based industry legislation;land-based industries statutes;land-based industries rules;agricultural legislation;regulation of land-based industries;agricultural statutes;agriculture rules,,,"Body of regional, national and European laws enacted in the field of agriculture and forestry concerning various issues such as product quality, environmental protection and trade."
http://data.europa.eu/esco/skill/5e14de3d-d055-427e-9f5b-eb068f56b019,skill/competence,cross-sector,research website users,research website users and traffic;identify needs of website users to increase traffic;perform website user base research activities;research online user base;analyse traffic and user base of website;research users of website;research website traffic;research website user base;research user base of website;analyse and identify needs of website users to increase traffic;analyse website users to increase traffic;conduct research into the needs of website users,,,Record and analyse website traffic by distributing surveys or using e-commerce and analytics. Identify the needs and preferences of target visitors in order to apply marketing strategies to increase website traffic.
http://data.europa.eu/esco/skill/5e22c646-8932-4622-a6bc-87d46b8fdf02,skill/competence,cross-sector,develop sports programmes,establish sporting activities;produce sporting activities;produce sports programmes;establish sports programmes;develop sports programs;expand sporting activities;expand sports programmes,,,"Develop plans and policies for the inclusion of sporting activities and organisations in a community, and for the development of sporting activities for specific target groups."
http://data.europa.eu/esco/skill/5e5d8826-92c4-4274-a6f9-3db6fca9eadc,skill/competence,sector-specific,follow health and safety precautions in social care practices,follow hygienic work practice;follow health & safety precautions in social care practices;obey health and safety precautions in social care practices;follow health and safety precautions in social-care practices;follow health and safety precautions in social care practice,,,"Ensure hygienic work practice, respecting the safety of the environment at day care, residential care settings and care at home."
http://data.europa.eu/esco/skill/5e80353d-53ed-4e64-a5ff-0e3ec52156fa,skill/competence,sector-specific,direct logistical functions,direct logistical functions for commodities life cycles;direct logistical functions for merchandise life cycles;direct logistical functions for stock life cycles;direct logistical functions for brand life cycles;direct logistical functions for product life cycles,,,"Coordinate logistic operations related to product life cycles, such as distribution, delivery and final disposal of products or resources."
http://data.europa.eu/esco/skill/5e9de344-2bea-40dc-8410-f940121330e4,skill/competence,cross-sector,maintain relationships with government agencies,develop and sustain positive working relationships with government agencies;maintain cordial working relationships with government agencies;establish and sustain positive relations with peers in government agencies;maintain working relationships with government agencies;establish working relationships with colleagues in government agencies;establish working relationships with peers in government agencies;maintain relations with government agencies;develop and sustain good working relationships with government agencies;maintain cordial relationships with various government agencies;maintain cordial relationships with government agencies,,,Establish and maintain cordial working relationships with peers in different governmental agencies.
http://data.europa.eu/esco/skill/5ea2d808-461b-4a56-b669-69fefc1b80da,knowledge,sector-specific,capital goods industry,capital equipment industry,,,"The industry focused on the capital goods sector composed by machinery manufacturing companies that play a key role in producing and distributing capital goods such as electrical, defense or construction equipment."
http://data.europa.eu/esco/skill/5ef0c719-5bcb-49f8-b8eb-824388225333,skill/competence,sector-specific,use scripting programming,employ ICT tools for computer code creation;use ICT tools for computer code generation;employ programming languages for computer code creation;use ICT tools for computer code development;use ICT tools for computer code creation,,,"Utilise specialised ICT tools to create computer code that is interpreted by the corresponding run-time environments in order to extend applications and automate common computer operations. Use programming languages which support this method such as Unix Shell scripts, JavaScript, Python and Ruby."
http://data.europa.eu/esco/skill/5f0082ab-2131-49b5-94d6-a1821daf57d6,skill/competence,cross-sector,apply for research funding,apply for research grants;draft research grants applications;identify research grants;generate research funding,,,Identify key relevant funding sources and prepare research grant application in order to obtain funds and grants. Write research proposals.
http://data.europa.eu/esco/skill/5f00bf83-f776-4488-b312-6725f8b6783a,skill/competence,cross-sector,conduct public surveys,plan public consultations;manage public consultations;carry out public consultations;undertake public surveys;undertake public consultations;manage public surveys;plan public surveys;carry out public surveys,,,"Conduct the procedures of a public survey from the initial formulation and compilation of the questions, identifying the target audience, managing the survey method and operations, managing the processing of acquired data, and analysing the results."
http://data.europa.eu/esco/skill/5f08fb30-a657-44d4-988e-13f84801936b,skill/competence,sector-specific,develop trade policies,design trade policies;establish trade policies;design trade agreements;expand trade agreements;expand trade policies;establish trade agreements;produce trade agreements;produce trade policies,,,Develop strategies which support economic growth and facilitate productive trade relations both nationally and internationally.
http://data.europa.eu/esco/skill/5f1d1319-7954-4a9b-90c7-57668e3a0d4b,skill/competence,cross-sector,interpret financial statements,review financial statements;read and understand financial statements;interpret financial statement;interpret finance statements;interpreting financial statements,,,"Read, understand, and interpret the key lines and indicators in financial statements. Extract the most important information from financial statements depending on the needs and integrate this information in the development of the department's plans."
http://data.europa.eu/esco/skill/5f1ebff6-98ec-411f-a1d4-0bf04bd03bdf,skill/competence,cross-sector,check accounting records,checking accounting records;monitor accounting records;check account records;check records of accounts;review accounting records;check accounting record,,,Revise the accounting records of the quarter and year and ensure that the accounting information reflects with accuracy the financial transactions of the company.
http://data.europa.eu/esco/skill/5f2efbdf-08a2-49cd-9c06-bd284e4f0fbf,skill/competence,cross-sector,negotiate terms with suppliers,discuss terms with suppliers;negotiate terms with a supplier;improve terms with suppliers;determine terms with suppliers;agree terms with suppliers,,,Identify and work with suppliers to ensure quality of supply and best price has been negotiated.
http://data.europa.eu/esco/skill/5f302d63-048e-451c-b150-97c124a5a26b,skill/competence,cross-sector,analyse economic trends,scrutinise economic movements;scrutinise economic trends;investigate economic movements;test economic movements;test economic trends;assess economic trends;assess economic movements;investigate economic trends;analyze economic trends,,,"Analyse developments in national or international trade, business relations, banking, and developments in public finance and how these factors interact with one another in a given economic context."
http://data.europa.eu/esco/skill/5f343989-4871-419a-9dca-52fc653dc54e,skill/competence,cross-sector,plan social service process,plan social care processes;plan social service processes;contrive social care process;plan social care process;design social care process;design social service process;convert social service process,,,"Plan the social service process, defining the objective and considering the methods of implementation, identifying and accessing available resources, such as time, budget, personnel and defining indicators to evaluate the outcome."
http://data.europa.eu/esco/skill/5f95f9c9-30ee-4735-ab63-8045ec8f78f8,knowledge,sector-specific,agricultural equipment,equipment for agricultural use;agricultural machines;agricultural devices;agricultural machinery;agricultural apparatus,,,"The offered agricultural machinery and equipment products, their functionalities, properties and legal and regulatory requirements."
http://data.europa.eu/esco/skill/5fd5c985-eaaa-47aa-8314-62359c54505a,skill/competence,cross-sector,develop digital content,,,,"Create and edit digital content in different formats, express oneself through digital means."
http://data.europa.eu/esco/skill/5fe0d38f-d0b3-4cac-ae1d-3bb3913882f6,skill/competence,sector-specific,analyse membership,scrutinise membership;determine member trends;search members;analyze membership;search membership;scrutinise members;investigate membership;determine membership trends;investigate members,,,Identify trends in membership and determine areas of potential membership growth.
http://data.europa.eu/esco/skill/5fe2e5e7-b8a2-4072-b527-f82f3169d989,skill/competence,cross-sector,facilitate official agreement,promote official agreement;aid official agreement;expedite dispute resolution;expedite official agreement;promote dispute resolution;aid dispute resolution,,,"Facilitate an official agreement between two disputing parties, ensuring that both parties agree on the resolution which has been decided on, as well as writing the necessary documents and ensuring both parties sign it."
http://data.europa.eu/esco/skill/5ff0df56-48a7-4f84-937f-ba9a88182f3f,skill/competence,sector-specific,promote human rights implementation,endorse human rights implementation;advocate human rights implementation;encourage human rights implementation;support human rights implementation;encourage human rights agreements;support human rights agreements;endorse human rights agreements;advocate human rights agreements,,,"Promote the implementation of programs which stipulate agreements, binding or non-binding, concerning human rights in order to further improve efforts to decrease discrimination, violence, unjust imprisonment or other human rights violations. As well as to increase efforts to improve tolerance and peace, and better treatment of human rights cases."
http://data.europa.eu/esco/skill/6014921e-1d25-4039-adc2-04852d61880e,knowledge,sector-specific,ICT debugging tools,software debugging tools;ICT testing tools,,,"The ICT tools used to test and debug programs and software code, such as GNU Debugger (GDB), Intel Debugger (IDB), Microsoft Visual Studio Debugger, Valgrind and WinDbg."
http://data.europa.eu/esco/skill/6034b475-1c5c-4695-a0db-46a7bfa4537c,skill/competence,occupation-specific,write songs,create songs;write song;compose songs;writing songs,,,Write the lyrics or melody for songs.
http://data.europa.eu/esco/skill/603c249b-ed35-457a-a1ea-f850e687fefe,knowledge,sector-specific,psychopharmacology,psychological effects of medicine on patients;effects of medicines on patient's behaviour;mental effects of medicines on patients,,,"The awareness of various effects that medicines have on the patient or client's behaviour, mood and thinking."
http://data.europa.eu/esco/skill/604e5cd2-559a-4d49-a1a2-e43b2b472fee,skill/competence,cross-sector,perform educational testing,performs educational testing;performing educational testing;practice educational testing;implement educational testing;conduct educational testing;carry out educational testing,,,"Carry out psychological and educational tests on the personal interests, personality, cognitive capabilities, or language or mathematic skills of a student."
http://data.europa.eu/esco/skill/604fa3e6-bc8d-423e-b7e8-c0ba2416eaa4,skill/competence,sector-specific,work with patterns of psychological behaviour,manage patterns of psychological life;work with patterns of psychological behavior;handle patterns of psychological behaviour;work with patterns of psychological life;manage patterns of psychological behaviour;handle patterns of psychological life,,,"Work with the patterns of a patient or client's psychological behaviour, which may be outside of their conscious awareness, such as non-verbal and pre-verbal patterns, clinical processes of defence mechanisms, resistances, transference and counter-transference."
http://data.europa.eu/esco/skill/6053cf28-2f42-44bb-8d27-a43920128b30,skill/competence,cross-sector,gather feedback from employees,draw feedback from employees;draw feedback from staff;obtain feedback from employees;receive feedback from employees;obtain feedback from staff;collect feedback from staff;collect feedback from employees;receive feedback from staff,,,"Communicate in an open and positive manner in order to assess levels of satisfaction with employees, their outlook on the work environment, and in order to identify problems and devise solutions."
http://data.europa.eu/esco/skill/60856bbb-e5db-4398-babb-300a24a7fe97,knowledge,cross-sector,adult education,adult students learning;adult teaching;adult students education;adult trainings;adult learning;adult training;adult apprenticeship;adult apprenticeships;grown-up learning;adult pedagogy,,,"Instruction targeted at adult students, both in a recreational and in an academic context, for self-improvement purposes, or to better equip the students for the labour market."
http://data.europa.eu/esco/skill/60a63e4c-f71d-48ec-8b57-c1e059370478,skill/competence,sector-specific,analyse psychological aspects of illness,analyse psychological aspects of disease;analyse psychological appearances of illness;analyze psychological aspects of illness;analyze mental aspects of disease;examine mental aspects of disease;analyse mental aspects of disease;examine psychological aspects of illness;examine mental aspects of illness;analyze mental aspects of illness;analyse psychological forms of illness;analyse psychological impact of illness on individuals;analyse mental aspects of illness;examine psychological aspects of disease;assay psychological aspects of illness,,,"Analyse the psychological impact of illness on individuals, close ones, and caregivers and use psychological interventions to promote self-management, helping patients cope with pain or illness, improve their quality of life and mitigate the effects of disability and handicap."
http://data.europa.eu/esco/skill/60b2dd49-c677-4f47-816e-aff3b577e113,skill/competence,cross-sector,provide health education,advocate for health;promote health education;promote health;provide a health education;educate on healthy living,,,"Provide evidence based strategies to promote healthy living, disease prevention and management."
http://data.europa.eu/esco/skill/60d48be0-4260-4b2e-85b9-aedff7a9b7d9,knowledge,sector-specific,ICT capacity planning strategies,ICT capacity management,,,"The methods, techniques and ICT tools used for planning the maximum amount of work that an organisation is capable of completing in a given period, based on the number of machines, workers and shifts and taking into account constraints such as quality problems, delays and material handling."
http://data.europa.eu/esco/skill/60f51172-37c0-4933-a27a-cbf55dcd7580,skill/competence,cross-sector,prepare financial statements,prepare financial statement;get financial statements ready;preparing financial statements;draw up financial statements;formulate financial statements;prepare statements on finances,,,"Collect, entry, and prepare the set of financial records disclosing the financial position of a company at the end of a certain period or accounting year. The financial statements consisting of five parts which are the statement of financial position, the statement of comprehensive income, the statement of changes in equity (SOCE), the statement of cash flows and notes."
http://data.europa.eu/esco/skill/60fbed03-0ce8-4bb0-9f01-af6467e954ec,skill/competence,sector-specific,assess clients' drug and alcohol addictions,establish action plan for client's addiction;assess client's drug and alcohol addiction;assess cient's drug and alcohol addictions;establish action plan for clients' addictions to drugs or alcohol;interview clients to assess their addictions,,,Interview clients and assess their addictions in order to establish an appropriate plan for action.
http://data.europa.eu/esco/skill/611ed16b-99bf-4840-9cab-f55d1d286e0a,skill/competence,cross-sector,store digital data and systems,store systems and digital data;backup digital data and systems;cache digital data and systems;use data and systems archiving procedures;back up data;archive digital data and systems;use data and systems archiving tools;storing digital data and systems;store digital data and system;restore data,,,"Use software tools to archive data by copying and backing them up, in order to ensure their integrity and to prevent data loss."
http://data.europa.eu/esco/skill/614c627b-2ec9-4a0d-811e-de14be4362f2,skill/competence,cross-sector,brainstorm ideas,brainstorm;brainstorm idea;share ideas;brainstorming ideas;conceptualize ideas together,,,"Pitch your ideas and concepts to fellow members of the creative team in order to come up with alternatives, solutions and better versions."
http://data.europa.eu/esco/skill/6195c5f7-a4fb-425d-a3dd-c4467c4471a3,skill/competence,sector-specific,deploy cloud resource,cloud deployment;deployment and provisioning;provision cloud resources,,,"Identify and execute steps required to provision cloud resources, such as networks, servers, storage, applications, GPUs, and services. Define the cloud global infrastructure and remediate deployment issues."
http://data.europa.eu/esco/skill/61c25570-ca90-45ed-ac1c-f7d0fc21b32d,skill/competence,sector-specific,inspect government incomes,investigate government revenues;scrutinise government incomes;scrutinise government revenues;audit government incomes;audit government revenues;check government incomes;investigate government incomes;check government revenues,,,"Inspect the resources available to a national or local government organisation, such as tax incomes, to ensure that the incomes are compliant with the income expectations, that no faults are being made and no suspicious activity is present in the handling of government finances."
http://data.europa.eu/esco/skill/61c55674-9c8a-4433-8c78-f0912bb79c66,skill/competence,occupation-specific,promote sports organisation,endorse sports organisation;promote organisations of sport;promote sports' organisations;promote sports organization;advertise sports organisation,,,"Produce promotional literature, reports and event materials, and liaise with marketing and media organisations."
http://data.europa.eu/esco/skill/621391ab-1187-4705-a0cb-a7b1a6d2b664,knowledge,cross-sector,school psychology,educational psychology,,,"The study of human behaviour and performance with respect to various school processes, the learning needs of young individuals, and the psychological tests accompanying this field of study."
http://data.europa.eu/esco/skill/62685d7a-a8be-4070-89e9-8699ad1201b6,knowledge,cross-sector,ecological principles,principles of ecology;application of ecological principles;interactions among organisms and their environment;relevance of ecological principles;scope of ecological principles;principles of natural resource management;principles of interactions among organisms and their environment;range of ecological principles,,,The understanding of how an ecosystem functions and its relationship to environmental planning and design.
http://data.europa.eu/esco/skill/62736ac3-37f1-428a-8a14-1788f106a3fc,skill/competence,cross-sector,review criminal acts,assess criminal acts;reviewing criminal act;classify criminal acts;criminal act review;evaluate criminal acts,,,"Analyse illegal acts committed by individuals in order to uncover a pattern of action, motive, and demographics."
http://data.europa.eu/esco/skill/628664ec-a63b-4486-8d65-02aba81c82a0,knowledge,sector-specific,ICT sales methodologies,ICT sales techniques,,,"The practices used in the ICT sector to promote and sell products, services or applications such as SPIN Selling, Conceptual Selling and SNAP Selling."
http://data.europa.eu/esco/skill/629685b8-5f9e-4522-8cff-b3e2c4ec625a,digital competence,not specified,digital data processing,electronic data processing;processing of data digitally;data processing;paperless data processing,,,"Identify, locate, retrieve, store, organise and analyse digital information, judging its relevance and purpose."
http://data.europa.eu/esco/skill/629c9139-8a87-447b-8f61-bfe678cf3e7c,knowledge,sector-specific,types of maritime vessels,types of ships;kinds of maritime vessels;kinds of ships;ship classifications;forms of maritime transport;ship types;categories of ships;ship varieties;modes of maritime transport;variety of maritime vessels;categories of maritime vessels,,,"Various types of maritime vessels such as container ships, passenger ships and fishing vessels, and their characteristics and specifications, security, technical, and maintenance requirements."
http://data.europa.eu/esco/skill/62af17c1-cc70-44ce-a563-bf406443bf57,skill/competence,sector-specific,interpret performance concepts in the creative process,interpret performance concepts creatively;perform interpretive concepts in the creative process;act out concepts during a performance;reproduce creative concepts during a performance,,,"Learn and research a part, in personal and collective research and rehearsal, build an acting performance respecting the concept of the show."
http://data.europa.eu/esco/skill/6339a2d3-0c34-4156-b202-5929764fb720,knowledge,cross-sector,musical notation,music theory;musical rudiments;music notation;musical notations,,,"The systems used to visually represent music through the use of written symbols, including ancient or modern musical symbols."
http://data.europa.eu/esco/skill/633a3637-2c6b-40ae-ac38-289eb2a62aa6,knowledge,cross-sector,business analysis,company analysis;analysis of businesses;business analyses;enterprise analysis,,,"The research field which addresses the identification of business needs and problems and the determination of the solutions that would mitigate or prevent the smooth functioning of a business. Business analysis comprises IT solutions, market challenges, policy development and strategic matters."
http://data.europa.eu/esco/skill/6345d3a4-7d1a-40a9-9a82-6ed06beffe7b,knowledge,occupation-specific,online job platforms,on-line job platforms;online job platform;online employment sites;online employment portals;online job portals;online job sites,,,Online platforms which display job offers.
http://data.europa.eu/esco/skill/634865e0-2ec2-4b7f-bb7f-c196637f0f7b,knowledge,cross-sector,older adults' needs,older adult's needs;needs of elderly patients;elderly people's needs,,,"The physical, mental, and social needs of frail, older adults."
http://data.europa.eu/esco/skill/6360a934-cc87-4954-9656-b32db20592e3,knowledge,cross-sector,quantitative analysis,quantitative data analysis,,,The technique of employing statistical and mathematical modelling and measurement to represent a specific reality through numbers.
http://data.europa.eu/esco/skill/637ca2e2-0624-48b1-be6e-9ff4580344ac,skill/competence,cross-sector,proofread text,proofread content for publishing,,,"Read a text thoroughly, search for, review and correct errors to ensure content is valid for publishing."
http://data.europa.eu/esco/skill/63e85fe0-f941-4f54-b4de-af6f8d43c176,skill/competence,sector-specific,work with advertising professionals,work with advertising professional;network with advertising professionals;working with advertising professionals;cooperate with advertising professionals;collaborate with advertising professionals;work with advertising pros;work with ad professionals,,,"Cooperate with professionals in the advertising field as to ensure a smooth development of the advertising projects. Work together with researchers, creative teams, publishers, and copywriters."
http://data.europa.eu/esco/skill/644209ac-8452-4e81-959a-2b10050023cc,skill/competence,cross-sector,promote social change,promote changes in relationships;encourge social change;promote social changes;support social change,,,"Promote changes in relationships between individuals, families, groups, organisations and communities by taking into consideration and coping with unpredictable changes, at the micro, macro and mezzo level."
http://data.europa.eu/esco/skill/6451e645-67b5-4cc7-aafd-fab19629fa82,skill/competence,sector-specific,archive documentation related to work,record documentation related to the work;archiving documentation related to the work;archive work related documents;preserve documentation related to the work;archive work documents;archive documentation related to the work;store documentation related to the work,,,Select relevant documentation related to the ongoing or complete work and take steps to archive it in a way that ensures its future accessibility.
http://data.europa.eu/esco/skill/646d871b-4503-4dc8-a076-06d7085e4cde,skill/competence,cross-sector,promote human rights,advocate for human rights;promote human right laws,,,"Promote and respect human rights and diversity in light of the physical, psychological, spiritual and social needs of autonomous individuals, taking into account their opinions, beliefs and values, and the international and national codes of ethics, as well as the ethical implications of healthcare provision, ensuring their right to privacy and honouring for the confidentiality of healthcare information."
http://data.europa.eu/esco/skill/64852ade-6ae1-4760-ba4a-976bf07ca255,skill/competence,cross-sector,manage disaster recovery plans,prepare disaster recovery plans,,,"Prepare, test and execute, when necessary, a plan of action to retrieve or compensate lost information system data."
http://data.europa.eu/esco/skill/648782e0-b5e5-4e59-bed0-627aa8ac29f0,skill/competence,cross-sector,maintain records of financial transactions,maintaining records of financial transactions;manage records of financial transactions;sustain records of financial transactions;maintain a record of financial transactions;maintaining a record of financial transactions;preserve records of financial transactions;control records of financial transactions,,,Collate all the financial transactions done in the daily operations of a business and record them in their respective accounts.
http://data.europa.eu/esco/skill/64b0515c-98b0-4cfd-8791-2f0a74e0ca37,skill/competence,cross-sector,prepare youths for adulthood,prepare youth for becoming adults;prepare youth to become adults;prime youth for adulthood;get youth ready for adulthood,,,Work with children and young people to identify the skills and abilities they will need for their transition to become independent and self-sufficient adults.
http://data.europa.eu/esco/skill/64bd4157-5df0-4166-8259-ede237dd7cdf,skill/competence,sector-specific,estimate impact of risks,analyse impact of financial risks;determine risks impact;analyse impact of non-financial risks;calculate impact of risks,,,"Estimate the potential losses associated with an identified risk by applying standard risk analysis practices to develop an estimate of probability and impact on the company. Take both financial and non-financial impacts into account. Use qualitative and quantitative risk analysis techniques to identify, rate and prioritise risks."
http://data.europa.eu/esco/skill/64be6a06-52e8-4f5c-b64d-caa516cfa291,knowledge,sector-specific,depreciation,devaluation;decrease in value,,,The accounting method of dividing the value of an asset over its useful life for the allocation of cost per fiscal year and in parallel to decrease the value of the asset from the accounts of the company.
http://data.europa.eu/esco/skill/64db87c7-2360-4e20-88d3-d222402e477c,skill/competence,sector-specific,write database documentation,provide database documentation,,,Develop documentation containing information about the database that is relevant to end users.
http://data.europa.eu/esco/skill/64e09849-a7db-4d6b-a932-66264420eb97,skill/competence,cross-sector,apply social media marketing,administer social media marketing;social media marketing application;implement social media marketing;application of social media marketing;utilise social media marketing;employ social media marketing;applying social media marketing,,,"Employ website traffic of social media such as Facebook and Twitter to generate attention and participation of existing and potential customers through discussion forums, web logs, microblogging and social communities for gaining a quick overview or insight into topics and opinions in the social web and handle inbound leads or inquiries."
http://data.europa.eu/esco/skill/64e505a8-8c7a-40a4-9776-0fd5ced146fa,skill/competence,sector-specific,select photos,choose pictures;review images;select photographs;select a photo,,,Review sets of images and select the best work.
http://data.europa.eu/esco/skill/64f2c90c-4144-418e-82c6-3150e03d29a3,skill/competence,sector-specific,assess customers,appraise customers;test customers;assessing customers;assess a customers;assessing a customer;check customers;judge customers,,,"Evaluate customers’ personal circumstances, needs and preferences."
http://data.europa.eu/esco/skill/651d7458-ff97-4bee-9290-af375c7ff25f,skill/competence,cross-sector,evaluate clients' progress,evaluate clients' advancement;evaluating evaluate clients' progress;assess clients' progress;assess clients' advancement;evaluate client's progress,,,"Keep track of clients' achievements by reporting on their progress. Monitor whether goals are reached and barriers or setbacks overcome. If not, consult with clients about their issues and offer new approaches."
http://data.europa.eu/esco/skill/6543eef3-d05e-4e97-a7dc-379398a1a798,skill/competence,sector-specific,work closely with news teams,work closely with news team;working closely with news teams;collaborate with news teams;join forces with news teams,,,"Work closely with news teams, photographers and editors."
http://data.europa.eu/esco/skill/65556efb-13d5-48bc-8e53-96f7a3379749,skill/competence,cross-sector,support social service users to manage their financial affairs,advise social service users on budgetary issues;support a social service user to manage their financial affairs;support a social service user to manage his/her financial affairs;support social service users to manage their finances;support health care users in managing their financial affairs,,,Work with individuals to access information and advice about their financial affairs and support them to manage and monitor their finances.
http://data.europa.eu/esco/skill/6556cbf1-d5c0-4f53-89a9-8707066069a6,skill/competence,cross-sector,evaluate budgets,assess budgets;evaluate budget;review budgets;analyse budgets,,,"Read budget plans, analyse the expenditures and incomes planned during certain period, and provide judgement on their abidance to the general plans of the company or organism."
http://data.europa.eu/esco/skill/658a38bd-6954-4a2a-945c-42330c5d13b9,skill/competence,cross-sector,manage corporate bank accounts,maintain corporate bank accounts;manage corporation bank accounts;manage corporate bank account;managing corporate bank accounts;oversee corporate bank accounts,,,"Have an overview of the bank accounts of the company, their different purposes, and manage them accordingly while keeping an eye on their balance, interest rates, and charges."
http://data.europa.eu/esco/skill/65ce30a8-8190-4ed9-9903-68f1c6eb1b0a,skill/competence,sector-specific,plan allocation of space,plan allocation of space and resources;plan allocating space;plan space and resource allocation;plan space allocation,,,"Plan best allocation and utilisation of space and resources, or re-organise current premises."
http://data.europa.eu/esco/skill/65e58886-bd1e-4c5b-8ca5-8d9b353c8aa1,knowledge,cross-sector,data visualisation software,data presentation software,Microsoft Power BI;ggplot2;Power BI;Tableau,,"A computer tool or application that creates a graphical and visual representation of data, allowing a better understanding and interpretation of complex data through visual elements such as maps, charts, infographics or graphs."
http://data.europa.eu/esco/skill/660060e4-c418-4049-836b-beade5f8a4a8,skill/competence,cross-sector,create annual marketing budget,draft annual marketing budget;create marketing annual budget;create annual budget for marketing;prepare annual marketing budget,,,"Make the calculation of both the income and expenditures that are expected to be paid over the coming year concerning the marketing related activities such as advertising, selling and delivering products to people."
http://data.europa.eu/esco/skill/663a92c4-ea7e-4936-b71a-66d0c5a2cb69,knowledge,occupation-specific,screenwriting theories,screenwriting theory;screenwriting strategies;screenwriting ideas;screenwriting models;screenwriting concepts,,,"The techniques and structures for writing a script in order to convey your creative vision through symbolism, dialogues, action, and subtext such as the Three-act structure, the Hero's journey, and the Sequence approach."
http://data.europa.eu/esco/skill/668c3fd4-8443-4f27-bc1e-2d96205186b5,knowledge,cross-sector,blockchain application areas,blockchain application fields;areas of blockchain application,,,"The study of the areas in which blockchain is implemented. Banking and Finance, Businesses (Supply Chain Management, Healthcare, Real Estate, Media, Energy), and Government are some examples of this application areas."
http://data.europa.eu/esco/skill/66aad490-1c20-4e25-b189-634a218ee53e,knowledge,cross-sector,legal case management,judicial case regulation;judicial case oversight;legal case oversight;judicial case supervision;legal case supervision;legal case administration;legal case regulation;judicial case administration,,,"The procedures of a legal case from opening to closing, such as the documentation that needs to be prepared and handled, the people involved in different stages of the case, and the requirements that need to be met before the case can be closed."
http://data.europa.eu/esco/skill/66baba7d-178e-4c51-935f-03a9049ff2f6,skill/competence,cross-sector,communicate with banking professionals,communicate with brokers;communicate with investors;communicate with bankers;communicate with professional bankers;communicate with financiers,,,"Communicate with professionals in the field of banking in order to obtain information on a specific financial case or project for personal or business purposes, or on behalf of a client."
http://data.europa.eu/esco/skill/66d47084-9437-48b2-819b-c4c8214ed650,skill/competence,sector-specific,interview people,ask questions and evaluate answers;do interviews;interview individuals;ask questions and keep record of answers;interview groups of people,,,Interview people in a range of different circumstances.
http://data.europa.eu/esco/skill/66db424f-2abe-420d-8e5b-186607266b61,knowledge,sector-specific,corporate social responsibility,CSR;sustainable responsible business;social performance;corporate citizenship;corporate conscience;responsible business;collective civil responsibility,,,The handling or managing of business processes in a responsible and ethical manner considering the economic responsibility towards shareholders as equally important as the responsibility towards environmental and social stakeholders.
http://data.europa.eu/esco/skill/66f83eaa-b9ae-471c-ad86-6b9229719e4a,skill/competence,cross-sector,analyse foreign affairs policies,test overseas affairs policies;investigate foreign affairs policies;investigate overseas affairs policies;test foreign affairs policies;scrutinise foreign affairs policies;scrutinise overseas affairs policies;analyze foreign affairs policies,,,Analyse the existing policies for the handling of foreign affairs within a government or public organisation in order to evaluate them and search for improvements.
http://data.europa.eu/esco/skill/66f8d657-ce46-4a8c-a3f5-60ff7fb6ba35,skill/competence,sector-specific,conduct psychological assessement,carry out psychological assessment;do a psychological assessment;conduct psychological assessments;assess patients' behaviour and needs;carry out psychological assessments;assess patient's behaviour and needs,,,"Assess patient`s behaviour and needs via observation and tailored interviews, administering and interpreting psychometric and idiosyncratic assessments."
http://data.europa.eu/esco/skill/66fda9e5-f9f7-4342-b4f1-23355bcdd0b9,skill/competence,cross-sector,develop promotional tools,create promotional tools;develop tools for promotions;developing promotional tools;design promotional tools;produce promotional tools,,,"Generate promotional material and collaborate in the production of promotional text, videos, photos, etc. Keep previous promotional material organised."
http://data.europa.eu/esco/skill/670f8eea-f25b-4c3f-97ef-a4729d4c63d6,knowledge,sector-specific,smart contract,smart contract software,,,A software program in which the terms of a contract or transaction are directly coded. Smart contracts are executed automatically upon fulfilment of the terms and therefore require no third party to oversee and register the contract or transaction.
http://data.europa.eu/esco/skill/675d8bf3-6daa-46fa-9762-7238ab38c65d,knowledge,sector-specific,family therapy,family counselling;improvement of family relationships;relationship therapy;family counseling;family mentoring;family treatment;therapeutic process for families and couples;relationship assistance;family assistance;family supervision,,,"The type of counseling that is applied to families and couples in order to improve their intimate relationships, communication and resolve conflicts."
http://data.europa.eu/esco/skill/677d5144-4c77-4f8d-afc7-116f4bc0e660,skill/competence,occupation-specific,own management skills,have managerial skills;administer management skills;demonstrate management skills;administer managerial skills;demonstrate managerial skills;have management skills;utilise management skills;utilise managerial skills,,,Propose program priorities and strategies and have the ability to organize national and/or international meetings.
http://data.europa.eu/esco/skill/6789d5a3-34ca-4417-bb93-331319b01da3,skill/competence,cross-sector,draft tender documentation,prepare bid documents;write tender documentation;write tender documents;draft tender paperwork,,,"Draft tender documentation which defines the exclusion, selection and award criteria and explains the administrative requirements of the procedure, justifies the estimated value of the contract, and specifies the terms and conditions under which tenders are to be submitted, evaluated and awarded, in line with the organisation policy and with European and national regulations."
http://data.europa.eu/esco/skill/6789defa-dc57-42a8-b2ed-2b8c349aa3e2,skill/competence,cross-sector,determine salaries,determining salaries;fix remuneration;determine the salary;establish salaries,,,Determine salaries for employees.
http://data.europa.eu/esco/skill/67cacb56-17df-4e4e-8039-55f659ac59a7,knowledge,cross-sector,personality development theories,theoretical approaches in personality development;personality development hypothesis;personality development concepts;personality development doctrines;psychopathology of personality development;personality development paradigms,,,The theories of the healthy and psychopathological personality development.
http://data.europa.eu/esco/skill/67dbfc2a-3dd4-41a1-90bd-97035e7add60,skill/competence,sector-specific,stay up to date with social media,follow social media;keep abreast of social media;staying up to date with social media;keep track of social media,,,"Keep up with the trends and people on social media such as Facebook, Twitter, and Instagram."
http://data.europa.eu/esco/skill/67f21527-ca9d-4c76-8571-3cf74e3ce979,skill/competence,sector-specific,create media plan,develop media plan;come up with media plan;create media plans;make media plan;creating media plan,,,"Determine how, where and when advertisments will be distributed in various media. Decide on consumer target group, area and marketing objectives in order to choose the media platform for advertising."
http://data.europa.eu/esco/skill/681a1f8a-4244-4e82-af36-0148b89c2863,skill/competence,sector-specific,write dialogues,write dialogue;write dialogs;compose dialogues;writing dialogues;create dialogues,,,Write conversations between characters.
http://data.europa.eu/esco/skill/68269b0a-35c5-4867-bc17-a0b0230fe60c,skill/competence,cross-sector,ensure finished product meet requirements,secure finished product meet requirements;assure finished product meet requirements;ensure that a finished product meet requirements;safeguard finished product meet requirements;ensure that finished products meet requirements;provide finished product meet requirements,,,Ensure that finished products meet or exceed company specifications.
http://data.europa.eu/esco/skill/6833e58b-eceb-4599-9375-1b7e6ec64087,skill/competence,cross-sector,ensure information security,secure information surveillance;assure information security;assure information surveillance;provide information security;enable information surveillance;secure information security;provide information surveillance;enable information security,,,"Ensure that the information gathered during surveillance or investigations remains in the hands of those authorised to receive and use it, and does not fall into enemy or otherwise non-authorised individuals' hands."
http://data.europa.eu/esco/skill/68698869-c13c-4563-adc7-118b7644f45d,skill/competence,sector-specific,identify customer's needs,diagnose customer's needs;analyse customer's needs;identifying a customer's needs;map out customer requirements into pragmatic actions;identifying customer's needs;classify customer's needs;determine customer's needs;identify a customer's needs,,,"Use appropriate questions and active listening in order to identify customer expectations, desires and requirements according to product and services."
http://data.europa.eu/esco/skill/68b6ef08-d823-489d-a95c-752ae6f6e6a7,skill/competence,cross-sector,read standard blueprints,interpret standard blueprints;understand information presented in standard blueprints;make sense of standard blueprints;extract information from standard blueprints;extract information from blueprints;comprehend information presented in standard blueprints;comprehend standard blueprints;understand standard blueprints,,,"Read and comprehend standard blueprints, machine, and process drawings."
http://data.europa.eu/esco/skill/68babd52-64d1-4904-a476-173828217fd2,skill/competence,cross-sector,examine credit ratings,examine credit rating;consult credit ratings;study credit ratings;research credit ratings;examining credit ratings,,,"Investigate and look for information on the creditworthiness of companies and corporations, provided by credit rating agencies in order to determine the likelihood of default by the debtor."
http://data.europa.eu/esco/skill/68c5d392-22f4-4b2c-847b-d18a34c22fea,knowledge,sector-specific,drug interaction management,managerial activities regarding patient's interaction with medical treatment;management of patient-drug interaction;management of drug interaction,,,The managerial activities related to patient`s interaction with the medical treatment provided.
http://data.europa.eu/esco/skill/68ef0e4d-5542-4e64-84f4-752cce5a3c22,knowledge,sector-specific,statistical modeling techniques,statistical modeling,,,The approaches for employing statistical analysis to dataset within the data science field. It seeks to elaborate reality predictions through statistical models and explicit assumptions.
http://data.europa.eu/esco/skill/693695f4-5ee1-4d35-8ea7-f18ba6a44d84,skill/competence,occupation-specific,engage passers-by in conversation,stop people in conversation;apprehend passers-by in conversation;enlist people in conversation;engage people in conversation;stop passers-by in conversation;enlist passers-by in conversation,,,"Engage people in places with heavy foot traffic in conversations to get them interested in a cause or campaign, to gather funds, or to obtain support for a cause in general."
http://data.europa.eu/esco/skill/694dc996-52f3-4afa-a802-672e19f061b7,knowledge,sector-specific,crowdsourcing strategy,crowdsourcing plans,,This knowledge excludes insourcing and outsourcing activities.,"The high level planning for managing and optimising business processes, ideas or content by gathering contributions from a big community of people, including on-line groups."
http://data.europa.eu/esco/skill/695c3249-18e7-4435-bdb8-54a16011159d,skill/competence,cross-sector,develop documentation in accordance with legal requirements,comply documentation with standards,,,"Create professionally written content describing products, applications, components, functions or services in compliance with legal requirements and internal or external standards."
http://data.europa.eu/esco/skill/6962058d-9808-4820-a6bc-d7cabce60cde,skill/competence,sector-specific,implement sustainable procurement,implement socially responsible public procurement;implement green public procurement,,,"Incorporate strategic public policy goals into procurement procedures, such as green public procurement (GPP) and socially responsible public procurement (SRPP). Contribute to reducing the environmental impact of procurement, to achieving social goals and to improving value for money for the organisation and for society at large."
http://data.europa.eu/esco/skill/696e3b5b-8b61-45af-ae4c-3ab700f197ec,knowledge,sector-specific,information extraction,information extraction techniques,,,The techniques and methods used for eliciting and extracting information from unstructured or semi-structured digital documents and sources.
http://data.europa.eu/esco/skill/697dcc9f-ae92-4506-b5f2-e770d7589f74,skill/competence,occupation-specific,utilise regular expressions,use regular expressions;utilize regular expressions;create regular expression queries;query with regular expressions;query data with regular expressions,,,Combine characters from a specific alphabet using well defined rules to generate character strings that can be used to describe a language or a pattern.
http://data.europa.eu/esco/skill/698dabf4-ee23-4398-a4a8-9dff73830eca,skill/competence,occupation-specific,design campaign actions,organise campaign actions;model campaign actions;arrange campaign actions;operate crusade actions;operate campaign actions;model crusade actions;arrange crusade actions;organise crusade actions,,,Create oral or written operations to achieve a certain goal .
http://data.europa.eu/esco/skill/699c949a-699a-4858-a02e-a63f66872d6f,knowledge,cross-sector,blockchain concept application,blockchain technology application,,,"The process of transferring essential blockchain and, more generally, distributed ledger concepts to diverse application domains. For this, the domain-specific challenges, solutions, and consequences of introducing peer-to-peer transaction and consensus patterns need to be well understood."
http://data.europa.eu/esco/skill/69bbd53f-fbb0-4476-b4b2-ef7844464e28,knowledge,sector-specific,web programming,markup programming,,,"The programming paradigm that is based on combining markup (which adds context and structure to text) and other web programming code, such as AJAX, javascript and PHP, in order to carry out appropriate actions and visualise the content."
http://data.europa.eu/esco/skill/69cfc5ed-6569-4aca-a4cc-fd782ba51d9c,skill/competence,sector-specific,implement ICT risk management,,,,"Develop and implement procedures for identifying, assessing, treating and mitigating ICT risks, such as hacks or data leaks, according to the company's risk strategy, procedures and policies. Analyse and manage security risks and incidents. Recommend measures to improve digital security strategy."
http://data.europa.eu/esco/skill/69f23426-9279-4fe6-a283-24c2aa4c855d,skill/competence,cross-sector,ensure equipment availability,provide apparatus availability;provide equipment availability;safeguard equipment availability;safeguard apparatus availability;assure equipment availability;secure apparatus availability;assure apparatus availability;secure equipment availability,,,"Ensure that the necessary equipment is provided, ready and available for use before start of procedures."
http://data.europa.eu/esco/skill/69f36674-440a-4fa0-89f9-1b70172ebb9d,skill/competence,cross-sector,advise on communication strategies,give recommendations on communication strategies;advise on communications strategies;advise on communication strategy;counsel on communication strategies;advising on communication strategies;offer suggestions on communication strategies,,,"Provide companies and organisations with consulting services concerning their internal and external communication plans and their representation, including their presence online. Recommend improvements in communication and make sure that important information reaches all employees and that their questions are answered."
http://data.europa.eu/esco/skill/6a2c391b-1fcd-4f10-8827-5d1cb4a4d9ad,skill/competence,occupation-specific,set brand positioning,brand positioning setting;establish brand positioning;setting brand positioning;apply brand positioning;settle brand positioning;set a brand positioning;fix brand positioning,,,Develop a clear identity and unique position in the market; communicate with stakeholders and distinguish from competitors.
http://data.europa.eu/esco/skill/6a536b36-c5c7-4d10-bf67-a4fb0f8549b2,knowledge,cross-sector,audit techniques,audit procedures;battery audit process,,,"The techniques and methods that support a systematic and independent examination of data, policies, operations and performances using computer-assisted audit tools and techniques (CAATs) such as spreadsheets, databases, statistical analysis and business intelligence software."
http://data.europa.eu/esco/skill/6a609f8f-1451-4102-ad2d-62c5270e1237,knowledge,sector-specific,office administration,office control;office organisation;office management,,,"The paperwork processes related to the administrative areas of an office environment. The activities or processes may include financial planning, record keeping and billing and managing the general logistics of an organisation."
http://data.europa.eu/esco/skill/6a7792a9-888a-46ad-afc9-2c0d94c8fde6,skill/competence,cross-sector,create business process models,develop business process diagrams;design business process models,,,"Develop formal and informal descriptions of the business processes and the organisational structure by using business process models, notations and tools."
http://data.europa.eu/esco/skill/6a78bc7c-4bfd-4fef-b9e2-59ad84ad453a,knowledge,occupation-specific,psycho-social forms of intervention,psychosocial forms of intervention;psychosocial forms of interventions;types of support activities;psychosocial types of interventions,,,"Types of support activities and interventions that can reduce stressful events, symptoms or risk and improve the quality of life."
http://data.europa.eu/esco/skill/6a899482-8bcf-40ca-ae67-579a1cc467ab,skill/competence,cross-sector,manage engineering project,coordinate engineering project;managing engineering projects;oversee engineering project;monitor engineering project;supervise engineering project;managing engineering project;manage engineering projects,,,"Manage engineering project resources, budget, deadlines, and human resources, and plan schedules as well as any technical activities pertinent to the project."
http://data.europa.eu/esco/skill/6abb92c9-0553-4d3d-add8-8240494e182d,skill/competence,sector-specific,implement operational business plans,implement plans for business operations;use business and strategic operational plans;implement business operational plans;implement strategic and operational business plans,,,"Implement the strategic business and operational plan for an organisation by engaging and delegating to others, monitoring progress and making adjustments along the way. Evaluate the extent to which strategic objectives have been achieved, learn lessons, celebrate success and recognise people’s contributions."
http://data.europa.eu/esco/skill/6aef2baa-5fa7-4c16-bd28-3e070ec4e4df,skill/competence,cross-sector,educate on data confidentiality,teach data confidentiality principles;instruct on data confidentiality;educating about data confidentiality;educating on data confidentiality;educate about data confidentiality,,,"Share information with and instruct users in the risks involved with data, especially risks to the confidentiality, integrity, or availability of data. Educate them on how to ensure data protection."
http://data.europa.eu/esco/skill/6b28bb69-a6ef-42d4-84df-46e498f09297,knowledge,cross-sector,disability types,types of disability;different forms of disability;disability and special needs;disability type,,,"The nature and types of disabilities affecting the human beings such as physical, cognitive, mental, sensory, emotional or developmental and the specific needs and access requirements of disabled people."
http://data.europa.eu/esco/skill/6b643893-0a1f-4f6c-83a1-e7eef75849b9,skill/competence,sector-specific,develop with cloud services,code with cloud services;write code with cloud services;develop cloud applications,,,"Write code that interacts with cloud services by using APIs, SDKs, and cloud CLI. Write code for serverless applications, translate functional requirements into application design, implement application design into application code."
http://data.europa.eu/esco/skill/6b85a3ef-4518-42e1-84ff-55ff13c2641f,skill/competence,sector-specific,advocate for social service users,advocate for social-service users;advocate for social services users;speak out for social-service clients;speak on behalf of social service clients;act as an advocate for social service users;represent social service users,,,"Speak for and on behalf of service users, using communicative skills and knowledge of relevant fields to assist those less advantaged."
http://data.europa.eu/esco/skill/6bf6b5bd-6658-4338-b0ee-dc143e68e6d3,skill/competence,cross-sector,provide support in financial calculation,contribute to complex financial files;assist in financial calculation,,,"Provide colleagues, clients or other parties with financial support for complex files or calculations."
http://data.europa.eu/esco/skill/6c08403c-a5bb-4868-b8c2-b7d039c0e511,skill/competence,sector-specific,design database scheme,develop database scheme,,,"Draft a database scheme by following the Relational Database Management System (RDBMS) rules in order to create a logically arranged group of objects such as tables, columns and processes."
http://data.europa.eu/esco/skill/6c252ea9-e7df-4f82-8035-7d7ee742ff0e,knowledge,sector-specific,multi-professional cooperation in health care,cooperative behaviour in multi-professional settings in healthcare;cooperation in multi-professional healthcare environment;multi-professional cooperation in healthcare;multi-professional cooperations in health care,,,"The way to behave during team meetings, visits and meetings in multi-professional cooperation especially with other health professionals."
http://data.europa.eu/esco/skill/6c870993-9341-438b-91c0-c7fe4f96d8f5,skill/competence,cross-sector,apply strategic thinking,apply techniques for strategic thinking;think strategically;apply strategic thinking techniques;move strategically,,,"Apply generation and effective application of business insights and possible opportunities, in order to achieve competitive business advantage on a long-term basis."
http://data.europa.eu/esco/skill/6c97d04d-7239-4dc7-90ef-3e812ba2b124,skill/competence,sector-specific,perform procurement market analysis,assess procurement market trends;apply marketing engagement techniques;assess key market drivers;conduct procurement market analysis;execute procurement market analysis,,,Collect information on key market drivers and on the potential bidders in order to provide an in-depth view of which supplies and services can or cannot be provided by the market and under what conditions. Apply different market engagement techniques such as questionnaires and technical dialogue to understand the characteristics of the supplier market as well as market conditions and trends and to identify potential bidders.
http://data.europa.eu/esco/skill/6ca433d5-7633-406a-a870-667d5f1a86b0,skill/competence,sector-specific,develop a translation strategy,prepare a translation strategy;create a translation strategy;developing a translation strategy;developing a translation strategies;define a translation strategy;write a translation strategy;draw up a translation strategy;draft a translation strategy;develop translation strategies,,,Perform research to better understand a translation issue and develop the translation strategy that would remediate the encountered problems.
http://data.europa.eu/esco/skill/6caaeece-8a4a-44b3-bc78-d9687676c015,skill/competence,sector-specific,support traumatised children,support children who have encountered trauma;assist children who have experienced trauma;aid children who have experienced trauma;support children who have experienced trauma,,,"Support children who have experienced trauma, identifying their needs and working in ways that promote their rights, inclusion and well being."
http://data.europa.eu/esco/skill/6cb9c23b-e3bc-4917-b588-26c4cef9d920,knowledge,cross-sector,maintenance operations,"maintenance and repair;maintenance, repair and overhaul;maintenance, repair and operations;maintenance and repairs;MRO;electrical maintenance;battery maintenance operations",,,"The preservation and restoration of products and systems, and the methods and logistics of these practices."
http://data.europa.eu/esco/skill/6d019dab-a7ab-4f22-9197-afb1fbd3d27d,skill/competence,sector-specific,follow an ethical code of conduct for translation activities,follow a translation code of ethical conduct;respect an ethical code of conduct for translation activities;follow a code of ethics for translation activities;adhere to an ethical code of conduct for translation activities;follow a code of ethical conduct for translation activities;follow a translation code of ethics;observe an ethical code of conduct for translation activities,,,"Carry out translation activities according to accepted principles of right and wrong. This includes fairness, transparency, and impartiality. Do not use judgement or allow personal opinions to affect the quality of the translation or interpretation."
http://data.europa.eu/esco/skill/6d2872f7-219c-43b0-a2cc-99f411121c03,skill/competence,cross-sector,issue official documents,furnish official documentation;provide official documentation;supply official documentation;provide official documents;supply official documents;furnish official documents,,,Issue and certify official documents to national citizens and foreigners such as passports and certificates.
http://data.europa.eu/esco/skill/6d6ad261-4d81-4d7f-98fb-3587c25deb74,skill/competence,sector-specific,promote agricultural policies,encourage agricultural policies;endorse farming policies;endorse agricultural policies;boost agricultural policies;boost farming policies;encourage farming policies;advocate farming policies;advocate agricultural policies,,,"Promote the inclusion of agricultural programmes on a local and national level, in order to acquire support for agricultural development and sustainability awareness."
http://data.europa.eu/esco/skill/6d7bafbc-dea9-42aa-96ca-c5b8ab47417f,knowledge,sector-specific,history of patient's psychotherapeutic problems,records of psychotherapeutic problems;history of psychotherapeutic problems;history of patient's psychotherapeutic disorders;records of patient's psychotherapeutic problems,,,The records of the patient`s previous psychotherapeutic problems or disorders.
http://data.europa.eu/esco/skill/6d80a4cb-cad2-435c-b899-e0e91fda07d6,skill/competence,sector-specific,prevent social problems,avoid social problems;hinder the development of social problems;define and implement actions to prevent social problems;prevent a social problem,,,"Prevent social problems from developing, defining and implementing actions that can prevent social problems, striving for the enhancement of the quality of life for all citizens."
http://data.europa.eu/esco/skill/6d97bf55-6fb6-4795-8282-3ef915ae0bb8,skill/competence,sector-specific,prospect new customers,prospecting new customers;prospect a new customer;identify new customers;prospecting a new customer;seek new customers;find new customers;look for new customers,,,"Initiate activities in order to attract new and interesting customers. Ask for recommendations and references, find places where potential customers can be located."
http://data.europa.eu/esco/skill/6dd4ce8c-1813-429d-9f06-3382c4833ca3,skill/competence,sector-specific,assess procurement needs,identify procurement needs;determine procurement needs;evaluate procurement needs,,,"Determine the underlying needs of the organisation and of the end-users regarding the subject matter of the procurement, including the possible impacts in terms of value for money or environmental impacts. Liaise with internal and external stakeholders to identify their needs and translate identified needs into procurement planning of supplies and services in line with the organisation’s budget plan."
http://data.europa.eu/esco/skill/6e47b77e-5707-4f87-914a-34251fda4926,skill/competence,sector-specific,comprehend the material to be translated,understand the material to be translated;grasp the material to be translated;comprehending the material to be translated,,,"Read and analyse the content and themes of the material to be translated. The translator must comprehend what is written in order to best translate the content. Word-for-word translation is not always possible, and the translator must navigate the language to best maintain the sense of the text."
http://data.europa.eu/esco/skill/6e4f75b4-c60f-4623-a9ba-760c8245753b,knowledge,sector-specific,ICT communications protocols,ICT communications protocols in automotive;IT communications protocols,,,The system of rules which allow the exchange of information between computers or other devices via computer networks.
http://data.europa.eu/esco/skill/6e53fd99-b646-4327-9580-ac062ab21188,knowledge,sector-specific,3D lighting,,,,The arrangement or digital effect which simulates lighting in a 3D environment.
http://data.europa.eu/esco/skill/6e5b66f0-ff0b-4d18-bce5-ffcd2e7de127,skill/competence,cross-sector,analyse legislation,investigate educational programmes;analyze legislation;test legislation;scrutinise legislation;evaluate legislation;scrutinise syllabuses;investigate legislation;evaluate educational programmes;test educational programmes,,,Analyse the existing legislation from a national or local government in order to assess which improvements could be made and which items of legislation could be proposed.
http://data.europa.eu/esco/skill/6eaeea3a-f100-43e4-b694-16a4dc5a79e1,skill/competence,cross-sector,formulate findings,develop recommendations;formulate conclusions;draw conclusions from analysis,,,"Use analyses to answer evaluation questions and, where appropriate, to develop recommendations."
http://data.europa.eu/esco/skill/6ec33857-420a-411b-a313-e8946de36357,knowledge,sector-specific,healthcare administration,health care administration,,,"The administration procedures of a healthcare facility to keep it operational. It involves leadership roles, regulatory compliance and the efficiency in the processes of the facility."
http://data.europa.eu/esco/skill/6ecf7113-c7bb-4747-85a4-9606c74dbe5e,skill/competence,sector-specific,monitor compliance with licensing agreements,monitoring compliance with a licensing agreements;monitor compliance with a licensing agreement;oversee compliance with licensing agreements;supervise compliance with licensing agreements;watch compliance with licensing agreements;monitoring compliance with licensing agreements;view compliance with licensing agreements,,,"Ensure that licensee is well aware of all terms, legal aspects and renewal aspects of the license that has been awarded."
http://data.europa.eu/esco/skill/6eff134b-e34f-4d6e-a6e8-5e47cf2228d0,knowledge,cross-sector,risk management,risk governance;risk administration;hazard manamagent;risk assessment,,,"The process of identifying, assessing, and prioritising of all types of risks and where they could come from, such as natural causes, legal changes, or uncertainty in any given context, and the methods for dealing with risks effectively."
http://data.europa.eu/esco/skill/6f1edc19-191f-4ba5-a048-ee69aff05bab,knowledge,cross-sector,security engineering,information security engineering;network security engineering;systems security engineering;security management,,,"Interdisciplinary field of study that focuses on the realisation of secure systems and the technology to protect individuals or information from malice, errors, or unauthorized access. It involves defining security protection requirements, processes, and methods to ensure the resilience of systems and data."
http://data.europa.eu/esco/skill/6f45a77d-9208-40f2-a116-ac99c77ef580,knowledge,sector-specific,international commercial transactions rules,international commercial transactions laws;international commercial transaction rule;international commercial transactions legislation;international commercial transactions regulations;international commerce transaction rules;international commercial transactions statutes;international commercial transaction rules,,,"Pre-defined commercial terms used in international commercial transactions which stipulate clear tasks, costs and risks associated with the delivery of goods and services."
http://data.europa.eu/esco/skill/6f5850ea-5785-4e2c-b062-743066fd5bdb,knowledge,cross-sector,environmental legislation,environmental regulations;environment legislation;legislation of the environment;environmental law,,,The environmental policies and legislation applicable in a certain domain.
http://data.europa.eu/esco/skill/6f6163dc-a801-416c-86e9-ce857d71c24d,knowledge,cross-sector,real estate market,real estate market trends;real property market;trends in the real estate market;categories of properties;property market,,,"The trends concerning the buying, selling, or renting of property, including the land, buildings, and natural resources encompassed within the property; the categories of residential properties and properties for business purposes which such properties are traded in."
http://data.europa.eu/esco/skill/6f8baa62-bc2b-4cc1-942b-f540c837cfa2,knowledge,sector-specific,outsourcing strategy,outsourcing policies and procedures;outsourcing and partner management strategy;outsourcing management strategy,,This knowledge excludes insourcing and crowdsourcing. Includes offshoring and nearshoring.,The high level planning for managing and optimising external services of providers to execute business processes.
http://data.europa.eu/esco/skill/6f8f86f8-0ef9-4dd6-8e29-7d790e65706b,skill/competence,cross-sector,calculate production costs,sum production costs;estimate production costs;calculate production cost;add up production costs;calculating production costs;assess production costs,,,Calculate the costs for every production stage and department.
http://data.europa.eu/esco/skill/6f993130-082b-4732-b62f-52cdf2096ad9,skill/competence,cross-sector,use methods of logistical data analysis,interpret data on elements of logistics;interpret logistical data through analytical methods;analyse data on logistical elements;use methods for analysing logistical data;interpret logistical data;utilise methods for analysing logistical data;interpret logistical data through use of analytical methods;utilise logistical data analysis methods;utilise methods of logistical data analysis;analyse logistical data;use logistical data analysis methods,,,"Read and interpret supply chain and transportation data. Analyse the reliability and availability of findings by using methods such as data mining, data modelling and cost-benefit analysis."
http://data.europa.eu/esco/skill/6fa1c2c0-a012-4ca0-9642-e01569ba322c,knowledge,sector-specific,ICT system integration,system integration,,,"The principles of integrating ICT components and products from a number of sources to create an operational ICT system, techniques which ensure interoperability and interfaces between components and the system."
http://data.europa.eu/esco/skill/6fce8d3f-a15f-4f26-943a-d200b32f6949,skill/competence,cross-sector,monitor company policy,view company policy;oversee company policy;company policy monitoring;supervise company policy;watch company policy;monitoring company policy,,,Monitor the company's policy and propose improvements to the company.
http://data.europa.eu/esco/skill/70198e4e-86ad-4acc-a9eb-e24e2c107d18,knowledge,sector-specific,machinery products,machine products;machinery merchandise;machinery goods;machinery brands;machinery commodities;machinery product;machinery stock;machine product,,,"The offered machinery products their functionalities, properties and legal and regulatory requirements."
http://data.europa.eu/esco/skill/701f0a7d-1be9-4e98-b985-2652b2bf327a,knowledge,sector-specific,risk financing techniques,methods for financing risk;financing of risks;risk financing;approaches to risk funding;risk management financing strategies,,,"The available options for paying off and account for the financial consequences of risks, such as risk retention, risk transfer and other alternative risk financing solutions."
http://data.europa.eu/esco/skill/7053c54a-994e-4b87-865d-a520b5c401c7,skill/competence,sector-specific,establish relationship with the media,establish a media relationship;develop a relationship with the media;create a bond with the media,,,Adopt a professional attitude to respond effectively to the demands of the media.
http://data.europa.eu/esco/skill/705ee92e-8cc4-4c86-9321-88e0821373a7,skill/competence,sector-specific,assess each stage of the creative process,evaluate each stage of the creative process;review each stage of the creative process;assessing each stage of the creative process;assess stages of the creative process,,,"Assess and keep track of the work accomplished, analysing it for the artistic intent."
http://data.europa.eu/esco/skill/70aacc9d-30cc-4df1-a37f-a660b1331b25,skill/competence,cross-sector,ensure compliance with warranty contracts,ensuring compliance with a warranty contract;enable compliance with warranty contracts;provide compliance with warranty contracts;assure compliance with warranty contracts;secure compliance with warranty contracts;ensuring compliance with warranty contracts;ensure compliance with a warranty contract,,,Implement and monitor repairs and/or replacements by the supplier in compliance with warranty contracts.
http://data.europa.eu/esco/skill/71057622-0cc1-4cce-b36c-b32a7071b017,skill/competence,sector-specific,facilitate job market access,facilitate access to job market;facilitating job market access;assist in gaining access to job market;help in gaining access to job market;enable job market access,,,"Improve the chances of individuals to find a job, by teaching the required qualifications and interpersonal skills, through training and development programs, workshops or employment projects."
http://data.europa.eu/esco/skill/7110bf9f-b245-4adc-9159-5081013fd64d,skill/competence,cross-sector,communicate in healthcare,effectively communicate in healthcare;communicate effectively in health care;use communication techniques to interact with patients families and caregivers;communicate effectively with patients families and caregivers;communicate effectively in healthcare,,,"Communicate effectively with patients, families and other caregivers, health care professionals, and community partners."
http://data.europa.eu/esco/skill/7111b95d-0ce3-441a-9d92-4c75d05c4388,knowledge,sector-specific,project management,fundamentals of programme management;management of programmes;management of projects;fundamentals of project management;principles of project management;programme management;principles of programme management;programme management activities;project management activities,,,"The discipline of project management, the activities which comprise this area and the variables implied in it, such as time, resources, requirements, deadlines, and responding to unexpected events."
http://data.europa.eu/esco/skill/71152876-b629-4a99-b9ea-0f25a0d07e4e,skill/competence,sector-specific,negotiate sales contracts,debate sales contracts;negotiating sales contracts;negotiate a sales contract;sales contract negotiations;consult on sales contracts;settle sales contracts;confer on sales contracts,,,"Come to an agreement between commercial partners with a focus on terms and conditions, specifications, delivery time, price etc."
http://data.europa.eu/esco/skill/713fb616-118e-40bc-9366-4a69879a49d5,skill/competence,cross-sector,implement data quality processes,verify data,,,"Apply quality analysis, validation and verification techniques on data to check data quality integrity."
http://data.europa.eu/esco/skill/71531af4-6d65-432b-a435-e69baa358be4,skill/competence,occupation-specific,diagnose education problems,identify education problems;determine education problems;distinguish education problems;diagnose education problem;diagnosing education problems,,,"Identify the nature of school-related problems, such as fears, concentration problems, or weaknesses in writing or reading."
http://data.europa.eu/esco/skill/7159e587-c7cb-4ec0-a662-03e1dee2cccb,knowledge,cross-sector,research design,research design methods,,,"The set of methods and techniques of research that are used to conduct a study. It includes practical steps in research such as purpose statement, data collection, methodology, and data analysis."
http://data.europa.eu/esco/skill/715fec66-0648-4463-b9bc-9c0140189a4e,skill/competence,sector-specific,advise politicians on electoral procedures,instruct politicians on electoral procedures;prepare politicians on electoral procedures;train politicians on balloting procedures;instruct politicians on balloting procedures;prepare politicians on balloting procedures;train politicians on electoral procedures,,,Advise politicians before and during elections on campaigning procedures and on the politician's public presentation and courses of action which may beneficially influence elections.
http://data.europa.eu/esco/skill/71717c33-dd63-4acf-b052-a5fd5d9fc490,skill/competence,sector-specific,ensure information privacy,ensure data privacy;maintain privacy and confidentiality of information;ensure confidentiality of data and information,,,"Design and implement business processes and technical solutions to guarantee data and information confidentiality in compliance with legal requirements, also considering public expectations and political issues of privacy."
http://data.europa.eu/esco/skill/71746a0b-e58d-4dc4-ad03-bd84082eae21,skill/competence,cross-sector,collect customer feedback on applications,analyse business objectives and customer interests,,,Gather a response and analyse data from customers to identify requests or problems in order to improve applications and overall customer satisfaction.
http://data.europa.eu/esco/skill/7193cb6d-8334-494f-86e5-21e6d03a47c3,knowledge,sector-specific,unified modelling language,standard modelling language;unified modeling language;uml,,,The general-purpose modelling language used in software development to offer a standard visualisation of system designs.
http://data.europa.eu/esco/skill/71ae4f64-6505-4b6f-91b9-5acfa5721798,skill/competence,cross-sector,obtain financial information,obtain commercial information;obtain fiscal information;obtain economic information,,,"Gather information on securities, market conditions, governmental regulations and the financial situation, goals and needs of clients or companies."
http://data.europa.eu/esco/skill/71c2f41e-14de-4b23-82ad-5dbcd54ba5b0,skill/competence,sector-specific,deploy ICT systems,deploy system;draw up an implementation plan,,,"Deliver and instalI computers or ICT systems, ensuring testing and preparation for use."
http://data.europa.eu/esco/skill/71dde84c-0058-4c52-a556-523369333db8,skill/competence,cross-sector,use office systems,work with office systems;redirect caller;direct callers;utilize office systems,,,"Make appropriate and timely use of office systems used in business facilities depending on the aim, whether for the collection of messages, client information storage, or agenda scheduling. It includes administration of systems such as customer relationship management, vendor management, storage, and voicemail systems."
http://data.europa.eu/esco/skill/7234e847-451d-499a-9c7b-0050a4e758d6,skill/competence,cross-sector,utilise content types,use MIME types and subtypes;utilize multipurpose internet mail extensions types;utilize MIME types and subtypes;use multipurpose internet mail extensions types;use content types,,,"Use MIME types and subtypes as standard identifier to indicate the type of data that a file contains such as the type of link, object, script and style elements and the media type."
http://data.europa.eu/esco/skill/7253d98c-4a6d-4e37-8b6c-accca9f4b639,skill/competence,sector-specific,develop ICT test suite,design software testing,,,Create a series of test cases to check software behaviour versus specifications. These test cases are then to be used during subsequent testing.
http://data.europa.eu/esco/skill/726abd5a-d23c-44b9-abb0-f22bbe95f1d3,knowledge,cross-sector,operational research,operations research;operations analysis,,,"The application of scientific methods to provide solutions to administrative and management issues of organised systems as industrial, commercial, or governmental processes."
http://data.europa.eu/esco/skill/72729ce9-830b-43a0-b931-8cb9688a69c1,skill/competence,sector-specific,select manuscripts,choose manuscripts;pick manuscripts;select manuscript;selecting manuscripts,,,Select manuscripts to be published. Decide if they reflect the company policy.
http://data.europa.eu/esco/skill/72836f47-cf5c-48e1-a82b-1cf6e4e0f623,skill/competence,cross-sector,protect employee rights,preserve employee rights;preserve employee interests and working conditions;look after employee rights;defend employee rights;safeguard employee rights;look after employee interests and working conditions;defend employee interests and working conditions;safeguard employee interests and working conditions,,,Assess and handle situations in which the rights set by legislation and corporate policy for employees may be breached and take the appropriate actions in order to protect the employees.
http://data.europa.eu/esco/skill/7287dff1-7420-4d24-939a-5f4eb15b752b,skill/competence,cross-sector,consult information sources,consulting information sources;verify with information sources;check information sources;confirm with information sources;consult information source,,,"Consult relevant information sources to find inspiration, to educate yourself on certain topics and to acquire background information."
http://data.europa.eu/esco/skill/72a74f69-5cf1-43c5-99b9-62a444578919,knowledge,sector-specific,engineering processes,engineering strategy;engineering methodologies,,,The systematic approach to the development and maintenance of engineering systems.
http://data.europa.eu/esco/skill/72cde4b2-b2ee-41b2-a72f-ab3a970c0b8f,skill/competence,sector-specific,make legislation transparent for users of social services,explain legislation to social service users;make legislation understandable to users of social services;make legisation transparent for social service users;inform social service users on legislation;make legislation transparent for users of social service,,,"Inform and explain the legislation for users of social services, in order to help them understand the implications it has on them and how to use it for their interest."
http://data.europa.eu/esco/skill/72e88c2d-855d-4dbd-b06c-0e1ca748be5e,skill/competence,sector-specific,calculate design costs,calculate costs of design;estimate project costs;estimate design costs;calculate designing costs,,,Calculate design costs to make sure the project is financially viable.
http://data.europa.eu/esco/skill/731101d9-94bc-4805-bff4-9578d1bf03b5,knowledge,cross-sector,learning difficulties,learning problems;learning complications;learning delays;learning difficulty,,,"The learning disorders some students face in an academic context, especially Specific Learning Difficulties such as dyslexia, dyscalculia, and concentration deficit disorders."
http://data.europa.eu/esco/skill/73225018-7139-433b-bdba-2b90774761d9,skill/competence,sector-specific,issue purchase orders,send purchase orders;publish purchase orders;issue a purchase order;issuing purchase orders;produce purchase orders;purchase order issue;prepare purchase orders,,,Produce and review the documents needed to authorise shipment of a product from the supplier at a specified price and within specific terms.
http://data.europa.eu/esco/skill/732cb4dd-af91-4c88-9a9f-5fc62144e500,skill/competence,cross-sector,provide information,arrange information;provision of information;furnish information;information provision;contribute information;providing information;administer information,,,"Ensure quality and correctness of provided information, depending on the type of audience and context."
http://data.europa.eu/esco/skill/7364cc39-b9c0-449f-9416-57723e2fd9c4,skill/competence,sector-specific,use methodologies for user-centered design,apply approaches for user-centered design;utilise user-centered design methodologies;apply methodologies for user centered design;employ techniques for user-oriented design,,,"Use design methodologies in which the needs, wishes and limitations of end users of a product, service or process are given extensive attention at each stage of the design process."
http://data.europa.eu/esco/skill/7369f779-4b71-4aab-8836-48b69c676eec,skill/competence,sector-specific,operate relational database management system,DBMS,,"This activity excludes programming activities, changing structure of database or designing databases.","Extract, store and verify information using database management systems based on the relational database model, which arranges data into tables of rows and columns, such as Oracle Database, Microsoft SQL Server and MySQL."
http://data.europa.eu/esco/skill/736ef286-fbd3-4e5c-a4b4-d1e2008c9898,skill/competence,cross-sector,plan digital marketing,develop digital marketing strategies;plan marketing digitally;manage internet advertising,,,"Develop digital marketing strategies for both leisure and business purposes, create websites and deal with mobile technology and social networking."
http://data.europa.eu/esco/skill/7378b8c3-3b62-46de-9d67-1c9528954615,skill/competence,sector-specific,adapt to type of media,adapt to types of media;adapt to media type;adjust to type of media;modify to type of media;adapting to type of media,,,"Adapt to different types of media such as television, movies, commercials, and others. Adapt work to type of media, scale of production, budget, genres within type of media, and others."
http://data.europa.eu/esco/skill/737f8895-46df-4283-8f38-13f3f0fc3b77,knowledge,sector-specific,digital twin technology,digital modelling technology;virtual twin model;digital replication technology,,,"Model designed to generate a virtual representation of an object or system updated from real-time data. The virtual representation process is through the combination of data and technology simulation, using sensors to produce data of the physical object, such as temperature or energy to build its digital twin. Machine learning, simulation and reasoning are involved in this process."
http://data.europa.eu/esco/skill/73d95ec0-d7fb-45e5-8134-b2ee1c0be8af,skill/competence,sector-specific,manage personal finances,manage personal financing;manage finances that are personal;monitor personal finances;plan personal finances,,,Identify personal financial objectives and set up a strategy to match this target in seeking support and advice when necessary.
http://data.europa.eu/esco/skill/73e7e2f4-7e5f-4e6c-86c2-3b5fbd191172,skill/competence,cross-sector,maintain privacy of service users,maintain privacy of service user;ensure privacy of service users;ensure privacy of service user;respect privacy of service users,,,"Respect and maintain the dignity and privacy of the client, protecting his or her confidential information and clearly explaining policies about confidentiality to the client and other parties involved."
http://data.europa.eu/esco/skill/74399ae8-d058-44ee-8f79-aa316de010d4,skill/competence,sector-specific,represent union members,speak on behalf of workforce members;speak for union members;represent members and union;serve union members;speak for workforce members;act for workforce members;speak on behalf of union members;act for union members;serve workforce members,,,Replace and speak for the members in negotiations with management about workplace topics and represent the union at conferences and negotiations.
http://data.europa.eu/esco/skill/744442ac-c157-4350-8be0-ce454df4f5c5,skill/competence,cross-sector,perform ICT troubleshooting,undertake ICT troubleshooting;implement ICT troubleshooting;performing ICT troubleshooting;complete ICT troubleshooting;ICT troubleshooting performance,,,"Identify problems with servers, desktops, printers, networks, and remote access, and perform actions which solve the problems."
http://data.europa.eu/esco/skill/744add42-681e-4cfb-8e43-af1d16794238,skill/competence,cross-sector,observe human behaviour,evaluate human behaviour;examine human behaviour;study human behaviour;assess human behaviour;observing human behaviour;observe human behavior,,,"Make detailed notes while observing how humans interact with and react to each other, objects, concepts, ideas, beliefs, and systems in order to uncover patterns and trends."
http://data.europa.eu/esco/skill/74688c5d-2af1-4f7a-9d1c-00e808eaa1e6,knowledge,sector-specific,budgetary principles,theories of budgeting;theory of budgetary principles;use of budgetary principles;budgeting principles;theory of budgeting principles;principles of budgeting;scope of budgetary principles;range of budgetary principles,,,"Principles of estimating and planning of forecasts for business activity, compile regular budget and reports."
http://data.europa.eu/esco/skill/7482a123-e801-48de-9733-262125671410,knowledge,cross-sector,task algorithmisation,task algorithm development,,,The techniques to convert unstructured descriptions of a process into step-by-step sequence of actions of a finite number of steps.
http://data.europa.eu/esco/skill/748780fa-b879-4a5b-80ca-7d018e6e1e6f,knowledge,sector-specific,emergency psychology,methods of coping with trauma or disasters;disaster psychology;trauma psychology;psychological techniques for emergency situations,,,The methods used for coping with trauma or disasters.
http://data.europa.eu/esco/skill/749ce4c2-4dfd-461a-a8f3-0f6914814d3e,knowledge,cross-sector,securities,stocks and bonds,,,"The financial instruments traded in financial markets representing both the right of property over the owner and at the same time, the obligation of payment over the issuer. The aim of securities which is raising capital and hedging risk in financial markets."
http://data.europa.eu/esco/skill/74cb80c4-df6b-4d79-a153-cb7b3b3b6eb0,skill/competence,sector-specific,plan social media marketing campaigns,organise digital campaigns;organise social media marketing campaigns,,,Plan and implement a marketing campaign on social media.
http://data.europa.eu/esco/skill/74e49482-75e8-4637-bdb1-fff868d02f7a,knowledge,cross-sector,scientific literature,scientific publications,,,"The medium of informing the scientific community, including academic researchers, about the results of scientific research. It constitutes a permanent and cumulative collection of all the findings of scientific research in various fields and at any point in time."
http://data.europa.eu/esco/skill/750caee5-12a0-46ba-b8aa-1e56370deaf9,skill/competence,cross-sector,analyse consumer buying trends,scrutinise consumer buying trends;consumer buying trends analysis;test consumer buying trends;analysis of consumer buying trends;investigate consumer buying trends;analyse a consumers buying trends;search consumer buying trends;analyze consumer buying trends,,,Analyse buying habits or currently prevalent customer behaviour.
http://data.europa.eu/esco/skill/750f86d2-18be-4015-84b1-d4a26d9b2d88,knowledge,cross-sector,online ads campaign techniques,online advertisement;online ads;web campaign techniques,,,Techniques to plan and implement a marketing campaign on online ads platforms.
http://data.europa.eu/esco/skill/751941a0-5645-4f8b-b97e-b252909d5edb,skill/competence,sector-specific,develop ICT workflow,design ICT workflows,,,"Create repeatable patterns of ICT activity within an organisation which enhances the systematic transformations of products, informational processes and services through their production."
http://data.europa.eu/esco/skill/751f6baf-de47-4d67-a657-4133066703f4,skill/competence,sector-specific,identify policy breach,analyse policy rift;determine policy breach;establish policy rift;classify policy rift;determine policy rift;classify policy breach;establish policy breach;analyse policy breach,,,"Identify instances of non-compliance to set plans and policies in an organisation, and take the appropriate course of action by issuing penalties and outlining the changes which need to be made."
http://data.europa.eu/esco/skill/753c53a3-22c2-434c-b343-32cc89b12449,skill/competence,sector-specific,attend parliament plenaries,visit parliament plenaries;frequent parliamentary meetings;appear at parliamentary meetings;frequent parliament plenaries;appear at parliament plenaries;visit parliamentary meetings,,,"Assist and provide support in the parliament plenaries by revising documents, communicating with other parties, and ensuring an smooth running of the sessions."
http://data.europa.eu/esco/skill/754690ad-6207-4e1c-9df7-9a2b58afa587,skill/competence,cross-sector,define brand identity,distinguish brand identity;define brand identities;delineate brand identity;set brand identity;define a brand identity;defining brand identity;establish brand identity,,,Define the characteristics of a brand; identify what the brand stands for; develop a strong brand perception both internally and externally.
http://data.europa.eu/esco/skill/7557f0f4-b8bc-4ac0-b91e-222ab1ba744f,knowledge,sector-specific,tools for ICT test automation,test automation tools;Selenium;tools for test automation,,,"The specialised software to execute or control tests and compare predicted testing outputs with actual testing results such as Selenium, QTP and LoadRunner."
http://data.europa.eu/esco/skill/755a5df2-863e-44c1-b4a2-83eb33bac492,skill/competence,occupation-specific,design brand's online communication plan,design a brand's online communication plan;produce brand's online communication plan;develop brand's online communication plan;model brand's online communication plan;designing a brand's online communication plan;arrange brand's online communication plan;design brand's online communication plans,,,Design of content and presentation of the brand in an online interactive platform.
http://data.europa.eu/esco/skill/756ae350-9e1f-4cb9-9c27-6bd99806dadc,knowledge,sector-specific,sales promotion techniques,sales promoting techniques;a sales promotion technique;sales promotion performance;sales promotion skills;sales promotion methods;sales promotion technique;sales promotion approaches,,,The techniques used to persuade customers to purchase a product or a service.
http://data.europa.eu/esco/skill/758a4e08-3133-4dd5-893e-b4067a67344f,skill/competence,sector-specific,negotiate with social service users,build cooperative relationship with social service users;discuss with social services users;discuss with social service users;establish cooperative relationship with social service users;negotiate with social service user;negotiate with a social service user;discuss with social service user;negotiate with social services users,,,"Discuss with your client to establish fair conditions, building on a bond of trust, reminding the client that the work is in their favour and encouraging their cooperation."
http://data.europa.eu/esco/skill/75b30aeb-34c0-40f4-b77d-271d75a98b14,skill/competence,cross-sector,improve business processes,manage processes;improve processes,,,Optimise the series of operations of an organisation to achieve efficiency. Analyse and adapt existing business operations in order to set new objectives and meet new goals.
http://data.europa.eu/esco/skill/75d73a0d-d26d-4520-896b-0fcb8c384ece,skill/competence,sector-specific,write in conversational tone,write in conversational tones;compose in conversational tone;writing in conversational tone;draft in conversational tone,,,Write in such a way that when the text is read it seems as if the words come spontaneously and not at all scripted. Explain concepts and ideas in a clear and simple manner.
http://data.europa.eu/esco/skill/75dfe1ee-5935-42ce-b820-697f827825c3,skill/competence,cross-sector,maintain customer service,maintain serving customers;maintain service of customers;maintain guest care;provide customer service;provide guest support services;maintain guest service;ensure professional service,,Might include keeping the customers informed about the current status of their orders or waiting times.,Keep the highest possible customer service and make sure that the customer service is at all times performed in a professional way. Help customers or participants feel at ease and support special requirements.
http://data.europa.eu/esco/skill/75f650d0-9096-4b8f-bbd6-ad05ee3f6121,skill/competence,cross-sector,document analysis results,analysis results documenting;documenting analysis results;recording analysis results;analysis results recording;record analysis results,,,Document on paper or on electronic devices the process and the results of the samples analysis performed.
http://data.europa.eu/esco/skill/763635b2-a9f0-4192-9656-0412a9d57488,skill/competence,sector-specific,assist families in crisis situations,assist a family in crisis situation;support families in crisis situations;counsel family in crisis situation;assist families in difficult situations;support a family in a crisis situation;counsel families in crisis situations;help families in crisis;assist families in a crisis situation;assist family in crisis situation,,,"Help families by counselling them on how to cope with serious situations, where to find more specialised assistance and services that can help them overcome the family problems."
http://data.europa.eu/esco/skill/76395873-7fe2-4f9a-b4b6-9932f8cbd0b4,skill/competence,cross-sector,follow clinical guidelines,obey clinical guidelines;follow agreed protocols;adhere to clinical guidelines;follow clinical guideline;follow clinical protocol,,,"Follow agreed protocols and guidelines in support of healthcare practice which are provided by healthcare institutions, professional associations, or authorities and also scientific organisations."
http://data.europa.eu/esco/skill/76b936e6-7e67-43d4-9a01-c0f4a6df2050,skill/competence,sector-specific,improve translated texts,improve translations;improve translation;edit translated texts;improving translated text;ameliorate translated texts;revise translated texts;modify translated texts;improving translation,,,"Revise, read, and improve human or machine translations. Strive to improve the accuracy and quality of translations."
http://data.europa.eu/esco/skill/7714b4a3-afa9-4517-a721-bd879a750893,skill/competence,sector-specific,diagnose mental disorders,diagnose patients with behavioral disorders;diagnose patients with emotional disorders;diagnose patients with mental health disorders;determine mental disorders;provide diagnosis of mental disorders,,,"Formulate a diagnosis for people with a variety of issues and mental disorders, ranging from short-term personal and emotional problems to severe, chronic mental conditions, recognising and critically evaluating any possible mental health issues."
http://data.europa.eu/esco/skill/7726fc5e-a972-4f0a-abbe-6be3043422f9,skill/competence,cross-sector,represent clients in courts,represent clients in court;representing clients in courts;provide legal counsel in courts;represent client in court,,,Assume the position of representation in behalf of clients in courtrooms. Present arguments and evidence in favour of the client in order to win the case.
http://data.europa.eu/esco/skill/772a9c72-abef-4333-9788-f4cb48ad8e08,skill/competence,cross-sector,identify software for warehouse management,determine software for warehouse management;identify applications for warehouse management;identify software applications for warehouse management;discover warehouse management software;recognize software for warehouse management,,,"Identify relevant software and applications used for warehouse management systems, their characteristics and value added to warehouse management operations."
http://data.europa.eu/esco/skill/773e217c-8b21-4d8c-b384-68752a2243a9,knowledge,sector-specific,quantitative risk analysis techniques,quantitative risk analysis methods;quantitative risk analysis,,,"The tools and techniques used to quantify the effect of risks on the objectives and targets of an organization and assign them a numerical rating, such as interviews and surveys, probability distribution, sensitivity analysis, risk modelling and simulation, cause and effect matrix, failure mode and effects analysis (FMEA), cost risk analysis and schedule risk analysis."
http://data.europa.eu/esco/skill/7762a7c4-7591-41d7-b12c-e2096344121e,skill/competence,occupation-specific,witness the signing of documents,witness document signings;witness the signing of document;witnessing the signing of documents;official observation of the signing of documents,,,Observe and attest the veracity of the celebration and signing of documents having a legally binding character.
http://data.europa.eu/esco/skill/7785cf38-b45e-4e5a-a88c-d693842bfd35,skill/competence,sector-specific,encourage healthcare user's self-monitoring,promote healthcare user's self monitoring;promote health care user's self-monitoring;encourage health care users' self monitoring;encourage healthcare users' self-monitoring;assist healthcare user in self-monitoring;encourage health care users' self-monitoring,,,"Encourage the healthcare user to engage in self-monitoring by conducting situational and developmental analyses on him- or herself. Assist the healthcare user to develop a degree of self-critique and self-analysis in regards to his behaviour, actions, relationships and self-awareness."
http://data.europa.eu/esco/skill/77931759-69af-4637-8b26-c8376f9240e2,knowledge,cross-sector,international business,international commerce;cross-border business,,,The processes related to production or distribution of goods and services across borders.
http://data.europa.eu/esco/skill/77ac0804-a866-4055-a56a-5e232beb15de,skill/competence,sector-specific,adapt evaluation methodology,monitor evaluation methodology;adjust evaluation methods;adjust evaluation methodology,,,"Use appropriate evaluation methods, identify data requirements, sources, sampling, and data collection tools. Adapt evaluation designs and methods to specific contexts."
http://data.europa.eu/esco/skill/77e1563f-84fb-48dd-98f2-59a4e33908ca,knowledge,cross-sector,cadastral taxation,cadastral revenues;real estate revenues;real estate income;cadastral taxes;cadastral income;real estate taxes,,,The taxation legislation concerning real estate and real property's metes-and-bounds of a community.
http://data.europa.eu/esco/skill/77e7cb08-2c6f-42ab-881b-b34b2318acbe,skill/competence,sector-specific,manage administrative systems,manage administration systems;create efficient administrative systems;manage systems of administration;develop administrative systems,,,"Ensure administrative systems, processes and databases are efficient and well managed and give the sound basis to work together with the administrative officer/staff/professional."
http://data.europa.eu/esco/skill/77f109c4-3107-4d2a-a512-5160ac103933,skill/competence,sector-specific,analyse environmental data,survey environmental data;examine environmental data;review environmental data;inspect environmental data;evaluate environmental data;analyze environmental data;analysing environmental data,,,Analyse data that interpret correlations between human activities and environmental effects.
http://data.europa.eu/esco/skill/77f1c711-64bc-4923-83f3-1150978711ce,skill/competence,sector-specific,communicate with beneficiaries,inform beneficiaries;liaise with beneficiaries;communicate with persons receiving benefits,,,"Communicate with individuals or organisations who are entitled to receive benefits in the form of funds or other rights in order to obtain information on the procedures, to ensure that beneficiaries receive the benefits they are entitled to, and to provide further information."
http://data.europa.eu/esco/skill/7800332c-a8eb-4792-8d72-50d509616154,skill/competence,cross-sector,draft press releases,compose press releases;draft press release;write press releases;prepare press releases;drafting press releases,,,Collect information and write press releases adjusting the register to the target audience and ensuring that the message is well conveyed.
http://data.europa.eu/esco/skill/780f2c9e-4847-479b-bd46-c5886f98245a,skill/competence,sector-specific,conduct forensic evaluations,conduct forensic evaluation;do forensic evaluations;carry out forensic evaluations,,,"Participate in evaluations required to attest the presence and severity of a mental illness, according to the requirements of a criminal or civil court."
http://data.europa.eu/esco/skill/7814e88f-c133-4c3b-b27f-857afa145d42,knowledge,sector-specific,ICT security legislation,cyber-security regulation;network and information security legislation;ICT law;legal aspects of computing,,,"The set of legislative rules that safeguards information technology, ICT networks and computer systems and legal consequences which result from their misuse. Regulated measures include firewalls, intrusion detection, anti-virus software and encryption."
http://data.europa.eu/esco/skill/781797f4-c2c3-49a4-a80d-eb81eb4f818c,knowledge,cross-sector,liquidity management,management of liquidity;liquidities management;liquidity oversight;handling of liquidity,,,The theory and practices around the management of liquidity in a company with the aim of facilitating meeting obligations with thirds parties without compromising the smooth functioning of the company nor incurring in substantial losses.
http://data.europa.eu/esco/skill/7832b684-580c-4eaf-a8b3-322164b041ab,skill/competence,cross-sector,provide information on solar panels,solar panel information providing;solar panels information providing;give information on solar panels;providing information on solar panels;solar panels information giving;solar panel information giving;giving information on solar panels,,,"Provide organisations and individuals searching for alternative methods to provide facilities and residences with energy on the costs, benefits, and negative aspects of the installation and use of solar panels, and what one must take into account when considering the purchase and installation of solar systems."
http://data.europa.eu/esco/skill/7837ef5c-2c81-4a89-8227-b4d4f1f7331e,skill/competence,cross-sector,maintain professional records,produce professional records;produce and maintain professional records;keep professional records;provide professional records;keep up qualified record;maintain professional documentations;maintain records of work;maintain reports professionally;maintain professional documentation;keep qualified records,,,Produce and maintain records of work performed.
http://data.europa.eu/esco/skill/7838b15f-1beb-4da3-b4f2-22d8ae6e9079,skill/competence,sector-specific,promote service users' rights,promote clients' rights;support service users' rights;promote service user rights;support client's rights;promote sevice user's rights,,,"Supporting client`s rights to control his or her life, making informed choices about the services they receive, respecting and, where appropriate, promoting the individual views and wishes of both the client and his or her caregivers."
http://data.europa.eu/esco/skill/78482aac-638e-42da-a7a9-5eefe1bffdea,skill/competence,cross-sector,use theoretical marketing models,work with theoretical marketing models;use theoretical models for marketing;use theoretical marketing model;utilize theoretical marketing models;using theoretical marketing models,,,"Interpret different academic theories and models of academic nature and make use of them to create the marketing strategy of the company. Employ strategies such as the 7Ps, the customer lifetime value, and the unique selling proposition (USP)."
http://data.europa.eu/esco/skill/786378b4-6661-4f51-b03c-3006a2bc2d62,skill/competence,cross-sector,monitor political conflicts,oversee political conflicts;manage party political conflicts;moderate party political conflicts;supervise party political conflicts;manage political conflicts;moderate political conflicts;supervise political conflicts;oversee party political conflicts,,,"Monitor the possibility and development of political conflicts in specific contexts, such as in or between political parties, governments, or between different countries, as well as identifying its potential impact on government operations, and public safety."
http://data.europa.eu/esco/skill/786a74d6-7ecd-44d5-ae4f-87ff02fe3dbf,skill/competence,cross-sector,assess character,estimate character;assessing character;evaluate character,,,"Assess how a certain person will react, verbally or physically, in a specific situation or to a specific happening."
http://data.europa.eu/esco/skill/78845d0c-e56f-4318-a9c6-bf75931dd520,skill/competence,sector-specific,conduct threat intelligence,undertake cyber threat intelligence;plan threat intelligence;organise cyber threat intelligence;conduct cyber threat intelligence;undertake threat intelligence;organise CTI;conduct CTI;plan CTI;undertake CTI;organise threat intelligence;plan cyber threat intelligence,,,"Conduct cyber threats intelligence by collecting, analysing, and interpreting data about potential cyber threats. Leverage various sources of information such as open-source intelligence (OSINT), social media, or dark web services."
http://data.europa.eu/esco/skill/7893605c-18cc-4c68-8c22-4f969df1a673,skill/competence,cross-sector,liaise with advertising agencies,liaise with advertising agency;cooperate with advertising agencies;collaborate with advertising agencies;work together with advertising agencies;liaise with ad agencies;liaising with advertising agencies,,,Communicate and cooperate with advertising agencies in transmitting the goals and specifications of the marketing plan. Liaise to develop an advertising and promotional campaign that represent the aim of the marketing plan.
http://data.europa.eu/esco/skill/78a74fd1-efc6-49dc-adb1-1b0fbe35c22c,skill/competence,sector-specific,provide software testing documentation,provide software testing procedures;provide software test procedures documentation,,,Describe software testing procedures to technical team and analysis of test outcomes to users and clients in order to inform them about state and efficiency of software.
http://data.europa.eu/esco/skill/78c4dcf0-f69c-4f1d-b61c-4c271bd8c632,skill/competence,occupation-specific,describe scenes,describe scene;explain scenes;clarify scenes;portray scenes;depict scenes;describing scenes,,,"Watch scenes closely in order to comprehend their essence and describe the spatial element, the sounds, and the dialogue."
http://data.europa.eu/esco/skill/7903f946-aeff-4024-b146-8e48018d4eb9,skill/competence,occupation-specific,provide assistance with job search,assist with job search;offer assistance with job search;providing assistance with job search;provide help with job search;provides assistance with job search,,,"Help students or adults in their search to find a profession by identifying career options, building a curriculum vitae, preparing them for job interviews, and locating job vacancies."
http://data.europa.eu/esco/skill/7905835c-da6f-4162-8040-7c9aabc2f2d3,skill/competence,occupation-specific,administer oaths,conduct oaths;administering oaths;administer oath;preside over oath taking,,,Administer oaths as promises of the veracity of acts in order to be taken as legit facts.
http://data.europa.eu/esco/skill/7961413f-61d0-4722-9cd9-20a050a29899,skill/competence,sector-specific,perform software unit testing,perform unit testing,,,Test single units of source code to determine whether or not they are suitable for use by creating short code fragments.
http://data.europa.eu/esco/skill/797a4416-0b8d-44f3-8fcd-eb10bd0be6b4,skill/competence,sector-specific,develop software prototype,develop software throw-away simulation;develop software mockup,,,Create a first incomplete or preliminary version of a piece of software application to simulate some specific aspects of the final product.
http://data.europa.eu/esco/skill/79c36c91-28a5-44b7-ab9b-7093b2d4b21e,skill/competence,cross-sector,advise on financial matters,counsel on financial matters;advise on financial matter;advise on matters of finance;advising on financial matters;offer suggestions on financial matters;give recommendations on financial matters,,,"Consult, advise, and propose solutions with regards to financial management such as acquiring new assets, incurring in investments, and tax efficiency methods."
http://data.europa.eu/esco/skill/79e29b8b-47d1-470d-b7b1-32506bfe7d9a,skill/competence,cross-sector,collect ICT data,obtain digital data;gather digital data; obtain digital data;gather digital data;collect digital data,,,Gather data by designing and applying search and sampling methods.
http://data.europa.eu/esco/skill/79f24a62-7718-46e1-9b41-37be0560a5ca,knowledge,sector-specific,organisational resilience,business resilience;operational resilience;organizational resilience,,,"The strategies, methods and techniques that increase the organisation's capacity to protect and sustain the services and operations that fulfil the organisational mission and create lasting values by effectively addressing the combined issues of security, preparedness, risk and disaster recovery."
http://data.europa.eu/esco/skill/7a17d7ce-01a2-4746-bbcc-22ffe22fa16e,skill/competence,cross-sector,monitor technology trends,stay up to date with technology trends;monitor emerging technologies and industry trends;stay up to date on existing and emerging technology trends;monitor trends and innovations in technology;keep up with the latest technology trends;keep abreast of technical innovations;follow technology industry trends and new technologies,,,"Survey and investigate recent trends and developments in technology. Observe and anticipate their evolution, according to current or future market and business conditions."
http://data.europa.eu/esco/skill/7a34b3d9-bd3b-4f4e-a0f6-f97439901cb7,skill/competence,cross-sector,apply scientific methods,implement scientific methods;administer scientific methods;apply a scientific method;employ scientific methods;utilise scientific methods;apply scientific methodology,,,"Apply scientific methods and techniques to investigate phenomena, by acquiring new knowledge or correcting and integrating previous knowledge."
http://data.europa.eu/esco/skill/7a63f944-6948-4ae4-9c1f-d08e492535c9,skill/competence,sector-specific,apply person-centred care,apply patient-centred care;apply patient-focused care;apply person-focused care;use person-centred care;employ person-centred care;apply person-centered care,,,"Treat individuals as partners in planning, developing and assessing care, to make sure it is appropriate for their needs. Put them and their caregivers at the heart of all decisions."
http://data.europa.eu/esco/skill/7a7ea862-b73c-40ee-b495-a5bcdf3cce7d,skill/competence,sector-specific,contribute to the development of a sporting estate,planning the development of a sporting estate;development of a sporting estate planning;contribute to sporting estate development;plan the development of a sporting estate;contributing to sporting estate development;contributing to the development of a sporting estate,,,"Analyse estate records for previous sporting years to establish effectiveness of previous activities and development opportunities, establish previous resource usage to determine efficiency, assess options and establish proposals outlining future sporting capability of sporting estate, make contributions towards the finalisation of the sporting plan, suggest realistic targets and ideas for maintaining and improving the future sporting potential."
http://data.europa.eu/esco/skill/7a986287-84f2-4e5d-9ab4-fd7ec424ecf3,skill/competence,cross-sector,define measurable marketing objectives,define measurable marketing objective;outline measurable marketing objectives;establish measurable marketing objectives;specify measurable marketing objectives;defining measurable marketing objectives;determine measurable marketing objectives;define marketing objectives,,,"Outline the measurable performance indicators of the marketing plan such as market share, customer value, brand awareness, and sales revenues. Follow up on the progress of these indicators during the development of the marketing plan."
http://data.europa.eu/esco/skill/7adb8473-bcc6-4ff8-9850-76d945d40092,skill/competence,sector-specific,analyse ICT system,assess ICT system;analyse information and communications technology system;analyze information and communications technology system;assess information and communications technology system;analyze ICT system,,,"Analyse the functioning and performance of information systems in order to define their goals, architecture and services and set procedures and operations to meet end users requirements."
http://data.europa.eu/esco/skill/7add3681-17b6-4027-8a9d-ee92d2b96a42,skill/competence,cross-sector,manage workflow processes,supervise workflow processes;manage workflow process;oversee workflow processes;direct workflow processes;run workflow processes;managing workflow processes,,,"Develop, document and implement traffic and workflow processes across the company for different functions. Liaise with several departments and services such as account management and the creative director to plan and resource work."
http://data.europa.eu/esco/skill/7ae62140-fe02-4ee3-a0c5-fb5668a2870d,knowledge,cross-sector,consumer protection,consumer precautions;consumer insurance;protecting a consumer;protection of a consumer;consumer rights;protection of consumers,,,The current legislation applicable in relation to the rights of consumers in the marketplace.
http://data.europa.eu/esco/skill/7af76a2b-6bba-4350-9bfa-980e50c98481,knowledge,cross-sector,SMED,single-minute exchange of dies,,,SMED (Single-Minute Exchange of Dies) is a system for dramatically reducing the time it takes to complete equipment changeovers.
http://data.europa.eu/esco/skill/7aff2d0c-790a-47e2-a1c3-206eb0fc74d9,knowledge,sector-specific,health psychology,health psychological approaches;health psychological assumptions;health psychological theories;health psychological positions;health psychological methods;health psychological arguments;health psychological concepts,,,"The development, implementations and evaluation of health psychological concepts."
http://data.europa.eu/esco/skill/7b165b86-eacb-402f-ae35-e175c7cd7f06,skill/competence,occupation-specific,ensure consistency of translation works in multiple target languages,maintain consistency of translation works in multiple target languages;check consistency of translation works in multiple target languages;ensuring consistency of translation works in multiple target languages;monitor consistency of translation works in multiple target languages;ensure translation consistency of works in multiple target languages,,,Guarantee the consistency and preservation of meaning in the various languages in which works have been translated.
http://data.europa.eu/esco/skill/7b5cce4d-c7fe-4119-b48f-70aa05391787,knowledge,cross-sector,computer science,informatics;informatics studies,,,"The scientific and practical study that deals with the foundations of information and computation, namely algorithms, data structures, programming, and data architecture. It deals with the practicability, structure and mechanisation of the methodical procedures that manage the acquisition, processing, and access to information."
http://data.europa.eu/esco/skill/7b7a4d5c-f0d6-4e76-8eee-4c052efea07d,skill/competence,sector-specific,counsel patient on family concerns,counsel client on family concerns;counsel patient on family affairs;advise client on family concerns;counsel patient on family problems;counsel patient on family matters;guide patient on family concerns;counsel patients on family affairs;advise patient on family concerns;guide and advise patients on family concerns;advise patients on family affairs;guide and advise patients on family problems;counsel clients on family problems;counsel patients on family problems;counsel patients on family concerns,,,"Guide and advise patients on unsatisfactory relationships, divorce and separation, child rearing, home management, and financial difficulties."
http://data.europa.eu/esco/skill/7b9e53f3-a116-436b-a9b6-84a26c839759,skill/competence,cross-sector,analyse election procedures,scrutinise election procedures;investigate election procedures;investigate balloting procedures;test election procedures;scrutinise balloting procedures;inquire into election procedures;analyze election procedures;test balloting procedures;inquire into balloting procedures,,,"Analyse the proceedings during elections and campaigns in order to monitor the voting behaviour of the public, identify ways in which the election campaign can be improved for politicians, and to predict the election outcomes."
http://data.europa.eu/esco/skill/7bb5d9af-0a7e-48a7-a860-0e1ded0f6e75,skill/competence,cross-sector,design customer experiences,design a customer experience;deliver customer experience programmes;design experiences for customers;deliver better customer experiences,,,Create customer experiences to maximise client's satisfaction and profitability.
http://data.europa.eu/esco/skill/7bb85eab-18df-437c-adce-7b729abb315e,knowledge,cross-sector,types of literature genres,types of a literature genre;kinds of literature genres;categories of literature genres;varieties of literature genres;literature genres varieties;brands of literature genres;types of literary genres;type of literature genre,,,"The different literary genres in the history of literature, their technique, tone, content and length."
http://data.europa.eu/esco/skill/7bdcdadb-146c-475f-8cff-921c6fd5f858,skill/competence,cross-sector,test for behavioural patterns,test for behavioural pattern;test for behavioral patterns;test for behavioral pattern;discern pattern in behaviour;discern patterns in behavior;discern patterns in behaviour,,,Discern patterns in the behaviour of individuals by using various tests in order to understand the causes of their behaviour.
http://data.europa.eu/esco/skill/7c3865d1-e5a9-4043-a7a4-2e9e30468c0b,skill/competence,cross-sector,perform office routine activities,perform office routine activity;perform office activities;performing office routine activities;conduct office routine activities;do office routine activities,,,"Program, prepare, and perform activities required to be performed everyday in offices such as mailing, receiving supplies, updating managers and employees, and keeping operations running smoothly."
http://data.europa.eu/esco/skill/7c72e251-4437-4e02-bfc1-8ea6137ac498,skill/competence,cross-sector,forecast occupancy demand,forecast occupancy demands;forecast demand of occupancy;estimate number of booking requests;estimate number of reservations,,,"Predict the number of hotel rooms that will be booked, schedule occupancies and estimate demand forecast."
http://data.europa.eu/esco/skill/7c939ef4-adb2-4c0c-aa27-9cc1aefd7c81,knowledge,cross-sector,blockchain-based services regulation,regulatory framework for blockchain;legal guidance for blockchain;legal regulations for blockchain,,,"Key legal regulations around the blockchain, both existing and emerging ones. In Europe, regulations around the Digital Euro and Crypt-Assets, as well as the Pan-European blockchain regulatory sandbox are considered most essential."
http://data.europa.eu/esco/skill/7cacd304-996d-47d1-88ef-4ddb9ce102bd,knowledge,occupation-specific,microeconomics,micro-economics,,,"The economic field that studies the behaviour and interactions between specific actors of the economy, namely consumers and firms. It is the field that analyses the decision-making process of individuals and the factors that influence purchasing decisions."
http://data.europa.eu/esco/skill/7ce196c4-65c5-4aa0-88a2-9ab08eb9fd49,knowledge,cross-sector,academic English,academic English language,,,The English language that is used in academic research and universities courses.
http://data.europa.eu/esco/skill/7cf2762d-32e1-4b21-8ef8-574e40310c18,knowledge,cross-sector,morality,morals;ethics;integrity;moral;honour;decency,,,"The principles and beliefs derived from a code of conduct, accepted by a large group of people, that make the distinction between what is right and wrong behaviour."
http://data.europa.eu/esco/skill/7d092d81-d1e2-4c34-b3cb-c1c9f2e68b7d,skill/competence,cross-sector,finish project within budget,complete project within budget;finish projects within budget;finishing project within budget;carry out project within budget;finalize project within budget,,,Make sure to stay within budget. Adapt work and materials to budget.
http://data.europa.eu/esco/skill/7d23c508-c007-4221-bb84-0c9a479b8ea6,skill/competence,cross-sector,show intercultural awareness,commit to intercultural awareness;commit to multi cultural awareness;demonstrate multi cultural awareness;evidence intercultural awareness;evidence multi cultural awareness;demonstrate intercultural awareness,,,"Show sensibility towards cultural differences by taking actions which facilitate positive interaction between international organisations, between groups or individuals of different cultures, and to promote integration in a community."
http://data.europa.eu/esco/skill/7d35602d-bc94-4975-aa7c-f4e8e05ce8e0,knowledge,sector-specific,cost management,cost oversight;cost optimisation;cost monitoring;managing cost;cost managing;cost supervision;managing costs,,,"The process of planning, monitoring and adjusting the expenses and revenues of a business in order to achieve cost efficiency and capability."
http://data.europa.eu/esco/skill/7d594881-a9b4-4d4c-8a8b-75082c136b78,knowledge,sector-specific,cultural geography,cultural geography studies,,,"The subfield of geography that deals with the cultural values and artefacts of people, as well as the cultural diversity of the society. It studies how cultural aspects relate to the places where they originate and their diffusion through different areas."
http://data.europa.eu/esco/skill/7d78abdc-65f7-4f31-a8e4-929b11c4d547,skill/competence,occupation-specific,match lyrics to mood of melody,match lyrics to moods of melody;match lyrics to mood of melodies;harmonise lyrics to mood of melody;select lyrics for mood of melody;choose lyrics for mood of melody,,,Match the lyrics to the melody and the emotions that are conveyed.
http://data.europa.eu/esco/skill/7d8ca06a-f737-4927-96f2-de4f2cd15895,skill/competence,sector-specific,identify mental health issues,identify mental health disorders;identify mental health problems;recognise mental health issues;discern mental health issues;identify mental health conditions;identify mental health illnesses,,,Recognise and critically evaluate any possible mental health/illness issues.
http://data.europa.eu/esco/skill/7da0b396-34d7-4714-ada4-78d222e515a0,knowledge,cross-sector,immigration law,migration statutes;migration rules;migration regulation;immigration statutes;migration law;immigration regulation;immigration rules,,,The regulations to follow to ensure compliance during investigations or advice in immigration cases and file handling.
http://data.europa.eu/esco/skill/7dd3640b-d224-45c8-a542-dad9e6e11c3a,skill/competence,sector-specific,provide legal information on medical devices,provide information on legal aspects of presented medical device;inform about legal aspects of medical devices presented;inform about legal aspects of medical device presented;inform staff of legal aspects of medical devices;provide information on legal aspects of presented medical devices,,,"Provide the healthcare staff with information about the clinical tests undertaken on a specific medical device, the legal documentation concerning its marketability and sales activity and provide any documentation in support of this."
http://data.europa.eu/esco/skill/7ddbfce9-902d-4d1c-b751-30274f4b49ce,skill/competence,cross-sector,document evidence,record information;record clues;record testimony;document information;document witness statements;document testimony;record witness statements;document clues,,,"Document all evidence found on a crime scene, during an investigation, or when presented in a hearing, in a manner compliant with regulations, to ensure that no piece of evidence is left out of the case and that records are maintained."
http://data.europa.eu/esco/skill/7e13a05c-e40d-4970-b285-3d58ecfa627f,skill/competence,cross-sector,raise awareness on local community's priorities,promote awareness on issues important for the local community;raise awareness on issues important for the local community;increase awareness of important local issues;raise awareness on issues important to the local community;raise awareness on important local issues;conduct awareness raising activities on issues important to the local community;increase awareness of issues important for the local community;develop and implement activities to promote awareness of significant local issues;promote awareness on important local issues;perform awareness raising activities on issues important to the local community;develop and implement programmes to increase awareness of issues significant for the local community;develop and implement programmes to increase awareness of significant local issues,,,"Intervene and implement programs or activities that raise awareness of issues relevant for the respective local community, such as social or economic inequality, gender issues, violence, and drug abuse."
http://data.europa.eu/esco/skill/7e14f8f7-8907-4501-bb96-3685d399a188,skill/competence,sector-specific,support the autonomy of young people,foster youth independence;support youth autonomy;support youth choices;support youth independence;support choices of young people,,,"Support young people's choices, showing respect and reinforcing their autonomy, self-esteem and independence."
http://data.europa.eu/esco/skill/7e1f9657-ab4e-407c-842f-b846197060e3,skill/competence,sector-specific,execute ICT audits,execute information security audits;execute IT security audits;execute cyber security audits;execute ICT security audits,,,"Organise and execute audits in order to evaluate ICT systems, compliance of components of systems, information processing systems and information security. Identify and collect potential critical issues and recommend solutions based on required standards and solutions."
http://data.europa.eu/esco/skill/7e5147d1-60b1-4a68-804b-1f5cb0396b91,digital competence,not specified,problem-solving with digital tools,problem-solving with ICT hardware and tools;resolving issues with ICT tools and hardware;problem-solving with information and communication technologies tools and hardware;finding solutions with ICT tools and hardware;ICT tools and hardware problem solving;problem-solve with ICT tools and hardware,,,"Identify digital needs and resources, make informed decisions on most appropriate digital tools according to the purpose or need, solve conceptual problems through digital means, creatively use technologies, solve technical problems, update own and other's competence."
http://data.europa.eu/esco/skill/7e796b51-49d7-4e73-95af-2e7323763f15,skill/competence,sector-specific,design database in the cloud,apply design principles for cloud data architecture;develop cloud database design;apply design principles for cloud database design;design automated cloud databases;design cloud data architecture,,,"Apply design principles for an adaptive, elastic, automated, loosely coupled databases making use of cloud infrastructure. Aim to remove any single point of failure through distributed database design."
http://data.europa.eu/esco/skill/7e7bbf72-2bfb-49c2-a341-04c02932f916,skill/competence,occupation-specific,define risk policies,set risk guidelines;define risk strategy;create risk management policies;establish risk protocols,,,Define the extent and kinds of risks an organisation is willing to take in pursuing its objectives based on the organisation’s ability to absorb losses and the rate of return it seeks from its operations. Implement concrete risk tactics to achieve that vision.
http://data.europa.eu/esco/skill/7ec3c77b-1955-4397-9bd3-7b7b9d0b8531,skill/competence,cross-sector,manage personnel agenda,handle personnel agenda;manage agenda of personnel;managing personnel agenda;maintain personnel agenda,,,"Schedule and confirm appointments for the personnel of the office, mostly managers and directive employees, with external parties."
http://data.europa.eu/esco/skill/7ecd9100-1deb-4df5-91d3-5f25d4ca450e,skill/competence,sector-specific,diagnose psychiatric symptoms,make a diagnosis of psychiatric symtoms;recognise psychiatric symtoms;recognize psychiatric symtoms;diagnose a psychiatric symtom,,,"Recognise and diagnose the common medical, neurologic and primary psychiatric symptoms such as delirium, dementia, violent episodes, self-injurious behavior, etc."
http://data.europa.eu/esco/skill/7edc05fe-378b-4c9e-bbb2-e5a29c5a845f,skill/competence,cross-sector,perform public relations,complete public relations;perform public relation;performing public relations;undertake public relations;implement public relations;execute public relations,,,Perform public relations (PR) by managing the spread of information between an individual or an organisation and the public.
http://data.europa.eu/esco/skill/7ee4c2ea-b349-4bd2-81a3-ec31475d4833,knowledge,cross-sector,statistics,experimental data;use of data in performance of work;use of statistics;organisation of data;data analysis;survey data;use of statistics in performance of work;data collection;stats;data work;big data;metadata;statistical analysis;use of data;administrative data,,,"The study of statistical theory, methods and practices such as collection, organisation, analysis, interpretation and presentation of data. It deals with all aspects of data including the planning of data collection in terms of the design of surveys and experiments in order to forecast and plan work-related activities."
http://data.europa.eu/esco/skill/7f0b1a66-ebaf-4c8a-b606-4c1844eb692e,skill/competence,sector-specific,attend to ICT systems quality,ensure ICT systems meet required standards;ensure ICT system quality,,,"Ensure correct operations which comply fully with specific needs and outcomes in terms of the development, integration, security and overall management of ICT systems."
http://data.europa.eu/esco/skill/7f27f1ff-2e17-4b69-990e-c23334478313,knowledge,cross-sector,assessment of risks and threats,principles of assessment of risks and threats;methods for handling security-related information;methods for assessment of risks and threats;principles for handling security-related information;techniques for handling security-related information;techniques for assessment of risks and threats,,,The security documentation and any security-related communications and information.
http://data.europa.eu/esco/skill/7f4d1dee-bc5a-495a-926b-17b383b8d8fd,knowledge,sector-specific,green building standards,sustainable construction standards;energy-efficient building codes;green construction guidelines,,,The guidelines on how to design and construct sustainable buildings. They follow the criterion of mitigating the environmental impact of buildings while promoting green practices among the occupants.
http://data.europa.eu/esco/skill/7f6f3d05-7b6f-4622-9082-6c355edfcb7e,knowledge,cross-sector,sports competition information,sports competition data;sports competition report;information on sports competitions;sports competition advice;sports competition knowledge,,,"The information regarding latest results, competitions and events in the sporting industry."
http://data.europa.eu/esco/skill/7f7756fc-d89d-41d5-93ef-85991603f4ad,skill/competence,cross-sector,manage financial risk,employ financial risk management;manage financial risk exposure;minimise the impact of financial risks;manage financial risks;mitigate financial risk;control financial risk;regulate financial risk;minimise financial risks;carry out financial risk management;practice financial risk management,,,"Predict and manage financial risks, and identify procedures to avoid or minimise their impact."
http://data.europa.eu/esco/skill/7f783956-f734-4d56-85de-10f0c1706f8a,skill/competence,sector-specific,record customers' personal data,recording customers' personal data;directory customers' personal data;record a customers' personal data;archive customers' personal data;recording a customers' personal data;compendium customers' personal data,,,Gather and record customers' personal data into the system; obtain all signatures and documents required for rental.
http://data.europa.eu/esco/skill/7fb699d9-182a-430e-b7a0-6d8ed05c284b,knowledge,cross-sector,graphic design,graphic designs;graphic designing;visual design,,,The techniques to create a visual representation of ideas and messages.
http://data.europa.eu/esco/skill/7fd3b5e4-8f7c-461c-8faa-203cf4b2b0fc,skill/competence,sector-specific,handle patient trauma,deal with traumatised patients;make assessments of patient trauma;address patient trauma;support traumatised patients;perform assessments of patient trauma;address traumatised patients;handle trauma;make assessments of traumatised patients;support patients affected by trauma;deal with patient trauma;handle traumatised patients,,,"Assess the competences, needs, and limitations of people affected by trauma, referring the patients to specialised trauma services where appropriate."
http://data.europa.eu/esco/skill/7ff2c668-0e86-418a-a962-4958262ee337,skill/competence,cross-sector,use communication techniques,apply communication techniques;use techniques for communication;utilize communication techniques;use communication technique;using communication techniques;employ communication techniques,,,Apply techniques of communication which allow interlocutors to better understand each other and communicate accurately in the transmission of messages.
http://data.europa.eu/esco/skill/7ff9cce1-6518-48db-8f59-2beb81508fb2,skill/competence,sector-specific,provide information on wind turbines,providing information on wind turbines;wind turbines information providing;wind turbines information giving;give information on wind turbines;giving information on wind turbines;wind turbine information providing;wind turbine information giving,,,"Provide organisations and individuals searching for alternative energy methods on the cost, benefits, and negative aspects of the installation and use of wind turbines, both residential and common, and what one must take into account when considering the implementation of wind turbine technology."
http://data.europa.eu/esco/skill/8029637c-00eb-4764-ae88-387611176c4b,skill/competence,sector-specific,analyse logistic needs,study logistic needs;analyze logistic needs;examine logistic needs;analyse logistic need;evaluate logistic needs;analyse logistical needs;analysing logistic needs,,,Analysing the logistic needs of all the different departments on the organisational level.
http://data.europa.eu/esco/skill/80458486-d231-48c8-b4ae-665c454772a5,skill/competence,cross-sector,manage creative department,managing creative department;supervise creative department;oversee creative department;direct creative department;manage creative departments,,,Oversee the staff that create the content and visual representation of advertisement materials. Make sure that the advertising strategy is followed and customer requirements are met.
http://data.europa.eu/esco/skill/8088750d-8388-4170-a76f-48354c469c44,knowledge,sector-specific,cyber security,ICT security;cybersecurity;digital security;information and communications technology security;IT security;information security,,,"The methods and best practices that protect ICT systems, networks, computers, devices, services, processes and people against unauthorised access, modification and/or denial of service of assets."
http://data.europa.eu/esco/skill/80d3bfd0-5781-4c8e-a8d8-54146e22af21,knowledge,sector-specific,clinical social work,social services,,,"The branch of social work that deals with assessing, making diagnoses, treating and preventing bio-psychological problems and other behavioural disturbances."
http://data.europa.eu/esco/skill/810134a4-3c40-4140-b8ca-6d6e8d0dc0f1,skill/competence,sector-specific,develop scientific theories,prepare scientific theories;create scientific theories;draw up scientific theories;write scientific theories;developing scientific theory;define scientific theories;develop scientific theory;developing scientific theories,,,"Formulate scientific theories based on empirical observations, gathered data and theories of other scientists."
http://data.europa.eu/esco/skill/810df100-e85a-4c13-b619-34030a75ecc2,knowledge,cross-sector,linguistics,scientific aspects of language;study of languages;study of language;scientific study of language,,,"The scientific study of language and its three aspects, language form, language meaning, and language in context."
http://data.europa.eu/esco/skill/811acf0c-4dd7-4dda-a4fa-7ca498a95204,skill/competence,sector-specific,negotiate employment agreements,work out employment agreements;negotiate employment agreement;negotiating employment agreements;negotiate agreements for employment;broker employment agreements;come to accord on employment agreements,,,"Find agreements between employers and potential employees on salary, working conditions and non-statutory benefits."
http://data.europa.eu/esco/skill/811bdb9d-5bf7-4b5a-a3f5-4fc2002f6d57,knowledge,cross-sector,financial capability,financial abilities;financial capabilities;financial skills;financial knowledge;financial acumen,,,"Financial operations such as calculations, cost estimations, budget management taking relevant commercial and statistical data into account such as data for materials, supplies and manpower."
http://data.europa.eu/esco/skill/812590e4-7108-4016-baba-957dcf8213ae,skill/competence,cross-sector,keep updated on the political landscape,keep updated on political landscapes;keeping updated on the political landscape;keep abreast of the political landscape;stay current on the political landscape,,,"Read, search, and analyse the political situation of a region as a source of information applicable for different purposes such as information, decision-making, and management, and investments."
http://data.europa.eu/esco/skill/81513fdf-5ea9-4375-9bc4-67ad959ac5de,skill/competence,sector-specific,contact customers,respond to customers;communicate with customers;get in touch with customers;customers contact;contacting customers;contact a customer;speak to customers,,,Contact customers by telephone in order to respond to inquiries or to notify them of claim investigation results or any planned adjustments.
http://data.europa.eu/esco/skill/8181aa4c-42bc-4036-a3d2-5cb6bbb34239,skill/competence,sector-specific,handle cybersecurity incidents,analyse cybersecurity incidents;handle cybersecurity incidents in production facilities;monitor security logs;respond to cyber incidents;monitor the security of digital systems,,,"Detect, identify, analyze, and respond, to cybersecurity incidents in an organization's systems or network. It involves incident response plans such as intrusion detection systems, log analysis, and documenting detailed information about potential incidents."
http://data.europa.eu/esco/skill/81a66a2f-6286-466f-be26-307c85136d6a,skill/competence,occupation-specific,manage vehicle services' financial resources,supervise vehicle services' financial resources;managing vehicle services' financial resources;management of vehicle services' financial resources;regulate vehicle services' financial resources;manage vehicle services' financial resource;maintain vehicle services' financial resources;oversee vehicle services' financial resources,,,"Control the costs concerning the salaries of employees, the equipment needed for repair and maintenance, insurance, stock, purchasing new components, etc."
http://data.europa.eu/esco/skill/81af8698-9873-4b3d-b6d2-8eb275bf170b,knowledge,sector-specific,environmental threats,medical environmental threats;medical threats from physical hazards;medical threats from chemical hazards;environmental health threats;medical threats from radiological hazards;medical threats from nuclear hazards;medical threats from biological hazards,,,"The threats for the environment which are related to biological, chemical, nuclear, radiological, and physical hazards."
http://data.europa.eu/esco/skill/81db5616-3c98-4317-a728-5dae08d44bd4,skill/competence,cross-sector,comprehend financial business terminology,understand financial business terminology;comprehending financial business terminology;know financial business terminology;recognise financial business terminology;comprehending business finance terminology;comprehend business finance terminology,,,Grasp the meaning of basic financial concepts and terms used in businesses and financial institutions or organisations.
http://data.europa.eu/esco/skill/8215234e-d2eb-45cf-8a1a-c57c2ebef1b7,skill/competence,cross-sector,analyse education system,evaluate education system;analyze education system;examine education system;analyse education systems;analysing education systems;analysing education system;assess education system,,,"Analyse various aspects of the school and education system, such as the relation between the cultural origin of the students and their educational opportunities, the apprenticeship programmes or the objectives of adult education, in order to make recommendations to education professionals and decision makers."
http://data.europa.eu/esco/skill/8232979d-6aa4-40c9-a12b-5152a52a76b8,skill/competence,sector-specific,advise on healthcare users' informed consent,advise on healthcare user's informed consent;give advice on informed consent to healthcare users;advise on health care users' informed consent;ensure information on treatment risks for informed consent,,,"Ensure patients/clients are fully informed about the risks and benefits of proposed treatments so they can give informed consent, engaging patients/clients in the process of their care and treatment."
http://data.europa.eu/esco/skill/82ae17ef-a422-4803-923e-d62da42476a9,skill/competence,cross-sector,revise legal documents,revise legal document;modify legal documents;revising legal documents;review legal documents;assess legal documents,,,Read and interpret legal documents and proofs about happenings in relation with the legal case.
http://data.europa.eu/esco/skill/82de2df7-0d6c-42b1-94ac-b3e9a029e917,skill/competence,cross-sector,use back-up and recovery tools,use recovery software;use back-up and recovery software;use back-up software;use recovery tools;back-up and recovery tools using;using back-up and recovery tools;using back-up and recovery software;use back-up tools,,,"Use tools which allow users to copy and archive computer software, configurations and data and recover them in case of loss."
http://data.europa.eu/esco/skill/82fea746-853f-4f1b-8ab7-55de8619cccd,knowledge,cross-sector,lean manufacturing,PDCA;manufacturing excellence;total productive maintenance;operational excellence;WCM world class manufacturing;business excellence;ACE achieving competitive excellence;process excellence,,,Lean manufacturing is a methodology that focuses on minimizing waste within manufacturing systems while simultaneously maximizing productivity.
http://data.europa.eu/esco/skill/8300443c-c793-4102-bff5-aa917a0cb39f,skill/competence,cross-sector,define roadmap for blockchain in applications,create a blockchain roadmap in applications,,,"Define and follow a roadmap for the introduction of blockchain in a particular application. Identify the key actions and roles required, as well as the essential milestones and deliverables to achieve."
http://data.europa.eu/esco/skill/8316979b-df5a-4dc7-98ef-61ec6a10df84,skill/competence,cross-sector,conduct quantitative research,apply quantitative research methods,,,"Execute a systematic empirical investigation of observable phenomena via statistical, mathematical or computational techniques."
http://data.europa.eu/esco/skill/83218cac-3599-417e-93d2-26013cdccd98,knowledge,sector-specific,service-oriented modelling,ICT service models;service oriented models;SaaS model;Software as a service;SaaS;service-oriented modeling,,,"The principles and fundamentals of service-oriented modelling for business and software systems that allow the design and specification of service-oriented business systems within a variety of architectural styles, such as enterprise architecture and application architecture."
http://data.europa.eu/esco/skill/83259f23-b896-46c6-a972-4d63f2128559,skill/competence,sector-specific,advise on social enterprise,provide guidance on social enterprise;advise on social enterprises;give advice on social enterprises;give advice on social enterprise,,,Provide guidance and information in support to the creation or operational procedures of social enterprises.
http://data.europa.eu/esco/skill/8327754d-3990-4056-b07e-4faa49cfcd26,skill/competence,sector-specific,innovate in ICT,conduct research in ICT,,,"Create and describe new original research and innovation ideas within the field of information and communication technologies, compare to the emerging technologies and trends and plan the development of new ideas."
http://data.europa.eu/esco/skill/833289fa-3646-4010-9d9e-93ba8c9ef2d8,skill/competence,cross-sector,apply research ethics and scientific integrity principles in research activities,adhere to scientific research code of ethics;obey scientific research code of conduct;follow scientific research code of conduct,,,"Apply fundamental ethical principles and legislation to scientific research, including issues of research integrity. Perform, review, or report research avoiding misconducts such as fabrication, falsification, and plagiarism."
http://data.europa.eu/esco/skill/8360f128-ef04-41f6-8fd0-203f41dc05dc,skill/competence,sector-specific,receive appropriate permissions for use of recorded audiovisual examples,receiving appropriate permissions for use of recorded audiovisual examples;receive appropriate permissions for recorded audiovisual example use;Gaining appropriate permissions for use of recorded audiovisual examples;receive appropriate permission for use of recorded audiovisual examples,,,Gain and receive appropriate permissions for use of recorded visual examples of your work. Obtain permissions to use images of people in your promotion.
http://data.europa.eu/esco/skill/8369c2d6-c100-4cf6-bd83-9668d8678433,skill/competence,sector-specific,utilise machine learning,carry out machine learning;use machine learning;utilize machine learning;perform machine learning,,,"Use techniques and algorithms that are able to extract mastery out of data, learn from it and make predictions, to be used for program optimisation, application adaptation, pattern recognition, filtering, search engines and computer vision."
http://data.europa.eu/esco/skill/8369ede5-4200-4a44-be2e-bc60ef959259,knowledge,sector-specific,Microsoft Visual C++,MS Visual C++;Visual C++;VC++;MSVC,,,"The computer program Visual C++ is a suite of software development tools for writing programs, such as compiler, debugger, code editor, code highlights, packaged in a unified user interface. It is developed by the software company Microsoft."
http://data.europa.eu/esco/skill/8394fefb-f62a-48c0-a156-3117cefdb9b3,skill/competence,cross-sector,develop economic policies,prepare economic policies;produce economic policies;establish economic strategies;establish economic policies;prepare economic strategies;evaluate economic strategies;produce economic strategies;evaluate economic policies,,,"Develop strategies for economic stability and growth in an organisation, nation, or internationally, and for the improvement of trade practices and financial procedures."
http://data.europa.eu/esco/skill/839f05ab-c8e0-4893-8b41-9fcae53e71f3,skill/competence,cross-sector,adapt text culturally,adapting text to culture;culturally adapt text;alter text culturally;adapt text to culture;modify text culturally;adjust text culturally,,,"Adjust text so it is culturally and linguistically acceptable to the reader, while preserving the original message and nuance of the text."
http://data.europa.eu/esco/skill/83b33952-3872-46ec-9a2e-b28f91303a7e,skill/competence,sector-specific,oversee development of software,oversee development of applications;coordinate development of applications;monitor development of software;manage the development of a software;coordinate development of software,,,"Organise, plan and supervise the development of the applications and frameworks in order to create a software product, from the earliest planning stages to the final product test."
http://data.europa.eu/esco/skill/83e97138-899a-4af8-9187-47823e875841,skill/competence,cross-sector,follow the statutory obligations,comply with the statutory obligations;abide by the statutory obligations;act in accordance with the statutory obligations;following the statutory obligations;follow the statutory obligation,,,"Understand, abide by, and apply the statutory obligations of the company in the daily performance of the job."
http://data.europa.eu/esco/skill/83fc0b2b-6cd2-46af-b1ff-d3fc83604c26,knowledge,sector-specific,energy efficiency,conservation of energy;energy conservation;battery benchmarking;energy saving;science of energy efficiency;reduce use of energy;promote energy efficiency;efficient energy use,,,"Field of information concerning the reduction of the use of energy. It encompasses calculating the consumption of energy, providing certificates and support measures, saving energy by reducing the demand, encouraging efficient use of fossil fuels, and promoting the use of renewable energy."
http://data.europa.eu/esco/skill/84605f91-5ab4-4965-a1ad-cdc1901a820d,knowledge,sector-specific,marketing department processes,marketing department procedures;marketing processes;marketing department methods;marketing department process,,,"The different processes, duties, jargon, role in an organisation, and other specificities of the marketing department within an organisation such as market research, marketing strategies, and advertising processes."
http://data.europa.eu/esco/skill/846f6e5c-1a74-491d-b756-753c01d785dd,skill/competence,sector-specific,execute after sales activities,enact after sales activities;achieve after sales activities;executing an after sales activity;execute an after sales activity;executing after sales activities;undertake after sales activities;carry out after sales activities,,,"Provide after sales services and advice, e.g. provision of advice on after sale maintenance, provision of after sale maintenance, etc."
http://data.europa.eu/esco/skill/848b5879-10af-4e3a-bfbf-263956b4ebf3,knowledge,cross-sector,management department processes,"management department procedures, management department methods;management department process;management processes",,,"The different processes, duties, jargon, role in an organisation, and other specificities of the management and strategy department within an organisation such as strategic processes and general management of the organisation."
http://data.europa.eu/esco/skill/84f583f4-f32a-4202-9b92-e25f0c978410,knowledge,sector-specific,core banking software,core banking application,Avaloq;Globus;Olympic;Midas;Ibsy,,"The selection of software for core banking activities management (e.g. deposits, payments, loans, bank transactions, customer data) and other functions related to banking."
http://data.europa.eu/esco/skill/84f58e3d-8669-4d83-8c1d-5dd1e73a654f,skill/competence,sector-specific,create database diagrams,create database blueprint;create database models,,,Develop the database design models and diagrams which establish the structure of a database by using modelling software tools to be implemented in further processes.
http://data.europa.eu/esco/skill/855dceb9-78cf-448b-8113-33f59f281117,skill/competence,cross-sector,ensure price competitiveness,guarantee price advantages;ensure competitive prices;guarantee a competitive edge vis-a-vis prices offered;ensure price competitivity,,,"Guarantee price competitiveness by setting the highest achievable revenue of your product or service while observing prices of competitors and studying market strategies, conditions and evolutions."
http://data.europa.eu/esco/skill/85616cc4-98bf-4355-9cf1-72ff11752848,skill/competence,occupation-specific,develop ICT device driver,design ICT device driver;build ICT device driver,,,Create a software program that controls the working of an ICT device and its interaction with other applications.
http://data.europa.eu/esco/skill/85c11255-469f-41bd-a6d1-382bc4a87783,skill/competence,sector-specific,interpret technical texts,interpret technical information,,,"Read and understand technical texts that provide information on how to perform a task, usually explained in steps."
http://data.europa.eu/esco/skill/85f46538-ae70-498a-bfbc-b8ddafe96c7d,knowledge,sector-specific,levels of software testing,software integration testing,,,"The levels of testing in the software development process, such as unit testing, integration testing, system testing and acceptance testing."
http://data.europa.eu/esco/skill/861313ba-3a1a-4d33-842a-1b8e45e2415b,skill/competence,sector-specific,manage ICT legacy implication,analyse legacy implication,,,"Oversee the transfer process from a legacy (an outdated system) to a current system by mapping, interfacing, migrating, documenting and transforming data."
http://data.europa.eu/esco/skill/8614b988-b907-473e-a701-47b525959dc8,skill/competence,cross-sector,advise on heating systems energy efficiency,heating systems energy efficiency advice giving;advising on heating systems energy efficiency;advising about heating systems energy efficiency;give advice on heating systems energy efficiency;heating systems energy efficiency advising;giving advice on heating systems energy efficiency,,,Provide information and advice to clients on how to preserve an energy efficient heating system in their home or office and possible alternatives.
http://data.europa.eu/esco/skill/861cc783-6d4c-442e-9081-3a6e389be454,skill/competence,sector-specific,install electronic communication equipment,set up electronic communication equipment,,,Set up and deploy digital and analogue electronic communications. Understand electronic diagrams and equipment specifications.
http://data.europa.eu/esco/skill/867137fb-ff1b-4ca3-99f3-cb6969aa2c68,knowledge,sector-specific,TypeScript,TypeScript programming language,,,"The techniques and principles of software development, such as analysis, algorithms, coding, testing and compiling of programming paradigms in TypeScript."
http://data.europa.eu/esco/skill/867ad40d-bd25-46d1-88b5-27381f673ad5,skill/competence,cross-sector,support juvenile victims,aid young offenders;help young offenders;juvenile victims advocacy;aid juvenile victims;young offenders advocacy;help juvenile victims,,,Support young victims in difficult situations such as court trial or interrogation. Monitor their mental and emotional well-being. Ensure they know they are being helped.
http://data.europa.eu/esco/skill/868fc91a-f988-48e2-81e5-33e1b3de0ac2,knowledge,cross-sector,developmental psychology,development psych;developmental psych;development psychology,,,"The study of human behaviour, performance, and psychological development from infancy to adolescence."
http://data.europa.eu/esco/skill/8696aff0-18c0-4ba6-a4d0-9a21861b3e5e,knowledge,cross-sector,World Wide Web Consortium standards,W3C standards,,,"The standards, technical specifications and guidelines developed by the international organisation World Wide Web Consortium (W3C) which allow the design and development of web applications."
http://data.europa.eu/esco/skill/86d2e2ea-1ba2-4aa6-b465-8a1f9abc81b8,skill/competence,sector-specific,apply information security policies,protect data;information security policy;comply with data protection regulations;ensure CIA;ensure confidentiality principles;secure data;protect information;apply data protection;data protection regulations;data security,,,"Implement policies, methods and regulations for data and information security in order to respect confidentiality, integrity and availability principles."
http://data.europa.eu/esco/skill/872a1632-f1db-4feb-bb27-0a6a359b7591,skill/competence,cross-sector,promote open innovation in research,encourage open innovation in research;promote integrated collaboration in research;boost open innovation in research;stimulate collaborative innovation in research;foster collaborative innovation in research,,,"Apply techniques, models, methods and strategies which contribute to the promotion of steps towards innovation through collaboration with people and organizations outside the organisation."
http://data.europa.eu/esco/skill/873f205a-05f8-45f8-b544-fe963a3edc1e,skill/competence,sector-specific,address identified risks,manage risk treatment;addressing identified risks;treat risks,,,"Implement a risk treatment plan to address the risks identified during the assessment phase, avoid their occurrence and/or minimise their impact. Evaluate the different options available to reduce the exposure to the identified risks, based on the risk appetite of an organisation, the accepted level of tolerance and the cost of treatment."
http://data.europa.eu/esco/skill/8744f28f-59a9-45af-8ef6-6944cb5a1473,knowledge,cross-sector,risk identification,risk types;risk classification;definition of risk;risk analysis,,,"The different types of risk and the related classification criteria such as their nature and scope, the activity to which they relate, their causes and consequences and their financing."
http://data.europa.eu/esco/skill/875eeec4-fc70-4e6a-80ef-4d18356976e3,skill/competence,cross-sector,forecast workload,forecasting a workload;determine workload;anticipate workload;forecast a workload;forecast workloads;foresee workload,,,"Predict and define workload needed to be done in a certain amount of time, and the time it would take to perform these tasks."
http://data.europa.eu/esco/skill/8762380a-893e-459c-a028-44122c94b737,skill/competence,sector-specific,provide education on family life,give lessons on family life;provide education on family-life;educate on family life;provide culturally-sensitive education on family life;provide family life education;give advice on family life,,,"Provide culturally sensitive health education and services, focusing on women, family and community and promoting healthy family life, and pregnancy planning."
http://data.europa.eu/esco/skill/87669743-a291-4ea0-9a50-cac60d45649c,knowledge,cross-sector,rehabilitation,methods and procedures to restore lost skills;methods to regain patient's self-sufficiency,,,The methods and procedures used to help an ill or injured person restore lost skills and regain self-sufficiency and control.
http://data.europa.eu/esco/skill/8770350e-746f-4adb-9556-18ca68104be6,knowledge,cross-sector,market research,market studies;market analysis,,,"The processes, techniques, and purposes comprised in the first step for developing marketing strategies such as the collection of information about customers and the definition of segments and targets."
http://data.europa.eu/esco/skill/87cadd76-4e3a-47e5-b66d-559fbc1e8993,skill/competence,cross-sector,respond to enquiries,respond to an enquiry;responding to enquiries;reply to questions;answer enquiries,,,Respond to enquiries and requests for information from other organisations and members of the public.
http://data.europa.eu/esco/skill/87d0ccdb-3aa3-4af6-94e5-c7a04791c07e,skill/competence,cross-sector,authenticate documents,ratify documents;validate documents;verify documentation;verify documents;ratify documentation;validate documentation,,,"Authenticate official documents, ensuring that their composition and the manner in which they were signed and officiated is compliant with regulations, and thus establishing the document's authenticity and legal power."
http://data.europa.eu/esco/skill/87de6e49-ca1c-42a4-8751-5ff0b991966b,skill/competence,cross-sector,negotiate with stakeholders,compromise with stakeholders;cooperate in agreement with stakeholders;negotiate with a stakeholders;agree terms with stakeholders;collaborate with stakeholders,,,"Negotiate compromises with stakeholders and strive to reach the most beneficial agreements for the company. May involve building relationships with suppliers and customers, as well as ensuring products are profitable."
http://data.europa.eu/esco/skill/87e4b9ce-910b-41d3-a6df-ad3a00f4b25e,skill/competence,sector-specific,follow translation quality standards,keep up with translation quality standards;keep pace with translation quality standards;keep up to date with translation quality standards;follow standards for translation quality;follow quality standards for translation,,,"Comply with agreed standards, such as the European standard EN 15038 and the ISO 17100, to ensure that requirements for language-service providers are met and to guarantee uniformity."
http://data.europa.eu/esco/skill/8804d963-5a31-4609-b5df-f741b7199fb7,knowledge,cross-sector,internal auditing,internal audits;internal probes;internal investigations,,,"The practice of observing, testing, and evaluating in a systematic manner the processes of the organisation in order to improve effectivity, reduce risks, and add value to the organisation by installing a preventive culture."
http://data.europa.eu/esco/skill/880c54f9-866e-4f37-b5fa-25ef8a7d49b6,knowledge,cross-sector,accounting techniques,accounting technique;accounting approaches;accounting methods;techniques of accounting;accounting skills;accounting performance,,,"The techniques of recording and summarising business and financial transactions and analysing, verifying, and reporting the results."
http://data.europa.eu/esco/skill/8836a5a5-e2ff-4baf-aae3-bfb78a4cca7f,knowledge,cross-sector,criminal law,criminal law knowledge;understand criminal court procedures;understand criminal law;criminal regulations;criminal rules;criminal legal processes,,,"The legal rules, constitutions and regulations applicable for the punishment of offenders."
http://data.europa.eu/esco/skill/8881a9c2-bd07-4954-bf27-c1f8acca9af0,knowledge,cross-sector,sociology,study of group behavior and dynamics;study of societal trends and influences;study of group behaviour and dynamics;sociological studies,,,"The group behaviour and dynamics, societal trends and influences, human migrations, ethnicity, cultures and their history and origins."
http://data.europa.eu/esco/skill/88af9294-b697-4687-ae19-aefbb6234dfa,knowledge,cross-sector,economics,commodity markets;economic principles;financials;market economics;financial data;economic practices;banking;financial economics;finances,,,"Economic principles and practices, financial and commodity markets, banking and the analysis of financial data."
http://data.europa.eu/esco/skill/88b406d0-72e2-4087-be19-d5992d259473,knowledge,cross-sector,personnel management,human resource administration;human resource supervision;personnel administration;human resource regulation;personnel regulation;human resource oversight;personnel oversight;personnel supervision,,,"The methodologies and procedures involved in the hiring and development of employees in order to ensure value for the organisation, as well as personnel needs, benefits, conflict resolution and ensuring a positive corporate climate."
http://data.europa.eu/esco/skill/88ba6ce6-d285-49ef-80db-07ecfaec03db,skill/competence,cross-sector,examine advertisement layout,examining advertisement layout;check advertisement layout;examine layouts for advertisement;inspect advertisement layout;examine advertisement layouts;examine adt layout,,,Examine and approve the layout of advertisements to ensure that they are according to customer and target audience requirements and specifications.
http://data.europa.eu/esco/skill/88c7c736-8f5f-4f39-a0ad-83e0b91cebe1,knowledge,cross-sector,international development,global development;worldwide development,,,International development is a multi-disciplinary discipline which approaches the socio-economic and human development of countries and regions from different perspectives.
http://data.europa.eu/esco/skill/88cc9573-e12f-4915-a915-5c3ee19891cb,skill/competence,sector-specific,develop artistic educational activities,participate in activities related to arts education;develop library educational programs;organise library educational programs;develop activities to educate;create library educational programs;develop educational workshops;develop activities that are educational;arrange library educational programs,,,"Develop speeches, activities and workshops in order to foster access and comprehension to the artistic creation processes. It can address a particular cultural and artistic event such as a show or an exhibition, or it can be related to a specific discipline (theatre, dance, drawing, music, photography etc.). Liaise with storytelles, craftspeople and artists."
http://data.europa.eu/esco/skill/88ec9e5e-8798-475d-81a3-dd5ea7e96215,knowledge,sector-specific,qualitative risk analysis techniques,probability and impact matrices;qualitative risk analysis methods;risk categorisation techniques;ICOR analysis;SWAT analysis,,,"The tools and techniques used to estimate probability of risks and assess their impact, such as probability and impact matrices, risk categorisation, SWAT analysis and ICOR analysis."
http://data.europa.eu/esco/skill/890f090f-e03f-465e-ad16-f332b2a80c95,knowledge,sector-specific,postediting,post-editing;postedit;post-edit,,,"The process of revising a translation, usually generated by a machine, and improving the accuracy of the text in the translated language."
http://data.europa.eu/esco/skill/896563fc-6255-4419-89c2-ffed30159ad6,skill/competence,cross-sector,conduct research interview,conduct interview based research;administer research interviews,,,"Use professional researching and interviewing methods and techniques to gather relevant data, facts or information, to gain new insights and to fully comprehend the message of the interviewee."
http://data.europa.eu/esco/skill/897b393f-e7e0-4248-a40d-d77119694e83,knowledge,sector-specific,distributed computing,parallel computing;grid computing;cluster computing,,,The software process in which computer components interact over a network and send messages to communicate on their actions.
http://data.europa.eu/esco/skill/89ba58e8-a67e-4d2b-ad42-6acab25c241b,skill/competence,cross-sector,measure customer feedback,ensure customer satisfaction;process customer feedback;collect and manage customer feedback;measure feedback from customers;measuring customer satisfaction;assess customer satisfaction;evaluate customer feedback;collect and manage client feedback,,,Evaluate customer's comments in order to find out whether customers feel satisfied or dissatisfied with the product or service.
http://data.europa.eu/esco/skill/89c1d71c-f443-4e60-a7c3-f824ecb10597,knowledge,cross-sector,types of media,media types;forms of media;genres of media;kinds of media;categories of media,,,"The means of mass communication, such as television, journals, and radio, that reach and influence the majority of the public."
http://data.europa.eu/esco/skill/89d574b8-f0ea-4ae8-9008-f575e37e9f11,skill/competence,cross-sector,implement smart contracts,apply smart contracts,,,"Implement smart contracts for various applications, and in the most important smart contract frameworks such as Bitcoin and Ethereum, and in the most suitable programming languages such as Solidity, Rust, JavaScript, Vyper and Yul."
http://data.europa.eu/esco/skill/89f6560b-2194-45c9-9ece-d33049a73eef,knowledge,cross-sector,computer engineering,science of computer engineering;computer software development;integration of hardware and software;software design;discipline of computer engineering;computer hardware development;engineering of computers;field of computer engineering,,,"Engineering discipline that combines computer science with electrical engineering to develop computer hardware and software. Computer engineering occupies itself with electronics, software design, and the integration of hardware and software."
http://data.europa.eu/esco/skill/89ff28d6-342c-435d-83aa-83e71dbbbc96,skill/competence,cross-sector,conduct financial audits,undertake financial audits;conduct a financial audit;manage financial audits;conducting financial audits;conducting a financial audit;organise financial audits;carry out financial audits,,,"Evaluate and monitor the financial health, the operations and financial movements expressed in the financial statements of the company. Revise the financial records to ensure stewardship and governability."
http://data.europa.eu/esco/skill/8a326ee1-169c-4c44-b38b-8f1bb20ec79b,skill/competence,cross-sector,identify accounting errors,track down accounting errors;find accounting errors;identifying accounting errors;locate accounting errors;identify accounting error;identify account errors,,,"Trace accounts, revise the accuracy of the records, and determine the faults in order to solve them."
http://data.europa.eu/esco/skill/8a43795b-bb38-4f29-91df-a6c92ad4643c,skill/competence,cross-sector,analyse financial performance of a company,evaluate financial performance of a company;investigate financial performance of a company;analyse financial performance of companies;analyze financial performance of a company;review financial performance of a company;analysing financial performance of company;examine financial performance of a company;study financial performance of a company;analyse company financial performance,,,"Analyse the performance of the company in financial matters in order to identify improvement actions that could increase profit, based on accounts, records, financial statements and external information of the market."
http://data.europa.eu/esco/skill/8a9e00a5-b795-4cde-b744-ec2f2ce4ed88,knowledge,sector-specific,clinical psychological treatment,clinical psychological treatment of mental disorders;treatment methods in clincial psychology;clinical psychological treatment of mental illnesses;clinical psychological treatments;treatment in clincial psychology,,,"Treatment methods and intervention strategies used in clinical psychology, such as the treatment of persons with mental illnesses and disorders in different settings, with different clinical symptoms and problems and with different age groups."
http://data.europa.eu/esco/skill/8abdc43c-2bfd-417c-97c2-27fcdaf53171,skill/competence,cross-sector,promote environmental awareness,encourage environmental awareness;endorse environmental awareness;promotion of environmental awareness;advocate environmental awareness;environmental awareness promotion;stimulate environmental awareness;promoting environmental awareness,,,Promote sustainability and raise awareness about the environmental impact of human and industrial activity based on the carbon footprints of business processes and other practices.
http://data.europa.eu/esco/skill/8ad984cf-6506-42ee-8d15-0ac571be0354,skill/competence,sector-specific,use psychoeducation,work with mental health education;apply psychoeducation;use education of mental health;work with psychoeducation;use education of psychotherapy;apply education of psychotherapy;utilize psychoeducation;make use of psychoeducation,,,Work with patients and their families through psychoeducation.
http://data.europa.eu/esco/skill/8add048c-4d51-41c5-8aa2-f57412c4a637,skill/competence,cross-sector,enhance production workflow,bolster production workflow;conduct production workflow improvement activities;augment production workflow;improve production workflow;strengthen production workflow;perform production workflow enhancement activities;boost production workflow;develop logistics plans that enhance production and distribution;carry out production workflow enhancement activities;develop logistics plans that strengthen production and distribution;enhance product workflow,,,Enhance the product workflow by analysing and developing logistics plans that impact production as well as distribution.
http://data.europa.eu/esco/skill/8af15e52-c743-43da-94aa-c4ea52d4f3e8,skill/competence,sector-specific,conduct educational activities,plan educational events;carry out learning activities;conduct education activities;conduct activities in education,,,"Plan, perform and supervise educational activities for a variety of audiences, such as for school children, university students, specialist groups, or members of the public."
http://data.europa.eu/esco/skill/8b0f73ff-d36b-4196-bb83-464c3a6ef07d,knowledge,cross-sector,game theory,conflict resolution theory;game theory for blockchain;rational choice theory;interactive decision theory,,,"The study of mathematical models of strategic decisions among stakeholders. It has applications in all fields of social science, as well as in systems science, computer science and logic. Essential concepts are the Nash Equilibrium and the Prisoner's Dilemma."
http://data.europa.eu/esco/skill/8b4e63f6-0194-4e3b-8dcc-e9636e6276b8,skill/competence,cross-sector,record court procedures,document court operational systems;evidence court operational systems;chronicle court operational systems;monitor court procedures;monitor court operational systems;evidence court procedures;chronicle court procedures;document court procedures,,,"Record all the information necessary for proper record maintenance during court hearings, such as the people present, the case, the evidence presented, the sentence made, and other important matters which were brought up during the hearing."
http://data.europa.eu/esco/skill/8b5962d7-b195-4459-addb-d15a48cc4b64,skill/competence,cross-sector,interpret spoken language between two parties,interpreting spoken language between two parties;deliver spoken interpretation between two parties;interpreting spoken languages between two parties;generate spoken interpretation between two parties;provide spoken interpretation between two parties;interpret spoken languages between two parties,,,Convert one spoken language to another in order to ensure the communication between two parties who do not speak a common language.
http://data.europa.eu/esco/skill/8b7409b0-e18e-4dfc-9ad9-8ddbcce38849,skill/competence,cross-sector,keep records of customer interaction,retain records of customer interaction;keep records of customer interactions;hold records of customer interaction;store records of customer interaction;keep a record of customer interaction;save records of customer interaction;keeping records of customer interaction,,,"Recording details of inquiries, comments and complaints received from customers, as well as actions to be taken."
http://data.europa.eu/esco/skill/8b8ed44b-5d29-4a42-a87f-a77739b5bfcd,skill/competence,sector-specific,promote employment policy,stimulate recruitment policy;encourage recruitment policy;advocate employment policy;boost recruitment policy;boost employment policy;advocate recruitment policy;encourage employment policy;stimulate employment policy,,,"Promote the development and implementation of policies which aim to improve employment standards, and reduce unemployment rates, in order to acquire governmental and public support."
http://data.europa.eu/esco/skill/8b9332c7-2551-4527-9a64-a615713d8b02,skill/competence,cross-sector,evaluate employees,make evaluation of employees;evaluate casino workers;gather information about employees;evaluate workers at casino;give exams to employees;evaluate casino employees;assess casino staff;test employees;assess employees;make assessment of employees,,,Analyse employees' individual performances over a certain time span and communicate your conclusions to the employee in question or higher management. Evaluate achievements of staff members.
http://data.europa.eu/esco/skill/8b94aa1e-89c9-459d-b3b4-1dfab8dec2df,skill/competence,sector-specific,use software libraries,utilise software libraries,,,Utilise collections of codes and software packages which capture frequently used routines to help programmers simplify their work.
http://data.europa.eu/esco/skill/8bad61b8-75f7-4bdc-b994-f7158f4b90f0,skill/competence,cross-sector,set organisational policies,establish organizational policies;set organisational policy;set organizational policies;set organizational policy;participate in setting organisational policies;establish organisational policy;establish organisational policies;participate in setting organizational policies,,,"Participate in setting organisational policies that cover issues such as participant eligibility, program requirements, and program benefits for the service users."
http://data.europa.eu/esco/skill/8bbdb795-0deb-478f-91e4-5238867ed8ba,knowledge,sector-specific,blockchain terminology,blockchain terms;terminology of blockchain,,,"The terms used in blockchain sector which include account, attestation, block, Byzantine fault, coin, consensus, crypto-, decentralized application (DApp), DeFi, digital identity, distributed ledger, encryption, ether, fork, hyperledger, Merkle tree, mining, node, NFT, Proof of Authority, Proof of Stake, Proof of Work, public/private blockchain, trustless, validity proof, 51% attack, etc."
http://data.europa.eu/esco/skill/8bc11ec8-90a3-4d4d-aba3-1c48c71e8fe2,skill/competence,occupation-specific,manage third-party logistics providers,manage a third-party logistics provider;supervise third-party logistics providers;oversee third-party logistics providers;regulate third-party logistics providers;third-party logistics provider management;maintain third-party logistics providers;managing third-party logistics providers,,,Coordinate service providers related to warehousing and transportation.
http://data.europa.eu/esco/skill/8bc75dce-beba-40f9-93fc-66c9708ed74b,skill/competence,cross-sector,advise on efficiency improvements,give recommendations on efficiency improvements;counsel on efficiency improvements;advise on improving efficiency;advise on efficiency improvement;offer suggestions on efficiency improvements;advising on efficiency improvements,,,Analyse information and details of processes and products in order to advise on possible efficiency improvements that could be implemented and would signify a better use of resources.
http://data.europa.eu/esco/skill/8bdc520c-6293-4e99-bf6f-a44d5da3ebcb,skill/competence,cross-sector,monitor legislation developments,oversee legislation developments;monitor development of policies;observe legislation developments;monitor development of legislation;monitor policies development;oversee policies development,,,"Monitor changes in rules, policies and legislation, and identify how they may influence the organisation, existing operations, or a specific case or situation."
http://data.europa.eu/esco/skill/8c1e6867-3404-4676-ab79-8ad6fa55d9a4,skill/competence,sector-specific,engage with offenders,cooperate with offender;engage with offender;work with offenders;cooperate with offenders,,,"Work with offenders to promote social change, challenge their offending behaviour and stop its recurrence."
http://data.europa.eu/esco/skill/8c4b7305-4b83-4586-9d42-2817f96c60ea,skill/competence,cross-sector,pose questions referring to documents,pose document related questions;posing questions referring to documents;ask questions referring to documents;pose questions referring to document;put forward questions referring to documents,,,"Revise and formulate questions in regards to documents in general. Investigate about the completeness, confidentiality measures, style of the document, and specific instructions to handle documents."
http://data.europa.eu/esco/skill/8c4c49d4-9708-433f-8ca7-bf2c5211ee49,skill/competence,cross-sector,develop creative ideas,produce creative ideas;generate creative ideas;developing creative ideas;create creative ideas,,,Developing new artistic concepts and creative ideas.
http://data.europa.eu/esco/skill/8c855071-e09d-4f08-9af9-bdc9de6d909e,skill/competence,cross-sector,perform media outlets research,perform media outlet research;perform research on media outlets;conduct media outlets research;performing media outlets research;do media outlets research,,,Research what will be the best and most effective way to reach the majority of consumers by defining the target audience and the type of media outlet that better fit with the purpose.
http://data.europa.eu/esco/skill/8c87a050-08f8-4c3a-804e-b41a465553bc,skill/competence,sector-specific,communicate with jury,engage with jurors;engage with jury;interact with jury;speak with jurors;speak with jury;interact with jurors,,,"Communicate with the jury of a court hearing in order to ensure they're fit for jury duty in the trial, will be able to remain impartial and make sound decisions, and to ensure they are briefed on the case and are aware of the court procedures."
http://data.europa.eu/esco/skill/8d202e22-85e9-47b1-a1e0-3296d17244cd,skill/competence,cross-sector,observe confidentiality,look at confidentiality;look at covert actions;view covert actions;oversee covert actions;oversee confidentiality;view confidentiality,,,Observe the set of rules establishing the nondisclosure of information except to another authorised person.
http://data.europa.eu/esco/skill/8d4271ca-c9fd-40b3-875f-15f78332a49e,knowledge,cross-sector,quality standards,quality standards for products,,,"The national and international requirements, specifications and guidelines to ensure that products, services and processes are of good quality and fit for purpose."
http://data.europa.eu/esco/skill/8d5ee30c-4b1c-465f-84a1-7bb7a05aaca6,skill/competence,occupation-specific,monitor banking activities,monitor financial affairs;monitor economic affairs;monitor investment activities,,,Supervise and review banking activities such as lending and other transactions to ensure legality of these actions.
http://data.europa.eu/esco/skill/8d68f734-078b-4df5-b346-b75a2b1814b6,skill/competence,sector-specific,evaluate clinical psychological measures,measure the impact of clinical psychological tests;evaluate the impact of a psychological measure;analyse clinical psychological investigations;evaluate the impact of psychological measures;evaluate clinical psychological investigations;evaluate the outcome of psychological measures;assess clinical psychological measures,,,Evaluate the provided clinical psychological measures in order to assess their impact and their outcomes taking into account the patients` feedback.
http://data.europa.eu/esco/skill/8d927aab-9202-4c02-9f39-5d478458f25c,skill/competence,sector-specific,assess social service users' situation,assess social service user's situation;assess social service users' situations;identify healthcare service users needs;assess social service users' asociated risks,,,"Assess the social situation of service users situation balancing curiosity and respect in the dialogue, considering their families, organisations and communities and the associated risks and identifying the needs and resources, in order to meet physical, emotional and social needs."
http://data.europa.eu/esco/skill/8dba2a16-2804-4d60-a385-73c0734db749,skill/competence,occupation-specific,coordinate automotive repair and maintenance service,coordinating automotive repair and maintenance service;coordinate automotive repair and maintenance servicing;preserve automotive repair and maintenance service;manage automotive repair and maintenance service;coordinate automotive repair and maintenance services;sustain automotive repair and maintenance service;control automotive repair and maintenance service,,,Coordinate the repair and maintenance services for automobiles and pursue the maximum usage of automotive repair equipment.
http://data.europa.eu/esco/skill/8dcbcabe-09f7-4d11-940d-125af57bbc40,skill/competence,cross-sector,track key performance indicators,undertake key performance indicators;complete key performance indicators;implement key performance indicators;track a key performance indicator;tracking a key performance indicator;tracking key performance indicators,,,"Identify the quantifiable measures that a company or industry uses to gauge or compare performance in terms of meeting their operational and strategic goals, using preset performance indicators."
http://data.europa.eu/esco/skill/8df59017-f8e3-4a48-b321-79a38c597748,skill/competence,cross-sector,manage tests,supervise exams;oversee exams;manage test;oversee tests;supervise examinations;manage exams;manage examinations;supervise tests;managing tests;oversee examinations,,,"Develop, administer and evaluate a specific set of tests relevant to the organisation's activities and customers."
http://data.europa.eu/esco/skill/8e261d1c-12c0-498e-bfc2-ec0c16496c68,knowledge,cross-sector,crisis intervention,intervention in crisis;coping mechanisms in cases of crisis;coping strategies in crisis cases,,,Coping strategies in crisis cases which allow individuals to overcome their problems or fears and avoid psychological distress and breakdown.
http://data.europa.eu/esco/skill/8e5a3be5-8bbe-470e-8863-1be9539e0647,skill/competence,sector-specific,select artwork developed by staff members,select artwork developed by members of staff;select artwork developed by staff;choose artwork designs developed by staff collaborators;choose designs elaborated by staff members,,,"Review and approve designs, artwork, photography, and graphics developed by other staff members."
http://data.europa.eu/esco/skill/8e839bce-38f0-472d-8792-9b7c12b197ef,knowledge,cross-sector,behavioural disorders,behaviour disorders;behavioural problem;behavioural disorder;behavioral disorders;behavioural delay;behavioural difficulty,,,"The often emotionally disruptive types of behaviour a child or adult can show, such as attention deficit hyperactivity disorder (ADHD) or oppositional defiant disorder (ODD)."
http://data.europa.eu/esco/skill/8eab4e4f-03f8-4a66-a830-ec4e5db43253,skill/competence,sector-specific,prescribe medication,prescribe medicinal products;write prescriptions for medication;prescribe medications,,,"Prescribe medications, when indicated, for therapeutic effectiveness, appropriate to the client`s needs and in accordance with evidence-based practice, national and practice protocols and within scope of practice."
http://data.europa.eu/esco/skill/8ebb2c0a-0baa-43bf-95cf-094047c57427,skill/competence,cross-sector,maintain professional administration,keep professional administration documents;organise professional administration records;maintaining professional administration,,,"File and organise professional administration documents comprehensively, keep customer records, fill in forms or log books and prepare documents about company-related matter."
http://data.europa.eu/esco/skill/8efa6a7a-6556-4cb8-908d-59d3b5c58d2f,knowledge,sector-specific,cloud monitoring and reporting,cloud monitoring;cloud computing monitoring and reporting;cloud reporting,,,"The metrics and alarms utilizing cloud monitoring services, in particular performance and availability metrics."
http://data.europa.eu/esco/skill/8f1a24be-d770-470d-94c8-d074f4087754,knowledge,sector-specific,"hardware, plumbing and heating equipment products","hardware, plumbing and heating equipment stock;hardware, plumbing and heating equipment commodities;hardware, plumbing and heating equipment brands;hardware, plumbing and heating equipment parts",,,"The offered hardware, plumbing and heating equipment products, their functionalities, properties and legal and regulatory requirements."
http://data.europa.eu/esco/skill/8f32e02a-9290-47ab-ad28-6567bfc2f17a,skill/competence,sector-specific,design process for blockchain-based systems,design of a blockchain-based system;design process for blockchain technology;design process for blockchain application architecture,,,"Design processes for blockchain-based systems which involves the clear identification of problems to be solved through blockchain, specifying the business requirements, identifying a consensus mechanism, choosing the most suitable blockchain platform, designing the blockchain nodes, planning the blockchain configuration, building blockchain APIs, designing user interfaces, and integrating accelerators for optimization."
http://data.europa.eu/esco/skill/8f370faa-4123-4bdd-8dd3-304edd188076,skill/competence,sector-specific,make price recommendations,making price recommendations;produce price recommendations;agree price recommendations;make a price recommendation;create price recommendations;making a price recommendations,,,"Make price recommendations based on factors such as standard costs, promotions, freight, margin expectations, and customer relationships."
http://data.europa.eu/esco/skill/8f585def-6ade-41b3-b897-3d71fba4151d,knowledge,cross-sector,alternative energy,alternative energy sources,,,Sources of energy that do not originate from fossil fuels and have few greenhouse emissions.
http://data.europa.eu/esco/skill/8f5d6a1b-32fa-4c3f-b3d6-5f070d2e0f74,knowledge,sector-specific,therapy in health care,therapy in healthcare;counseling in healthcare;therapy in health-care;counselling in health care;counselling in healthchare;counseling in health care,,,"The principles, methods, and procedures for diagnosis, treatment, and rehabilitation of physical and mental dysfunctions."
http://data.europa.eu/esco/skill/8f9e8842-94f3-48d5-8d09-c43829bcabc5,skill/competence,cross-sector,liaise with shareholders,liaising with shareholders;liaise with shareholder;work together with shareholders;cooperate with shareholders;collaborate with shareholders,,,"Communicate and serve as communication point with shareholders in order to provide an overview on their investments, returns, and long-term plans of the company to increase profitability."
http://data.europa.eu/esco/skill/8fa840f7-e66a-4370-8e6d-7d554260c31c,skill/competence,sector-specific,forecast future ICT network needs,foresee future ICT network demands;estimate future ICT network needs,,,Identify current data traffic and estimate how growth will affect the ICT network.
http://data.europa.eu/esco/skill/8faefbc1-4745-4b3f-9889-81cd1d40b67c,skill/competence,sector-specific,evaluate tender,ensure legal compliance in tenders;ensure legal compliance in tender proposals;ensure objective assessment in tender proposals;assess tender proposals;evaluate tender proposals,,,"Ensure that tenders are assessed in an objective and legally compliant way and against exclusion, selection and award criteria defined in the call for tender. This includes identifying the Most Economically Advantageous Tender (MEAT)."
http://data.europa.eu/esco/skill/8fc6af8a-e0c3-4011-bf36-fa5997502c08,skill/competence,occupation-specific,provide support to authors,providing support to authors;offer support to authors;support authors;provide support to author,,,Provide support and advice to authors during the whole creation process until the release of their book and maintain good relations with them.
http://data.europa.eu/esco/skill/8fcf2beb-b6f1-4517-8649-84096e011042,skill/competence,sector-specific,improve customer interaction,improving customer interaction;design better customer interaction;rejuvenate customer interaction;improve a customers' interaction;customer interaction improvement;modify customer interaction;better customer interaction,,,Permanently refine and improve the quality of customer interaction and customer satisfaction; make continuous efforts to improve business standards.
http://data.europa.eu/esco/skill/8fd96f45-e2ff-48e3-8829-5f25684993b9,skill/competence,sector-specific,write storylines,write storyline;create storylines;writing storylines;compose storylines,,,"Write the plot of a novel, play, film, or other narrative form. Create and develop characters, their personalities, and relationships."
http://data.europa.eu/esco/skill/8ff015a0-98ea-4d80-a23e-1f68110a919e,knowledge,sector-specific,software design methodologies,software design approaches;software design techniques,,,"The methodologies such as Scrum, V-model and Waterfall to design software systems and applications."
http://data.europa.eu/esco/skill/901105f8-3a08-453e-b1dc-23619e317fd3,skill/competence,cross-sector,create flowchart diagram,generate flow chart;develop flow diagram;design flow diagram;compose flow diagram;develop flow chart;build flow diagram;design flow chart;build flowchart;compose flow chart;generate flow diagram,,,Compose a diagram that illustrates systematic progress through a procedure or system using connecting lines and a set of symbols.
http://data.europa.eu/esco/skill/9013b46e-5a9b-4929-8918-fcadfdfd37ce,skill/competence,cross-sector,supervise daily information operations,supervise daily info operations;supervise daily information operation;manage daily information operations;direct daily information operations;oversee daily information operations;supervising daily information operations,,,Direct daily operations of different units. Coordinate program/project activities to assure the respect of costs and time.
http://data.europa.eu/esco/skill/90267570-aad1-4c54-9c9c-5a1a5847a819,skill/competence,cross-sector,advise on training courses,provide information on possible training options;provide consultancy service on training courses;advise on trainings;provide information on training courses;provide guidance on training courses;inform on training courses;advise on training course,,,"Provide information on possible training options or qualifications and available funding resources, depending on the needs and educational background of the individual."
http://data.europa.eu/esco/skill/902fb91c-3113-4004-9b4f-79aa86b638b7,knowledge,sector-specific,web application security threats,open web application security project;OWASP,,,"The attacks, vectors, emergent threats on websites, web applications and web services, the rankings of their severity identified by dedicated communities such as OWASP."
http://data.europa.eu/esco/skill/9035afc4-5317-455d-ab60-f32e2ecc6bfc,knowledge,sector-specific,blockchain platforms,blockchain ecosystems;blockchain infrastructures,Corda;Hyperledger;Ripple;Ethereum;openLedger;openChain,,"The different integrated infrastructures, each with their own characteristics, that allow the development of blockchain applications. Examples are multichain, ehtereum, hyperledger, corda, ripple, openchain, etc."
http://data.europa.eu/esco/skill/90398aca-82b7-4f56-8e0f-814d949162b4,skill/competence,cross-sector,coordinate marketing plan actions,coordinate marketing plan action;coordinating marketing plan actions;coordinate actions of marketing plan;manage marketing plan actions;oversee marketing plan actions,,,"Manage the overview of the marketing actions such as the marketing planning, internal financial resource granting, advertising materials, implementation, control, and communication efforts."
http://data.europa.eu/esco/skill/905b6acd-377b-46b9-9d80-e47e9ca789ca,knowledge,cross-sector,financial markets,financial market;fiscal markets;money markets;finance markets,,,The financial infrastructure which permits trading securities offered by companies and individuals govern by regulatory financial frameworks.
http://data.europa.eu/esco/skill/905e8db4-0429-4abf-a11d-8df2547f4cff,skill/competence,sector-specific,work on the effects of abuse,address the effects of abuse;treat the effects of abuse;work on the effects of past abuse;work on trauma caused by abuse,,,"Work with individuals on the effects of abuse and trauma; such as sexual, physical, psychological, cultural and neglect."
http://data.europa.eu/esco/skill/906323f4-00c4-4c3b-ab5a-8af77be3456e,skill/competence,cross-sector,create data sets,data set creation;establish data sets;create a data set;produce data sets;design data sets;develop data sets;creating data sets,,,Generate a collection of new or existing related data sets that are made up out of separate elements but can be manipulated as one unit.
http://data.europa.eu/esco/skill/906c9e66-bdee-4f8e-93d7-88d9fcf39a0a,skill/competence,cross-sector,fix meetings,arrange meetings;schedule meetings;fix meeting;organise meetings;fixing meetings,,,Fix and schedule professional appointments or meetings for clients or superiors.
http://data.europa.eu/esco/skill/9072e955-3c24-408e-a069-15f3fb012e72,skill/competence,cross-sector,advise on medical device features,advise on features of a medical device;inform on medical device's functions;explain features of medical devices;advise on features of medical device;give advice on features of medical device;provide information on medical device's features;advise on features of medical devices,,,"Provide information on how the medical device is functioning, what are its features, advantages and usability terms."
http://data.europa.eu/esco/skill/9091c8e5-9357-4c29-bceb-ddb1792c22e8,skill/competence,cross-sector,advise on conflict management,advise on conflicts' management;provide conflict management recommendations;advise on management of conflicts;suggest conflict management solutions,,,"Advise private or public organisations on monitoring possible conflict risk and development, and on conflict resolution methods specific to the identified conflicts."
http://data.europa.eu/esco/skill/909a28ce-d4b6-4567-9b74-d111f1ed9633,skill/competence,sector-specific,maintain plan for continuity of operations,maintain a systematic plan of methods for business continuity,,,"Update methodology which contains steps to ensure that facilities of an organisation are able to continue operating, in case of broad range of unforeseen events."
http://data.europa.eu/esco/skill/90a7db00-9262-482d-b50c-12d12b7a7d98,skill/competence,sector-specific,manage health promotion activities,operate health promotion activities;oversee health promotion activities;manage health promotion;plan health promotion activities;conduct health promotion activities;implement health promotion activities;supervise health promotion activities;administer health promotion activities;promote health programs;direct health promotion activities;manage health promotion actions;manage health promotion activity,,,"Plan, implement and evaluate health promotion activities and projects in different settings such as kindergarten and school, workplace and business, social living environment and primary health care, particularly in the context of projects."
http://data.europa.eu/esco/skill/90be83d9-56f1-46a4-a6bc-96c51f6c9025,skill/competence,sector-specific,acquire system component,procure system component;obtain system component,,,"Obtain hardware, software or network components which match other system components in order to expand it and perform necessary tasks."
http://data.europa.eu/esco/skill/90ccd1bc-af3f-4c04-b2dd-bef2ba62905d,skill/competence,sector-specific,advise on mental health,counsel on mental health;advise on psychic health;advise on aspects of mental health;provide counselling on mental health;offer counselling on mental health;advise on health-promoting aspects,,,"Advise persons of all ages and groups in terms of the health-promoting aspects of individual behaviour and institutions with regard to the personal, social and structural factors on physical and mental health."
http://data.europa.eu/esco/skill/90cf93e8-5714-4be9-8fc8-c9e9f68e6c6d,skill/competence,sector-specific,work on psychosomatic issues,treat psychosomatic issues;work on psychosomatic problems;address psychosomatic issues;work on medically unexplained symptoms,,,Work with body and mind issues such as the spectrum of human sexuality and psychosomatic ailments.
http://data.europa.eu/esco/skill/90d7e643-1171-4e00-977f-de464d388b60,skill/competence,sector-specific,provide counselling on abortion,provide termination of pregnancy counsel;provide pregnancy termination counselling;offer termination of pregnancy counselling;give termination of pregnancy counselling;provide termination of pregnancy counseling,,,"Provide information and counselling services to young women facing the decision of undertaking abortion, discussing about the causes and consequences and helping them make an informed decision."
http://data.europa.eu/esco/skill/91003b4a-f2aa-4472-a9c1-4597abb518f2,knowledge,cross-sector,insolvency law,bankruptcy regulations;insolvency regulations;bankruptcy rules;bankruptcy statutes;insolvency statutes;insolvency rules,,,The legal rules regulating the incapacity to pay debts when they fall due.
http://data.europa.eu/esco/skill/911e13ee-1eec-4243-88c8-3c08a3681a19,skill/competence,cross-sector,manage resources,coordinate resources;resources management;management of resources,,,"Manage personnel, machinery and equipment in order to optimise production results, in accordance with the policies and plans of the company."
http://data.europa.eu/esco/skill/9136cbf1-7916-4f1c-bc9a-0318ee1d6016,knowledge,sector-specific,human-computer interaction,HCI,,,The study of the behaviour and interaction between digital devices and human beings.
http://data.europa.eu/esco/skill/913e7e83-b8f8-4574-b1ca-1b38f3fd974a,skill/competence,sector-specific,execute software tests,test application;test programs,,,"Perform tests to ensure that a software product will perform flawlessly under the specified customer requirements and identify software defects (bugs) and malfunctions, using specialised software tools and testing techniques."
http://data.europa.eu/esco/skill/91816e1a-d026-4d21-9b1c-59ca5cf488de,skill/competence,cross-sector,analyse internal factors of companies,evaluate internal factors of companies;analyse internal factors of company;study internal factors of companies;examine internal factors of companies;analyse companies' internal factors;analyze internal factors of companies;analysing internal factors of companies;review internal factors of companies,,,"Research and understand various internal factors that influence the operation of companies such as its culture, strategic foundation, products, prices, and available resources."
http://data.europa.eu/esco/skill/918f5211-b99f-4b29-9a34-6e475583ef55,skill/competence,cross-sector,write work-related reports,produce work-related reports;compose work-related reports;write reports;present reports on work activities;perform work-related reporting;write work reports;carry out work-related reporting;develop reports on work activities;complete work-related reports;undertake work-related reporting;create work-related reports,,,Compose work-related reports that support effective relationship management and a high standard of documentation and record keeping. Write and present results and conclusions in a clear and intelligible way so they are comprehensible to a non-expert audience.
http://data.europa.eu/esco/skill/9190d87f-9792-42e0-bb7f-64294a656bcd,skill/competence,sector-specific,monitor system performance,system logging,,,"Measure system reliability and performance before, during and after component integration and during system operation and maintenance. Select and use performance monitoring tools and techniques, such as special software."
http://data.europa.eu/esco/skill/9194696f-8a5a-4f7b-bf8a-a680da41c320,knowledge,cross-sector,forming of public opinion,forming of public's opinion;manufacturing of public opinion;shaping of public opinion;forming of public opinions,,,"The process whereby perceptions and opinions toward something are forged and enforced. The elements that play a role in public opinion such as framing information, psyche processes, and herding."
http://data.europa.eu/esco/skill/91abe492-18be-4cce-93c7-0dca07072363,skill/competence,cross-sector,meet deadlines,achieve deadlines;meet a deadline;conform with deadlines;make deadlines;complete deadlines,,,Ensure operative processes are finished at a previously agreed-upon time.
http://data.europa.eu/esco/skill/91ba97f5-7518-4638-b2d2-308996db3cf8,skill/competence,cross-sector,perform image editing,implement image editing;image editing performance;complete image editing;undertake image editing;performing image editing,,,Edit various types of images such as analogue and digital photographs or illustrations.
http://data.europa.eu/esco/skill/91be6910-bd67-4e1f-95b0-32513b399b24,skill/competence,cross-sector,communicate problems to senior colleagues,give feedback to senior colleagues regarding problems or issues;speak to senior colleagues about problems or issues;speak with senior colleagues;communicate issues to senior colleagues;communicate non-conformities to senior colleagues;engage in dialogue with senior colleagues on problems or issues;communicate with senior colleagues;communicate non-conformities,,,Communicate and give feedback to senior colleagues in the event of problems or non-conformities.
http://data.europa.eu/esco/skill/91dd8397-063d-499c-83b9-0603a10d94ac,knowledge,cross-sector,writing techniques,writing technique;writing practices;writing methods;writing procedures,,,"The different techniques to write a story such as the descriptive, persuasive, first person and other techniques."
http://data.europa.eu/esco/skill/91fe9c5b-7c12-4835-ad9c-6cae970187fa,skill/competence,sector-specific,influence legislators,dominate law makers;pressure law makers;dominate legislators;pressure legislators;control law makers;control legislators,,,"Influence the organisations and individuals involved in the process of making or changing legislation and laws in order to obtain a desired result, by identifying which parties would be best to contact and using persuasive methods to influence their actions and decisions."
http://data.europa.eu/esco/skill/9242ad54-dc3d-41b3-9cfe-142fa8582511,knowledge,cross-sector,brand marketing techniques,brand marketing technique;brand marketing skills;marketing technique brand;brand marketing methods;brand marketing approaches;a brand marketing technique;brand marketing performance,,,The methods and systems used in researching and establishing a brand identity for marketing purposes.
http://data.europa.eu/esco/skill/925463a7-d51f-4d5b-9f79-4d28cf30acde,knowledge,sector-specific,integrated development environment software,Zeus IDE;Borland C++ Builder;CodeForge;Dev-C++;DialogBlocks;CodeLite;Anjuta;Philasmicos Entwickler Studio;SPE;NetBeans;MinGW Developer Studio;wxHatch;IDE;Code::Blocks,Zeus IDE;Dev-C++;NetBeans;Android Studio;CodeLite;RStudio;Visual Studio Code;IntelliJ IDEA;Anjuta;wxHatch;LabVIEW;Code::Blocks;Borland C++ Builder;SPE;CodeForge;Philasmicos Entwickler Studio;VisualWX;DialogBlocks;MinGW Developer Studio,,"The suite of software development tools for writing programs, such as compiler, debugger, code editor, code highlights, packaged in a unified user interface, such as Visual Studio or Eclipse."
http://data.europa.eu/esco/skill/925cb6fb-9506-48a5-9106-400088a4a436,skill/competence,cross-sector,arrange audit,arrange audits;organise audit;arranging audit;prepare audit;plan audit;manage audit,,,"Arrange a systematic examination of books, accounts, documents, and vouchers to ascertain how far the financial statements present a true and fair view, and to ensure that the books of accounts are properly maintained as required by law."
http://data.europa.eu/esco/skill/92721092-fe7c-4689-96bd-4f02385bc0e7,skill/competence,cross-sector,manage contracts,supervise manage contracts;managing a contract;regulate manage contracts;oversee manage contracts;manage a contract;maintain manage contracts;contract management,,,"Negotiate the terms, conditions, costs and other specifications of a contract while making sure they comply with legal requirements and are legally enforceable. Oversee the execution of the contract, agree on and document any changes in line with any legal limitations."
http://data.europa.eu/esco/skill/929e89f9-ac69-4bcb-9eea-37257aa5aff9,skill/competence,sector-specific,prepare for job interview,assist with job interview preparation;help with job interview preparation;preparing for job interview,,,"Make someone ready to deal with job interviews, by advising on communication, body language and appearance, going through frequently asked questions, and identifying personal and professional strengths and weaknesses."
http://data.europa.eu/esco/skill/92c1f0ea-f4e0-4dc5-9557-27ac896f2425,skill/competence,sector-specific,investigate competition restrictions,examine trade restrictions;check trade restrictions;analyse trade restrictions;scrutinise competition restrictions;scrutinise trade restrictions;analyse competition restrictions;examine competition restrictions;check competition restrictions,,,"Investigate practices and methodologies used by businesses or organisations which restrict free trade and competition, and which facilitate market dominance by a single firm, in order to identify the causes and come up with solutions to ban these practices."
http://data.europa.eu/esco/skill/92d04a10-eff2-4190-b5da-85e419f8ebbd,skill/competence,cross-sector,translate spoken language simultaneously,translating spoken language simultaneously;generate spoken translation simultaneously;simultaneously translate spoken language;deliver spoken translation simultaneously;simultaneously translating spoken language;provide spoken translation simultaneously,,,Translate what a speaker says accurately and completely at the same rate of speech without any lag time.
http://data.europa.eu/esco/skill/92e4064a-a93c-4e22-a63b-8da91757b90c,skill/competence,cross-sector,detect bottlenecks,identify congestion in the supply chain;recognise bottlenecks;identify bottlenecks;detect;detect supply chain impediments;identify bottlenecks in supply chains;notice bottlenecks;recognise blockages in the supply chain;identify supply chain impediments;detect bottlenecks in supply chains;recognise bottlenecks in supply chains;detect congestion in the supply chain;recognise supply chain congestion,,,Identify bottlenecks in the supply chain.
http://data.europa.eu/esco/skill/931b92cb-5705-4b6f-be86-36d8264e75d0,skill/competence,cross-sector,select subject matter,settle on subject matter;choose subject matter;selecting subject matter;decide on subject matter;select subject,,,"Select subject matter based on personal or public interest, or ordered by a publisher or agent."
http://data.europa.eu/esco/skill/935f7adb-b7fb-474f-a509-cddee89889d1,skill/competence,sector-specific,review unpublished articles,review articles;correct articles;read article;edit articles;read articles;reading articles,,,Read unpublished articles thoroughly to look for errors.
http://data.europa.eu/esco/skill/938fe4d7-623b-43f6-83b4-c818f3d3c130,skill/competence,sector-specific,carry out an autopsy,carry out post-mortem examinations;carry out autopsies;carry out necropsy;perform autopsy;carry out autopsy;perform post-mortem examinations;perform autopsia cadaverum;perform necropsy,,,"Open the deceased person`s body and remove the organs for examination, interpreting the findings in the context of the clinical history."
http://data.europa.eu/esco/skill/93aaf65c-5aad-4e6f-a7ba-ce9bf7c0e6e6,knowledge,sector-specific,information categorisation,design of information structures;information classification,,,The process of classifying the information into categories and showing relationships between the data for some clearly defined purposes.
http://data.europa.eu/esco/skill/93b22bbf-ece1-4e2d-8d47-0c9392c5a4fd,skill/competence,cross-sector,develop blockchain technology,incorporate blockchain technology;integrate blockchain technology,,,"Develop and integrate blockchain technology in new or existing ICT infrastructures, and understand the key challenges and solution approaches to this integration."
http://data.europa.eu/esco/skill/93d61edc-e7a2-46d5-a75d-2b12f68110c1,knowledge,sector-specific,rural development strategies,rural development,,,Practical approaches that are collectively used as responses to development needs in rural areas.
http://data.europa.eu/esco/skill/93e65de1-923c-437e-aa5b-e6002967ce71,knowledge,sector-specific,web based collaborative platforms,digital collaboration tools;online collaborative tools,Microsoft SharePoint Server,,Online tools which facilitate communication and collaboration among Internet users in real time. Platforms with a range of functionalities created to facilitate organisational team work or promote productive workflow among other features.
http://data.europa.eu/esco/skill/93f1caa3-df33-4de7-98da-40f5fc30fd52,knowledge,cross-sector,forensic intelligence,forensic judgement;juristic investigation;juristic understanding;forensic understanding;juristic judgement;forensic investigation,,,The procedures and methodology of gathering and analysing forensic intelligence and data for investigative purposes.
http://data.europa.eu/esco/skill/940a70fa-7c58-423b-8d03-34920b59f0f7,skill/competence,cross-sector,manage processes,regulate processes;maintain processes;manage a process;managing a process;oversee processes;managing processes;supervise processes,,,"Manage processes by defining, measuring, controlling and improving processes with the goal to meet customer requirements profitably."
http://data.europa.eu/esco/skill/941438bd-cc03-4326-91bf-677157dca170,skill/competence,cross-sector,support social service users to live at home,support social care service users to live at home;support service users to live at home;support users of social care services to live at home;improve sociale service users' ability to live at home;improve social services users' ability to live at home;help social services users to live at home,,,"Support social service users to develop their own personal resources and work with them to access additional resources, services and facilities."
http://data.europa.eu/esco/skill/9433da85-70fa-4a25-8f96-71fa59dd1989,knowledge,cross-sector,biology,fundamentals of biology;fundamentals of biological science;basics of biological science;first principles of biological science;basics of biology;science of biology;first principles of biology;field of biology;field of biological science,,,"Tissues, cells, and functions of plant and animal organisms and their interdependencies and interactions with each other and the environment."
http://data.europa.eu/esco/skill/945b8655-5577-4c3a-946a-842d4527afa8,knowledge,cross-sector,digital image processing,digital image processing practices;digital image manipulation;aliasing for digital image processing;image interpolation for digital image processing;digital image manipulation aspects,,,"The different aspects and practices of image processing and manipulation like image interpolation, aliasing, image enhancement, contrast stretching, histogram processing and equalization, singular value decomposition, singular value equalization, wavelets filtering and many others."
http://data.europa.eu/esco/skill/946034bf-be2b-4568-b3d5-5988735e26e8,skill/competence,sector-specific,manage a good diction,use a good diction;use a rich vocabulary;speak well;managing a good diction,,,Speak clearly and precisely so that others understand exactly what is being said. Pronounce words accurately so as not to make mistakes or unintentionally say something incorrect.
http://data.europa.eu/esco/skill/94758266-bb0f-4e41-bedb-349ecacfaf5c,skill/competence,occupation-specific,create freight rate databases,develop and maintain databases of freight rates;keep and update databases of freight rates;maintain databases of cargo rates;keep and update freight rate databases;develop and maintain freight rate databases;maintain databases of freight rates;maintain cargo rate databases;keep databases of cargo rates;keep databases of freight rates;keep freight rate databases;update databases of freight rates,,,Develop and maintain freight rate databases for use by supply chain departments in order to determine and adopt the most cost-efficient modes of transportation.
http://data.europa.eu/esco/skill/947e6a15-5539-43e2-b62f-6a52fd57e0a0,knowledge,cross-sector,consumer law,consumer protection;customer regulation;customer statute;consumer statute;consumer legislation;customer protection;customer legislation;consumer regulation,,,"The area of law that regulates the relationship between consumer and businesses providing goods or services, including consumer protection and regulations on irregular business practices."
http://data.europa.eu/esco/skill/949ced5f-7536-4614-ac60-563ffc91a2f2,knowledge,cross-sector,strategic planning,strategic plans;tactical planning;strategic plan,,,"The elements defining the foundation and core of an organisation such as its mission, vision, values, and objectives."
http://data.europa.eu/esco/skill/949ee0a9-d22b-4a56-bc7a-7ed35bf0b839,knowledge,sector-specific,reproductive health,functions of reproductive processes;health-related aspects of the reproductive system,,,"The reproductive processes, functions and system at all stages of life under safe and legal conditions, childbearing, modern contraception, sexually transmitted diseases and female genital mutilation."
http://data.europa.eu/esco/skill/94a56423-06a2-4753-b158-4d9231c8293e,skill/competence,sector-specific,define creative components,defining creative components;outline creative components;specify creative components;determine creative components,,,Identify sources of inspiration and strong points. Identify the subject of the art production. Identify the content. Identify creative factors such as performers and music.
http://data.europa.eu/esco/skill/94b2c46e-6338-4a1d-950a-d44eef018c53,skill/competence,cross-sector,collaborate with engineers,cooperate with engineers;collude with engineers;engage with engineers;interface with engineers;interface with servicing operatives;engage with servicing operatives;collude with servicing operatives;cooperate with servicing operatives,,,Work closely and communicate with engineers on designs or new products.
http://data.europa.eu/esco/skill/94b3b5cf-4850-4e6f-9199-a887b9f082c2,skill/competence,sector-specific,coordinate membership work,arrange membership work;regulate membership work;arrange affiliation work;arrange affiliation activity;organise membership work;organise affiliation work;arrange members work,,,"Provide internal coordination for membership work such as oversee implementation of efficient membership processes, systems and strategies and ensure affiliate information is accurate and up to date."
http://data.europa.eu/esco/skill/94dd823c-148e-4614-a6e8-99249b16357d,knowledge,sector-specific,ICT project management,management of IT related projects,,,"The methodologies for the planning, implementation, review and follow-up of ICT projects, such as the development, integration, modification and sales of ICT products and services, as well as projects relating technological innovation in the field of ICT."
http://data.europa.eu/esco/skill/94e3fa6e-54d7-42a8-a3fe-7f1b5f6d14e4,skill/competence,cross-sector,consult with editor,review with editor;consult with editors;discuss with editor;consulting with editor;confer with editor,,,"Consult with the editor of a book, magazine, journal or other publications about expectations, requirements, and progress."
http://data.europa.eu/esco/skill/94f2935b-b4ac-446e-9775-60b4239d016c,skill/competence,cross-sector,interpret psychological tests,obtain information from psychological tests;interpret psychological test;analyse psychological tests;obtain information from psychological test;analyze psychological tests,,,"Interpret psychological tests in order to obtain information on patients' intelligence, achievements, interests, and personality."
http://data.europa.eu/esco/skill/95013213-ee67-493b-86d0-e383e0f72482,knowledge,cross-sector,domestic heating systems,domestic HVAC systems;domestic heating system;domestic home heating systems;domestic household heating systems,,,"The modern and traditional heating systems alimented by gas, wood, oil, biomass, solar power and other renewable energy sources and their energy saving principles."
http://data.europa.eu/esco/skill/9531fe02-1e1f-4a36-95f7-a76a77cd4b8d,skill/competence,sector-specific,consult with business clients,consult with clients of business;consulting with business clients;communicate with business clients;obtain feedback from business clients,,,"Communicate with clients of a business or business project in order to introduce new ideas, obtain feedback, and find solutions to problems."
http://data.europa.eu/esco/skill/956cd4b3-6cf2-4871-b275-9a34a770c633,skill/competence,sector-specific,advise on provision of social services,advise on social service process;instruct on social service process;recommend on social service process;suggest on social service planning and strategy;commend on social service planning and strategy;recommend on social service planning and strategy;suggest on social service process;commend on social service process;instruct on social service planning and strategy,,,"Advise social service organisations on the development and implementation of plans for the provision of social services, determining the objectives, and managing resources and facilities."
http://data.europa.eu/esco/skill/9570e84e-6699-4c9f-9a12-7bc82d53a231,knowledge,cross-sector,public health,population health;principles of health affecting the population;health promotion for the public,,,"The principles of health and sickness affecting the population, including the means for health promotion and prevention and community and primary care."
http://data.europa.eu/esco/skill/958b8802-ec3e-4813-97f7-6c8f48610dbd,skill/competence,sector-specific,identify process improvements,identify improvement actions;develop improvement actions;process improvements identification;identifying of process improvements;determine improvement actions;select improvement actions;process improvement identification;identify business improvement opportunities;plan improvement actions;finding improvement opportunities;compile improvement actions;identify improvement opportunities;identifying process improvements;find improvement opportunities;identifying business improvement opportunities;identifying improvement opportunities;identification of process improvements,,,"Identify possible improvements to operational and financial performance, in order to increase productivity, efficiency, quality, and streamline procedures."
http://data.europa.eu/esco/skill/95d84b77-ba94-492f-a1e6-18be13f16cf0,skill/competence,cross-sector,use computer-aided translation,computer-aided translation use;employ computer-aided translation;using computer-aided translation;apply computer-aided translation;operate computer-aided translation,,,Operate computer-aided translation (CAT) software to facilitate the language translation processes.
http://data.europa.eu/esco/skill/95fc86de-8e74-4753-9344-281179aa74b0,skill/competence,cross-sector,maintain credit history of clients,manage credit history of clients;maintain credit history of client;maintaining credit history of clients;oversee credit history of clients;keep credit history of clients updated;maintain credit histories of clients,,,"Create and maintain the credit history of clients with relevant transactions, supporting documents, and details of their financial activities. Keep these documents updated in case of analysis and disclosure."
http://data.europa.eu/esco/skill/9601b2a8-68e4-4906-9306-a23679b8f0b0,skill/competence,cross-sector,supervise staff,staff recruitment and training;recruit and train staff;supervision staff;supervising of staff;recruitment and training of staff;staff supervision;recruiting and training staff;supervising staff,,,"Oversee the selection, training, performance and motivation of staff."
http://data.europa.eu/esco/skill/965ba49d-e179-4a99-a4c4-6ca8d2e3b716,skill/competence,sector-specific,perform asset recognition,implement asset recognition;classify expenditures as assets;perform revenue recognition,,,Analyse expenditures to verify whether some may be classified as assets in the case where it is likely that the investment will return profit over time.
http://data.europa.eu/esco/skill/96a67da1-881f-4d09-927e-ac75fcff4d93,skill/competence,cross-sector,compile content,organise and retrieve content;collect and arrange content;curate and organize content for targeted media;select and arrange content,,,"Retrieve, select and organise content from specific sources, according to the requirements of the output media such as printed materials, online applications, platforms, websites and video."
http://data.europa.eu/esco/skill/96a6b597-fc62-487e-87f2-de5b67950a3a,skill/competence,cross-sector,calculate dividends,calculate boni;calculate bonuses;calculate profit;calculate profit share,,,"Calculate the payments made by corporations as distribution of their profit to the shareholders, ensuring that the shareholders receive the correct amount in the correct format, meaning in monetary payouts via deposits or via the issuing of further shares or share repurchase."
http://data.europa.eu/esco/skill/96a893b6-4520-4daa-89c1-b79487505da2,knowledge,sector-specific,key risk indicators,key risk indicators for monitoring risk exposure;KRIs for risk prediction;KRIs;key risk prediction indicators;KRIs for crises prevention,,,"The critical predictors of unfavourable events that can adversely impact organizations. They monitor changes in the levels of risk exposure and contribute to the early warning signs that enable organizations to report risks, prevent crises and mitigate them in time."
http://data.europa.eu/esco/skill/96ae5ab6-d696-4d4f-be1c-d02e722c6f55,skill/competence,cross-sector,apply grammar and spelling rules,apply grammar and spelling;follow grammar and spelling rules;respect grammar and spelling rules;adhere to grammar and spelling rules;applying grammar and spelling rules,,,Apply the rules of spelling and grammar and ensure consistency throughout texts.
http://data.europa.eu/esco/skill/96d549bb-3e62-4c45-92a7-f114df089581,skill/competence,cross-sector,analyse supply chain strategies,supply chain management;manage supply chain;improve supply chain;analyze supply chain strategies;examine supply chain strategies;analyse procurement strategies;analyse and improve supply chain strategies;analyse supplies' logistics;analyse supply chain,,,"Examine an organisation's planning details of production, their expected output units, quality, quantity, cost, time available and labour requirements. Provide suggestions in order to improve products, service quality and reduce costs."
http://data.europa.eu/esco/skill/96d901a6-c931-4e8d-b685-a47e1deaaa1b,skill/competence,sector-specific,identify energy needs,identifying energy needs;determine energy needs;energy need determining;energy needs determining;energy need identifying;energy needs identifying;determining energy needs,,,"Identify the type and amount of energy supply necessary in a building or facility, in order to provide the most beneficial, sustainable, and cost-effective energy services for a consumer."
http://data.europa.eu/esco/skill/9707091a-323b-4240-877a-5999a19286f0,skill/competence,sector-specific,apply ICT system usage policies,administer ICT system usage policies;implement ICT system usage policies;handle ICT system usage policies;follow written laws for ICT system usage;follow ethical standards for ICT system usage,,,Follow written and ethical laws and policies regarding proper ICT system usage and administration.
http://data.europa.eu/esco/skill/9710092c-f174-4e84-95bf-2064d39ad7a0,skill/competence,cross-sector,manage content metadata,manage content;manage metadata,,,"Apply content management methods and procedures to define and use metadata concepts, such as the data of creation, in order to describe, organise and archive content such as documents, video and audio files, applications and images."
http://data.europa.eu/esco/skill/9714735d-6f60-440b-bdbc-aaf45ebcbe78,skill/competence,cross-sector,analyse the context of an organisation,analyse context of a business;analyze the context of an organization;assess the context of an organisation,,,Study the external and internal environment of an organisation by identifying its strengths and weaknesses in order to provide a base for company strategies and further planning.
http://data.europa.eu/esco/skill/976455eb-5bbe-4493-ae64-ed16c3b009ea,knowledge,sector-specific,mobile operating systems,Firefox OS;Sailfish OS;Ubuntu Touch OS;Tizen;cell phone operating systems,Firefox OS;Sailfish OS;Tizen;Ubuntu Touch OS,,"The features, restrictions, architectures and other characteristics of operating systems designed to run on mobile devices, such as Android or iOS."
http://data.europa.eu/esco/skill/978657cb-f84f-4ddd-a1c0-36bf7b3b8682,skill/competence,cross-sector,select optimal distribution channel,choose best distribution channel;select optimal channel for distribution;select optimum distribution channel;decide on best method of distribution,,,Choose the best possible distribution channel for the customer.
http://data.europa.eu/esco/skill/978db6a1-7297-4c89-819a-47605f2c3ba8,skill/competence,occupation-specific,manage software releases,approve software release process;analyse and approve software development releases,,,Examine and approve suggested software development releases. Manage further release process.
http://data.europa.eu/esco/skill/97902800-f9e0-4a73-8826-6cc42f874a18,knowledge,cross-sector,green logistics,ecologically friendly logistics;paradigms of green logistics;environmentally friendly logistics;environmentally conscious logistics;green logistics operations;green logistics paradigms;green logistics principles;ecologically conscious logistics;principles of green logistics;green logistics fundamentals,,,The approaches and activities aimed at minimising the ecological impact of logistics activities.
http://data.europa.eu/esco/skill/979cf728-896f-4f2c-8fa8-2698ca0d4930,skill/competence,cross-sector,publish academic research,publishes academic research;publish doctoral research;publishing academic research;publish research;publish academic studies,,,"Conduct academic research, in universities and research institutions, or on a personal account, publish it in books or academic journals with the aim of contributing to a field of expertise and achieving personal academic accreditation."
http://data.europa.eu/esco/skill/97b23993-8836-4e66-9092-19c7b3324e5f,skill/competence,occupation-specific,perform brand analysis,implement brand analysis;complete brand analysis;undertake brand analysis;performing brand analysis;performing a brand analysis;perform a brand analysis,,,Perform quantitative and qualitative analyses of all necessary information in order to evaluate the current state of a brand.
http://data.europa.eu/esco/skill/97b246e3-4f45-4708-9734-cd3158d868cf,skill/competence,sector-specific,demonstrate motivation for sales,display motivation for sales;show motivation for sales;determine motivation for sales;establish motivation for sales;demonstrate the motivation for sales;demonstrating motivation for sales;demonstration of motivation for sales,,,Show incentives that drive someone to reach sales goals and business targets.
http://data.europa.eu/esco/skill/97b713f0-b9e8-4903-8dee-7e0b4019a1c0,knowledge,cross-sector,employment law,employment regulation;employment laws;employment statute;employment rule;employment legislation,,,The law which mediates the relationship between employees and employers. It concerns employees' rights at work which are binding by the work contract.
http://data.europa.eu/esco/skill/97bcbb41-c42b-4777-ab26-1f8f7dcfafd8,skill/competence,sector-specific,negotiate improvement with suppliers,determine improvement with suppliers;discuss improvements with suppliers;negotiate improvement with a supplier;improve relations with suppliers;negotiate an improvement with suppliers;agree improvement with suppliers;negotiate improvements with suppliers,,,Build a good relation with suppliers in order to improve knowledge and quality of supply.
http://data.europa.eu/esco/skill/97bd1c21-66b2-4b7e-ad0f-e3cda590e378,knowledge,cross-sector,data analytics,data anlysis,,,The science of analysing and making decisions based on raw data collected from various sources. Includes knowledge of techniques using algorithms that derive insights or trends from that data to support decision-making processes.
http://data.europa.eu/esco/skill/97c2e91e-3480-4651-a9e3-1c29ddeaa0cb,skill/competence,sector-specific,develop immigration policies,implement immigration policies;implement migration policies;operate immigration policies;produce migration policies;produce immigration policies;operate migration policies;establish migration policies;establish immigration policies,,,"Develop strategies for improved efficiency in immigration and asylum procedures, as well as strategies aiming to end irregular migration and establishing sanctions for those facilitating irregular migration."
http://data.europa.eu/esco/skill/98301d4a-2cc3-439d-8d7f-0b6ac76302bb,knowledge,sector-specific,business process modelling,process modelling;BPMN;business process modeling,,,"The tools, methods and notations such as Business Process Model and Notation (BPMN) and Business Process Execution Language (BPEL), used to describe and analyse the characteristics of a business process and model its further development."
http://data.europa.eu/esco/skill/986512f5-d37a-438f-a59d-c92157ea502b,skill/competence,sector-specific,develop international cooperation strategies,commence international cooperation strategies;establish multi national cooperation strategies;commence multi national cooperation strategies;expand international cooperation strategies;expand multi national cooperation strategies;establish international cooperation strategies,,,Develop plans which ensure a cooperation between international public organisations such as researching different international organisations and their goals and assessing possible alignment with other organisations.
http://data.europa.eu/esco/skill/9889b795-d755-41b2-8afd-2e3c87a65a38,skill/competence,cross-sector,use customer relationship management software,use a customer relationship management software programme;apply customer relationship management software;adopt customer relationship management software;use of customer relationship management software;using customer relationship management software;handle customer relationship management software;operate customer relationship management software,,,"Use specialised software to manage company’s interactions with current and future customers. Organise, automate and synchronise sales, marketing, customer service, and technical support, to increase targeted sales."
http://data.europa.eu/esco/skill/988f4ac3-a37c-4b0a-a40f-4e0e56b5919e,skill/competence,cross-sector,promote the transfer of knowledge,valorise research findings in industry;valorise research findings in the public sector;ensure connection between research and industry,,,"Deploy broad awareness of processes of knowledge valorisation aimed to maximise the two–way flow of technology, intellectual property, expertise and capability between the research base and industry or the public sector."
http://data.europa.eu/esco/skill/98a0c718-40b1-4a4f-a366-b8155f238d9b,skill/competence,cross-sector,promote the safeguarding of young people,promote safe-guarding of young people;promote the safe-guarding of young people;promote safeguarding of young people;advocate for the safeguarding of youth;further the safeguarding of young people;advocate for the safeguarding of young people;further the safeguarding of youth,,,Understand safeguarding and what should be done in cases of actual or potential harm or abuse.
http://data.europa.eu/esco/skill/98a1dec3-8138-4f46-a596-5e2a83b884b9,knowledge,sector-specific,business analytics,business data analytics,,,The disciplines and technologies for solving business problems through employing quantitative methods such as data analysis and statistical models.
http://data.europa.eu/esco/skill/98a57799-0146-4849-a1d2-41021c4b7b8f,knowledge,sector-specific,blockchain applications security principles,security controls for blockchain applications;blockchain security,,,"The essential security principles, methods and controls for blockchain applications. Identity and access management, key management, data privacy, secure communication, smart contract security, and transaction endorsement are included as part of these principles."
http://data.europa.eu/esco/skill/98b32477-cccd-47ea-8c85-d4a16b18af08,skill/competence,sector-specific,assist clients with personal development,help clients with personal development;assist client with personal development;assist with personal development of clients;assisting clients with personal development;aid clients with personal development,,,"Help clients determine what they want to do with their lives and assist in setting personal and professional goals, by prioritising and planning the steps necessary to reach these goals."
http://data.europa.eu/esco/skill/98d4819d-14c0-44c3-8e0c-ced9f002b728,skill/competence,sector-specific,define artistic performance concepts,elucidate performance concepts;define performance concepts;defining performance concepts;explain performance concepts;define performance concept;clarify performance concepts;make performance concepts clear;define concepts of performance,,,"Elucidate performance concepts, such as texts and scores for performers."
http://data.europa.eu/esco/skill/98eb1f3b-3480-416b-bd4b-811946f7e347,skill/competence,sector-specific,comply with quality standards related to healthcare practice,follow quality standards related to healthcare practice;comply with quality standards in healthcare practice;comply with healthcare practice quality standards;comply with quality standards related to health care practice;follow healthcare best practices,,,"Apply quality standards related to risk management, safety procedures, patients feedback, screening and medical devices in daily practice, as they are recognized by the national professional associations and authorities."
http://data.europa.eu/esco/skill/98f14bc9-4eb6-4628-92d2-ed79a649d5c8,skill/competence,occupation-specific,develop occupational classification systems,design occupational classification system;develop job-related classification systems;develop vocational classification systems;design systems for occupational classification;develop employment classification systems;designing occupational classification systems,,,"Design, modify and maintain systems that provide an organised collection of job descriptions."
http://data.europa.eu/esco/skill/99207709-d076-4cce-ba38-e90d3bb28806,knowledge,sector-specific,resource description framework query language,RDF query language;SPARQL,,,The query languages such as SPARQL which are used to retrieve and manipulate data stored in Resource Description Framework format (RDF).
http://data.europa.eu/esco/skill/993b1e23-f2de-4bd8-b33f-f86dde1c8e9d,knowledge,sector-specific,CoffeeScript,CoffeeScript coding techniques;CoffeeScript software development techniques;CoffeeScript programming paradigms;CoffeeScript software development principles;CoffeeScript algorithms,,,"The techniques and principles of software development, such as analysis, algorithms, coding, testing and compiling of programming paradigms in CoffeeScript."
http://data.europa.eu/esco/skill/99474c7c-7096-4ff9-9e87-03db28727b00,skill/competence,occupation-specific,calculate compensation payments,calculate reimbursement payments;calculate repayments;calculate coverage payments;calculate remuneration;calculate settlement payments,,,"Calculate the amount due by the insurance company in case of a legitimate claim, authorise the financial transfer and address reclamations to other insurance companies if needed."
http://data.europa.eu/esco/skill/99571e68-801f-49af-a897-5f75996642e1,knowledge,cross-sector,financial analysis,economic audit;fiscal audit;business analysis;fiscal analysis;commercial analysis;economic analysis,,,"The process of assessing the financial possibilities, means, and status of an organisation or individual by analysing financial statements and reports in order to make well informed business or financial decisions."
http://data.europa.eu/esco/skill/996243ee-543f-4c36-a31a-e0f2403c0c5d,skill/competence,cross-sector,relate empathetically,empathise with others;act empathetically;react to others empathetically;recognise and understand the experiences of others;be empathetic;react empathetically;act empathetically to others;remain empathetic;relate to others empathetically;empathise,,,"Recognise, understand and share emotions and insights experienced by another."
http://data.europa.eu/esco/skill/9973a5a2-7822-4161-99e9-95c781eb63f8,knowledge,sector-specific,Objective-C,Objective C,ObjC;Objective C;Objective-C 2.0;ObjectiveC;Obj-c;Smalltalk and C;Objective C plus plus;Objc;Objective c;Objective-c;C and Smalltalk;Obj C;Object C;Objective-C++,,"The techniques and principles of software development, such as analysis, algorithms, coding, testing and compiling of programming paradigms in Objective-C."
http://data.europa.eu/esco/skill/9983816d-cc78-4d3f-9e3c-c7baa9ebc77a,knowledge,sector-specific,computer equipment,computer apparatus;computer machinery;computer machines;computing equipment;computer devices,,,"The offered computers, computer peripheral equipment and software products, their functionalities, properties and legal and regulatory requirements."
http://data.europa.eu/esco/skill/99b04058-e4c1-4808-923b-32cc49aa5e13,knowledge,cross-sector,illegal substances,banned substances;criminal substances;unlawful objects;unlawful substances;banned objects;criminal objects;illicit objects;illicit substances,,,"The forbidden substances which cannot be transported from one area to another, or carried by an individual, as well as their nature and how to handle them."
http://data.europa.eu/esco/skill/99b163e8-7815-43e2-83f3-a47f3076354c,knowledge,cross-sector,accounting entries,accounting entry;account entries;accounting transactions;financial transactions records,,,"The financial transactions recorded in accounting systems or books of a company together with the metadata linked to the entry such as the date, the amount, the accounts affected, and a description of the transaction."
http://data.europa.eu/esco/skill/99c4c69a-025c-464f-adda-874c7f107a31,skill/competence,cross-sector,engage with stakeholders,achieve shared understandings with stakeholders;undertake stakeholders engagement processes;use processes for negotiated agreements with stakeholders;build partnerships with stakeholders;negotiate agreements with stakeholders,,,"Use a variety of processes that result in mutually negotiated agreements, shared understandings and consensus building. Build partnerships within the work context."
http://data.europa.eu/esco/skill/99c90174-eb03-4221-b1b6-1ad8b7035e15,knowledge,cross-sector,health education,health-related education;health related education;information on healthy life choices;education on healthy life choices;education on health matters;education on health-related issues;education on health,,,The factors affecting health and of the educational approach to assisting people to make healthy life choices.
http://data.europa.eu/esco/skill/99fc129e-360c-4174-9553-5c666a64a395,skill/competence,cross-sector,prepare scientific reports,scientific report preparation;prepare technical reports;preparing technical reports;preparing scientific reports;technical report preparation;preparing of scientific reports;preparing of technical reports;preparation of technical reports;preparation of scientific reports,,,"Prepare reports that describe results and processes of scientific or technical research, or assess its progress. These reports help researchers to keep up to date with recent findings."
http://data.europa.eu/esco/skill/9a0d0abc-010d-440b-8242-7e31510471ba,knowledge,occupation-specific,information governance compliance,company policy compliance;governance information compliance;information compliance governance,,,"The policies regarding processes and procedures for use of information, the balance between information availability and information security and IPR (Intellectual Property Rights) and personal data protection."
http://data.europa.eu/esco/skill/9a58cd26-58eb-4a1c-b1b6-64037fe9cfa1,skill/competence,cross-sector,think abstractly,thinking in abstractions;thinking in abstract concepts;conceptualise reality;carry out abstraction of concepts;conceptualise abstract ideas,,,"Demonstrate the ability to use concepts in order to make and understand generalisations, and relate or connect them to other items, events, or experiences."
http://data.europa.eu/esco/skill/9a7cc3c2-b529-44a4-ab8e-f04fc91362e2,knowledge,sector-specific,professional documentation in health care,professional documentation in the health care sector;professional written standards in health care;professional health care documentation;professional documentation in health-care,,,The written standards applied in the health care professional environments for documentation purposes of one`s activity.
http://data.europa.eu/esco/skill/9af252ce-bf4d-411b-8daa-beb91df4257d,knowledge,cross-sector,channel marketing,marketing a channel;market a channel;channel advertising;channel placing;channel promotion;marketing channels,,,"The strategies and practices, including channel sales, that involve distributing products directly and indirectly through partners in order to bring the products to the end consumer."
http://data.europa.eu/esco/skill/9b4cc066-7df9-40a5-a819-c330e71b2a69,skill/competence,occupation-specific,memorise large amounts of information,commit large amounts of information to memory;memorizing large amounts of information;memorising large amounts of information;learn large amounts of information;remember large amounts of information,,,Retain large amounts of information and take notes for accurate interpretation.
http://data.europa.eu/esco/skill/9b63d92b-5a3a-46b0-b2ba-c98b39ea5aaf,knowledge,cross-sector,health care system,the healthcare system;structure and function of health systems;health care systems;the health care system,,,The structure and function of health care services.
http://data.europa.eu/esco/skill/9b7f6e90-50af-4d18-a6bb-9de1accbead8,knowledge,sector-specific,evaluation of psychological performance,evaluation of psychological parameters;assessment of psychological parameters;methods of evaluation of psychological performance;psychological performance evaluations;assessment of psychological performance;evaluations of psychological performance;psychological performance evaluation,,,The characteristics of the methods used to assess psychological parameters.
http://data.europa.eu/esco/skill/9b862976-aa05-4bde-8ed6-8f39790edd0f,knowledge,cross-sector,procurement legislation,public procurement legislation;European procurement legislation;European legislation for public procurement;national procurement legislation;areas of law for public procurement,,,"The procurement legislation at national and European level, as well as adjacent areas of law and their implications for public procurement."
http://data.europa.eu/esco/skill/9b9dc550-351e-4dde-ac2b-7bd411e80e23,skill/competence,sector-specific,review distribution management procedures,undertake distribution management reviews;analyse distribution management procedures;conduct analyses of distribution management procedures;analyse procedures of distribution management;perform analyses of distribution management procedures;make assessments of distribution review procedures;review processes for distribution management;review procedures for distribution management;review distribution management processes;carry out assessments of distribution management procedures,,,Develop and review distribution procedures in order to minimise expenditures and maximise customer satisfaction.
http://data.europa.eu/esco/skill/9ba8fd27-275d-4bad-8c48-f668aa99a578,skill/competence,sector-specific,balance database resources,stabilise database resources,,,"Stabilise the workload and resources of a database, by controlling the demand of transactions, allocating disk spaces and ensuring reliability of the servers in order to optimise cost and risk ratio."
http://data.europa.eu/esco/skill/9bb7a97a-1a16-431e-8ea6-ad0f9f59aa0a,knowledge,occupation-specific,control objectives for information and related technology,COBIT,,,"The risk and controls framework such as Control Objectives for Information and Related Technology (COBIT), which supports decision makers to resolve the gap between business risks, requirements and technical issues."
http://data.europa.eu/esco/skill/9bb92e10-a5a9-437e-8101-8be2d7f631ff,skill/competence,cross-sector,advise on legal decisions,propose judicial decision;strategise judicial decisions;suggest judicial decision;strategise legal decisions;propose legal decision;suggest legal decision;recommend legal decision;recommend judicial decision,,,"Advise judges, or other officials in legal decision-making positions, on which decision would be right, compliant with the law and with moral considerations, or most advantageous for the adviser's client, in a specific case."
http://data.europa.eu/esco/skill/9bbe0d37-822c-4096-8b56-8729e5783b4b,skill/competence,sector-specific,implement procurement of innovation,plan procurement of innovative solutions;procurement of innovation;innovation procurement,,,"Develop innovation procurement strategies to drive innovation from the demand side, considering forward-looking and alternative solutions that involve either buying the process of innovation or buying the outcomes of innovation created by others. Take into account the innovation objectives of the organisation and related national policies, as well as the available tools and techniques for incorporating these into the procurement process."
http://data.europa.eu/esco/skill/9bd51326-b2eb-451f-8aa7-c16d428c5e48,skill/competence,occupation-specific,identify pricing opportunities,classify pricing opportunities;determine pricing opportunities;identifying pricing opportunities;identification of a pricing opportunity;diagnose pricing opportunities;identify a pricing opportunity;analyse pricing opportunities,,,"Adapt prices to maximize revenue, including price-marked packs, for brand performance and business development."
http://data.europa.eu/esco/skill/9c1e94ad-6c81-4fce-bc16-f7cf2e730cf0,knowledge,cross-sector,primary care,primary health care;primary routine health care;primary routine medical care;primary medical care,,,"The regular, routine medical care provided to patients, usually performed by a physician or a nurse, that leads to a decision on the following course of action required to solve the health problem of the patient."
http://data.europa.eu/esco/skill/9c380a60-42c8-4414-ae14-a42f36a050b1,skill/competence,cross-sector,liaise with educational institutions,work with educational institutions;work together with educational institutions;liaise with an educational institution;liaising with educational institutions;collaborate with educational institutions;liaison with educational institutions;cooperate with educational institutions,,,Communication and cooperation for the supply of study materials (e.g. books) to educational institutions.
http://data.europa.eu/esco/skill/9c6974e1-8d8b-43e9-b6b0-75da7634bfc9,knowledge,sector-specific,fundamental analysis,fundamental data analysis,,,The techniques for measuring the intrinsic value of a financial security through the assessment its economic and financial factors. It combines together the analysis of macroeconomic trends and of financial statements of the companies.
http://data.europa.eu/esco/skill/9c6e951f-aa88-4890-983d-e7a6ee49f5bb,skill/competence,cross-sector,plan marketing campaigns,planning marketing campaigns;planning a marketing campaign;implement marketing campaign;set up marketing campaign;timetable marketing campaign;arrange marketing campaign;plan marketing campaign;plan a marketing campaign,,,"Develop a method to promote a product through different channels, such as television, radio, print and online platforms, social media with the aim to communicate and deliver value to customers."
http://data.europa.eu/esco/skill/9ccecb58-e720-4465-b309-46e362ca6f75,knowledge,cross-sector,adolescent psychological development,adolescent's psychological development;psychological development of children and young persons;adolescents' psychological development;psychological development of an adolescent;psychological development of adolescents;adolescent behavioural development,,,"The developments needs of children and young persons, their behaviour and the attachment relationships and the possible signs of developmental delay."
http://data.europa.eu/esco/skill/9ce52938-fe28-4548-b38d-0c783933e19a,skill/competence,sector-specific,edit digital moving images,edit digital footage;edit digital images of animation;edit moving digital images;edit digital images of movement,,,Use specialised software to edit video images for use in an artistic production.
http://data.europa.eu/esco/skill/9ce670ec-318c-4a91-9179-03437db728dc,knowledge,sector-specific,ICT software specifications,ICT system specifications;specify use of ICT software;ICT software specification;ICT programme specifications;ICT application specifications;ICT software specifying,,,"The characteristics, use and operations of various software products such as computer programmes and application software."
http://data.europa.eu/esco/skill/9cf681c7-89ec-470c-b651-7fe03786f586,knowledge,sector-specific,query languages,DMX;SuprTool;OttoQL;XPath;QUEL;ISBL;.QL;F-logic;SPL;FQL;OPath;MQL;Poliqarp;HTSQL;YQL;Gellish;XSPARQL;Concept-Oriented;TMQL;RDQL;OCL;OQL;CQLF;ReQL;Datalog,DMX;RDQL;XPath;OttoQL;ISBL;Gellish;OQL;MQL;YQL;Poliqarp;.QL;Datalog;F-logic;XSPARQL;CQLF;OCL;ReQL;SPL;QUEL;OPath;TMQL;SuprTool;HTSQL;Concept-Oriented;FQL,,The field of standardised computer languages for retrieval of information from a database and of documents containing the needed information.
http://data.europa.eu/esco/skill/9d0d89be-bffa-4393-b6f6-8d05bea49051,knowledge,cross-sector,"data extraction, transformation and loading tools",Talend Studio for Data Integration;ETL;Sagent Data Flow;Open Text Integration Center;CloverETL;Pervasive Data Integrator;Data Migrator;Cognos Data Manager;Centerprise Data Integrator;IBM Infosphere WarehoEdition;Elixir Repertoire for Data ETL;Relational Junction ETL Manager;PowerCenter Informatica;Syncsort DMX;Adeptia Integration Server,Sagent Data Flow;Open Text Integration Center;CloverETL;Pervasive Data Integrator;Data Migrator;IBM Infosphere WarehoEdition;Elixir Repertoire for Data ETL;Relational Junction ETL Manager;Cognos Data Manager;Talend Studio for Data Integration;Syncsort DMX;Centerprise Data Integrator;PowerCenter Informatica;Adeptia Integration Server,,"The tools for integration of information from multiple applications, created and maintained by organisations, into one consistent and transparent data structure."
http://data.europa.eu/esco/skill/9d1b08b3-ba1e-41f6-a466-1ac1e62eb5f0,skill/competence,sector-specific,conduct ICT code review,perform code reviews,,,Examine and review systematically computer source code to identify errors in any stage of development and to improve the overall software quality.
http://data.europa.eu/esco/skill/9d2e926f-53d9-41f5-98f3-19dfaa687f3f,knowledge,sector-specific,tools for software configuration management,tools for software version control;Rudder;NOC;OCS Inventory NG with GLPI;Bcfg2;Rundeck;Synctool;SmartFrog;CFEngine;Local ConFiGuration system;source control;Radmind;cdist;Quattor;ISconf;revision control;NixOS;git;PIKT;software tools for version control;Open pc server integration,Rudder;Bcfg2;Rundeck;Synctool;Local ConFiGuration system;Radmind;cdist;OCS Inventory NG with GLPI;PIKT;Open pc server integration;NOC;NixOS;SmartFrog;Quattor;CFEngine;git;ISconf,,"The software programs to perform configuration identification, control, status accounting and audit, such as CVS, ClearCase, Subversion, GIT and TortoiseSVN perform this management."
http://data.europa.eu/esco/skill/9d5521f9-44d7-4db4-b7ac-0ba7d389f44d,skill/competence,cross-sector,liaise with colleagues,cooperate with colleagues;work with colleagues;work together with colleagues;collaborate with colleagues;liaise with the colleagues;liaise with a colleague,,,Liaise with fellow colleagues to ensure common understanding on work related affairs and agree on the necessary compromises the parties might need to face. Negotiate compromises between parties as to ensure that work in general run efficiently towards the achievement of the objectives.
http://data.europa.eu/esco/skill/9d59f4e5-20a5-428e-b8b3-645043500457,skill/competence,cross-sector,create a work atmosphere of continuous improvement,empower teams for continuous improvement;drive teams for continuous improvement;encourage a team for continuous improvement;develop a work atmosphere of continuous improvement;encourage teams to continuously improve;support teams for continuous improvement;encourage teams for continuous improvement;create a continuous improvement work atmosphere;praise teams for continuous improvement;create a working atmosphere of continuous improvement;set a work atmosphere of continuous improvement,,,"Work with management practices such as continuous improvement, preventive maintenance. Pay attention to problem solving and teamwork principles. Empower teams to identify opportunities and then drive the process to improve the results."
http://data.europa.eu/esco/skill/9d826cd5-12b5-4a49-914e-635810c1dde0,skill/competence,sector-specific,apply quality standards in youth services,enforce quality benchmarks in youth services;implement quality criteria in youth services;maintain quality standards in youth services;apply quality measures in youth services;adhere to quality criteria in youth services,,,"Apply minimum standards and quality measures in youth services while upholding youth work values and principles. An example of such quality standards are described in the European Youth information charter and refer to principles such as independence, accessibility, inclusiveness, needs based, empowering, participative, ethical, professional and pro-active."
http://data.europa.eu/esco/skill/9d916d7c-89b3-4084-a6d9-e2b0b3091404,skill/competence,cross-sector,manage payroll,managing payroll;oversee payroll;handle payroll;administer payroll,,,"Manage and be responsible for employees receiving their wages, review salaries and benefit plans and advise management on payroll and other employment conditions."
http://data.europa.eu/esco/skill/9da22795-4383-4bea-9ac5-e80fdf16ece5,skill/competence,cross-sector,perform debt investigation,perform a debt investigation;performing a debt investigation;complete debt investigation;performing debt investigations;undertake debt investigation;implement debt investigation,,,Use research techniques and tracing strategies to identify overdue payment arrangements and address them.
http://data.europa.eu/esco/skill/9e06bac6-6b91-48ca-8b7d-c1f48cdecd7c,skill/competence,cross-sector,solve ICT system problems,diagnose system problems;troubleshoot system;manage system problem,,,"Identify potential component malfunctions. Monitor, document and communicate about incidents. Deploy appropriate resources with minimal outage and deploy appropriate diagnostic tools."
http://data.europa.eu/esco/skill/9e79b89d-0a9a-4bf9-880d-82e5a5848687,knowledge,occupation-specific,phenomenology,phenomenology studies,,,"The study of the experience from a philosophical approach. It deals with, among others, topics such as self-consciousness, time-consciousness, perception and intentionality."
http://data.europa.eu/esco/skill/9e84a506-df06-4be3-874a-fa01293e3dd5,knowledge,cross-sector,business processes,business analysis;business handling;business measures;refinement a business;business process;a business process,,,"Processes which an organisation applies to improve efficiency, set new objectives and reach goals in a profitable and timely manner."
http://data.europa.eu/esco/skill/9ec4252d-cbe8-4134-88fa-549dee1883f3,knowledge,cross-sector,human anatomy,human gross anatomy;human morphology;anatomy of the human body;human anthropotomy;human body anatomy;human microscopic anatomy,,,"The dynamic relationship of human structure and function and the muscosceletal, cardiovascular, respiratory, digestive, endocrine, urinary, reproductive, integumentary and nervous systems; normal and altered anatomy and physiology throughout the human lifespan."
http://data.europa.eu/esco/skill/9ed54677-459f-4442-9917-995a3b970f96,knowledge,sector-specific,sexual disorders,sexual disfunctions;sexual desires disorders;sexual desire disorders;study of sexual disorders;sexual desire disorder;sexual disfunction;sexual disorder,,,"The range of sexual disorders such as sexual aversion disorder, hypoactive sexual desire disorder, and vaginismus and the effects of medication on sexual function."
http://data.europa.eu/esco/skill/9ef0f3a0-9ce2-4ef1-a987-0366b5cb2dbe,knowledge,sector-specific,database development tools,Microcontrollers,Arduino,,"The methodologies and tools used for creating logical and physical structure of databases, such as logical data structures, diagrams, modelling methodologies and entity-relationships."
http://data.europa.eu/esco/skill/9effa3d7-c0c4-4583-ad94-b496ba5e5f2c,knowledge,cross-sector,data mining methods,data mining approaches;data mining mechanisms;data mining arrangements;data mining methodology;data mining processes;a data mining method;methods of data mining,,,Data mining techniques used to determine and analyse the relationship between different elements of economy and marketing.
http://data.europa.eu/esco/skill/9f0e78ef-bbe4-4d25-a5a9-f0e98ee99da2,skill/competence,cross-sector,assess offenders' risk behaviour,determine offenders' risk behaviour;evaluate offenders' risk behaviour;evaluate criminals' risk behaviour;check offenders' risk behaviour;check criminals' risk behaviour;appraise offenders' risk behaviour;determine criminals' risk behaviour;appraise of criminals' risk behaviour;assess offenders' risk behavior,,,"Assess and monitor the behaviour of offenders to gauge whether they pose any further risk to society, and what their chances for positive rehabilitation are, by assessing the environment they're in, the behaviour they show, and their efforts in rehabilitation activities."
http://data.europa.eu/esco/skill/9f10e94b-a43d-4772-9f60-24e9bbbdedb7,skill/competence,cross-sector,maximise sales revenues,increment sales;maximise sale revenues;maximise revenues from sales;increase sales revenues through different approaches;maximize sales revenues,,,"Increase possible sales volumes and avoid losses through cross-selling, upselling or promotion of additional services."
http://data.europa.eu/esco/skill/9f2385b1-4409-4db2-8342-77377d5b18df,skill/competence,sector-specific,manage membership,maintain membership;supervise membership;administer membership;oversee membership,,,Ensure efficient internal processes and systems in order to manage membership and oversee the work related to it.
http://data.europa.eu/esco/skill/9fa06999-9ba9-4d74-9b15-edfc788b55f7,skill/competence,cross-sector,develop taxation policies,produce government fiscal policies;progress taxation policies;evaluate taxation policies;establish taxation policies;progress government fiscal policies;establish government fiscal policies;evaluate government fiscal policies;produce taxation policies,,,"Develop new policies dealing with taxation procedures based on prior research, which will improve the efficiency of the procedures and their influence on the optimisation of government revenue and expenditures, ensuring compliance with taxation legislation."
http://data.europa.eu/esco/skill/9fcf9918-fdef-49c3-aedc-518eb1e7e1f5,skill/competence,cross-sector,comply with legislation related to health care,comply with legislation related to health-care;comply with health care legislation;adhere to legislation related to health care;obey legislation related to health care;comply with health care laws and regulations;comply with legislation related to healthcare,,,"Comply with the regional and national health legislation which regulates relations between suppliers, payers, vendors of the healthcare industry and patients, and the delivery of healthcare services."
http://data.europa.eu/esco/skill/9ff9db9d-d14b-426e-83f3-e7449af6c79f,skill/competence,sector-specific,manage data,administer data;data administration;manage data lifecycle;operate data quality tools;data resource management,,,"Administer all types of data resources through their lifecycle by performing data profiling, parsing, standardisation, identity resolution, cleansing, enhancement and auditing. Ensure the data is fit for purpose, using specialised ICT tools to fulfil the data quality criteria."
http://data.europa.eu/esco/skill/a01cf14b-f912-4b5b-a1a4-b4a2182d6f21,skill/competence,occupation-specific,network within the writing industry,teaching writing;work together within writing industry;collaborate within writing industry;networking within writing industry,,,"Network with fellow writers and others involved in the writing industry, such as publishers, bookshop owners and organisers of literary events."
http://data.europa.eu/esco/skill/a0bf9b9d-e53f-418c-a839-5d99eff718fe,skill/competence,cross-sector,conduct search engine optimisation,undertake search engine optimisation;manage search engine optimisation;carry out search engine optimisation;conduct search engine optimization;conduct a search engine optimisation;organise search engine optimisation;conducting a search engine optimisation;conducting search engine optimisation,,,"Execute optimal marketing research and strategies on search engine processes, also known as search engine marketing (SEM), in order to increase online traffic and website exposure."
http://data.europa.eu/esco/skill/a0e23745-6ba4-45e2-9510-df6e71ed1230,skill/competence,cross-sector,apply knowledge of human behaviour,utilise knowledge of human behaviour;employ knowledge of human behaviour;apply the knowledge of human behaviour;applying knowledge of human behaviour;implement knowledge of human behaviour;apply knowledge of human behavior;apply a knowledge of human behaviour;administer knowledge of human behaviour,,,"Practice principles related to group behaviour, trends in society, and influence of societal dynamics."
http://data.europa.eu/esco/skill/a117f32c-662b-4dd9-b739-1230dd04cb60,knowledge,cross-sector,pedagogy,methods of teaching;theory and practice of education;study of education methods;paedagogy,,,The discipline that concerns the theory and practice of education including the various instructional methods for educating individuals or groups.
http://data.europa.eu/esco/skill/a125a4c2-3b0a-4996-9a63-57043d4d9159,knowledge,sector-specific,industrial tools,factory made appliances;factory made mechanisms;factory made devices;factory made apparatus;industrial devices;industrial apparatus;industrial mechanisms;industrial appliances,,,"The tools and equipment used for industrial purposes, both power and hand tools, and their various uses."
http://data.europa.eu/esco/skill/a1388163-462a-4b76-8649-67470ea858a1,skill/competence,cross-sector,search databases,research in databases;consult databases;look through databases;search database;searching databases,,,Search for information or people using databases.
http://data.europa.eu/esco/skill/a17286c5-238d-4f0b-bc24-29e9121345de,skill/competence,cross-sector,listen actively,maintain active listening;active listening;apply active listening techniques;use active listening techniques;listen with attentive participation,,,"Give attention to what other people say, patiently understand points being made, asking questions as appropriate, and not interrupting at inappropriate times; able to listen carefully the needs of customers, clients, passengers, service users or others, and provide solutions accordingly."
http://data.europa.eu/esco/skill/a1a8e4ae-f1e3-44aa-9067-e587e69634cd,skill/competence,sector-specific,respect cultural preferences,acknowledge cultural differences;acknowledge cultural preferences;respect cultural differences;acknowledge cultural preferences and differences;respect cultural preferences in product development;respect cultural differences and preferences,,,Recognise different cultural preferences when creating products and concepts in order to avoid giving insult to certain people. Try to reach as broad an audience possible.
http://data.europa.eu/esco/skill/a1bd3b68-c76e-48bb-ae5f-84e692ba7091,skill/competence,sector-specific,approve reports for artistic project,approve reporting for artistic project;approve artistic project's report;approve artistic project's reporting;approve reports created for artistic project,,,"Approve the financial report, the artistic report, any other report required for the artistic project."
http://data.europa.eu/esco/skill/a1eef0f4-133f-464a-a8f1-68fe3e8cc1b4,knowledge,sector-specific,healthcare analytics,health care data analytics;health care analytics;health data analytics;healthcare data analytics,,,"The use of qualitative and quantitative methods to analyse patterns in healthcare data to the aim of improving healthcare administration, quality in patient care and diseases diagnosis."
http://data.europa.eu/esco/skill/a1efea8f-62a8-4f9e-bd07-7d0c193f725e,skill/competence,cross-sector,check official documents,investigate official licences and identification paperwork;investigate official documents;assess official documents;assess official licences and identification paperwork;audit official licences and identification paperwork;spot check official documents;spot check official licences and identification paperwork;audit official documents,,,"Check an individuals' official documentation, such as driver's licenses and identification, to ensure compliance with legal regulations, and to identify and assess individuals."
http://data.europa.eu/esco/skill/a1f2e26f-b2ba-47dc-a0e8-8c53424a508d,skill/competence,sector-specific,apply certification and payment procedures,manage certification and payment procedures;manage certification and payment protocols;apply certification and payment protocols;implement certification and payment procedures;implement certification and payment protocols,,,"Apply the verification principles and the financial control framework which ensure that the relevant supplies, services or works are delivered in compliance with the terms and conditions of the contract and all applicable financial and accounting rules in order to proceed to the payment."
http://data.europa.eu/esco/skill/a1f79d57-2e4d-4876-a7ac-4ab19e0861dc,skill/competence,cross-sector,hear witness accounts,listen to witness statements;assess witness accounts;heed witness accounts;verify witness statements;listen to witness accounts,,,"Hear witness accounts during a court hearing or during an investigation to assess the significance of the account, its impact on the case under scrutiny or investigation, and to aid in reaching a conclusion."
http://data.europa.eu/esco/skill/a2151ed1-82b9-4314-8ca3-339bc923da9d,skill/competence,cross-sector,demonstrate commitment to democracy,have a commitment to democratic principles;show a commitment to democratic principles;have a commitment to democracy;show a commitment to democracy;evidence a commitment to democratic principles;evidence a commitment to democracy,,,Show dedication to a system of government in which the people have the power directly or indirectly through elected representatives.
http://data.europa.eu/esco/skill/a23659b1-a8bc-4331-a58d-eef263ca6a14,skill/competence,cross-sector,follow work procedures,follow procedures at work;observe standard working practices;comply with work procedures;adhere to work procedures;adhere to procedures at work;ensure adherence to work procedures;work in accordance with procedures;observe work procedures;act in accordance with work procedures;employ standard working practices;perform work in accordance with procedures,,,Adhere to procedures at work in a structured and systematic manner.
http://data.europa.eu/esco/skill/a265b3b4-df14-432b-97c7-3d2db3ba6039,skill/competence,sector-specific,empower young people,empower youth;build youth empowerment;empower young people in health related areas;empower young people in civic areas;build empowerment in young people,,,"Build a sense of empowerment in young people in their different dimensions in life, such as but not excluded to: civic, social, economic, cultural and health areas."
http://data.europa.eu/esco/skill/a276b1ad-c0b7-4b33-899c-0fbfcdbe0eee,knowledge,cross-sector,5S methodology,5S methodology for workplace organisation;5S methodology to reduce waste in the workplace;5S methods for workplace organisation;5S workplace organization method;5S workplace organisation method,,,"5S is defined as a methodology that results in a workplace that is clean, uncluttered, safe, and well organized to help reduce waste and optimize productivity."
http://data.europa.eu/esco/skill/a2b5dcf3-5b6a-453d-876c-cff540c0faf1,knowledge,cross-sector,CAD software,CADD software;CAD software for modelling;computer assisted design;software computer assisted design and drafting software;CAD software for design;CAD software for simulation,CATIA V5;Inventor;CATIA;Autodesk AutoCAD;MathCad;Autodesk Inventor;CATIA R2023x;Microstation;3DEXPERIENCE CATIA,"CAD software should be differentiated from computer-aided design and drafting (CADD) software. CADD systems are CAD systems with additional drafting features. For example, CADD systems enable an engineer or <a resource=""http://data.europa.eu/esco/occupation/8c3f536e-ba66-4321-ba40-363dc39f129b"" typeOf=""http://data.europa.eu/esco/model#Occupation"" href=""http://data.europa.eu/esco/occupation/8c3f536e-ba66-4321-ba40-363dc39f129b""><span property=""http://www.w3.org/2000/01/rdf-schema#label"" xml:lang=""en"">architect</span></a> to insert size annotations and other notes into a design.","The computer-aided design (CAD) software for creating, modifying, analysing or optimising a design."
http://data.europa.eu/esco/skill/a2fef437-6719-47c2-8552-73b9fe81df86,skill/competence,occupation-specific,plan ICT capacity,schedule ICT capacity;oversee availability of computing resources,,,"Schedule the longer-term hardware capacity, ICT infrastructure, computing resources, human resources and other aspects needed to meet changing demands for ICT products and services."
http://data.europa.eu/esco/skill/a38e54a1-0922-4e8f-92a6-4f028d7d569f,skill/competence,cross-sector,maintain updated professional knowledge,carry out activities to ensure that professional knowledge remains up to date;undertake professional development;participate in professional development activities;ensure updated professional knowledge;preserve updated professional knowledge;keep professional knowledge updated;continuously refresh professional knowledge;retain updated professional knowledge;perform activities to ensure professional knowledge remains up to date;maintain professional knowledge;actively refresh professional knowledge,,,"Regularly attend educational workshops, read professional publications, actively participate in professional societies."
http://data.europa.eu/esco/skill/a3aa300b-6636-40fc-abe7-4ab3808dd742,knowledge,cross-sector,international law,international statutes;multi national law;multi national rules;multi national regulation;multi national statutes;international regulation;international rules,,,"The binding rules and regulations in the relations between states and nations, and legal systems dealing with countries rather than private citizens."
http://data.europa.eu/esco/skill/a3ce2bf7-5562-4639-9b52-fdb4850a3904,knowledge,sector-specific,ICT problem management techniques,ICT problem management procedures;ICT problem management strategies;ICT problem management procedure;ICT problem management processes;ICT problem management methods;types of ICT problem management techniques,,,The techniques related to identifying the solutions of the root cause of ICT incidents.
http://data.europa.eu/esco/skill/a4346013-a967-4a58-a533-6b32ad1364c5,knowledge,sector-specific,data protection,principles of information privacy;principles of data protection;information privacy;protection of private data;protection of data;principles of data privacy;protection of private information;data privacy;paradigms of data protection;paradigms of data privacy,,,"The principles, ethical issues, regulations and protocols of data protection."
http://data.europa.eu/esco/skill/a448126c-69a1-45a2-bd76-a8eafd86f9c5,skill/competence,cross-sector,forecast dividend trends,forecast boni trends;forecast dividend development;forecast profit share trends,,,"Forecast the payouts corporations make to their shareholders in the long term, taking into account prior dividends, the corporation's financial health and stability, stock market trends, and shareholders' reactions to those trends."
http://data.europa.eu/esco/skill/a4559e78-c78d-4292-8b63-c9a4d4549a6e,skill/competence,sector-specific,analyse health problems within a given community,analyze health problems within given communities;assess healthcare needs of communities;analyze health problems within a given community;analyse health care needs of a community;analyse health problems of a given community,,,Assess the healthcare needs and problems of a community.
http://data.europa.eu/esco/skill/a47d194d-0ffd-4aaa-b695-fbbe0255000e,skill/competence,sector-specific,design information system,design ICT system,,,"Define the architecture, composition, components, modules, interfaces and data for integrated information systems (hardware, software and network), based on system requirements and specifications."
http://data.europa.eu/esco/skill/a487b459-92be-4946-825e-4a8b7fd2930e,skill/competence,sector-specific,provide membership service,administer membership services;arrange membership services;furnish member services;administer member services;furnish membership services;contribute to member services;arrange member services;contribute to membership services,,,"Ensure good service for all members by monitoring the mail box on a regular basis, by resolving membership issues that arise and by advising members on benefits and renewals."
http://data.europa.eu/esco/skill/a4881e54-6055-4e61-855a-0a56ced7cfa3,knowledge,sector-specific,web strategy assessment,analysis of web strategy;online assessment;web presence assessment,,,Techniques for conducting a deep analysis of a company's web presence.
http://data.europa.eu/esco/skill/a4a882a1-0263-4dd2-b29a-f0028cac2393,skill/competence,sector-specific,define integration strategy,develop integration strategy,,,"Specify strategies for system integration, incorporating the time schedule, the processes required to combine components into subsystems and systems, the means on how components will interface as well as the risks associated with the integration."
http://data.europa.eu/esco/skill/a4bbd0d9-a6be-4472-b05d-291e60cf6b4b,skill/competence,cross-sector,develop business case,business case development;produce business case;develop a business case;developing a business case;launch business case;establish business case;evaluate business case,,,Gather relevant information in order to come up with a well-written and well-structured document that provides the trajectory of a given project.
http://data.europa.eu/esco/skill/a4c2aa71-086f-4a46-b481-2619673c9dfe,skill/competence,sector-specific,execute ICT user research activities,carry out ICT user research,,,"Perform research tasks such as recruitment of participants, scheduling of tasks, collecting of empirical data, data analysis and production of materials in order to assess the interaction of users with an ICT system, program or application."
http://data.europa.eu/esco/skill/a4d0e4df-28c0-49b7-970a-b2e6775d7977,skill/competence,cross-sector,listen to the stories of the disputants,listen to the story of the disputants;hear to the stories of the disputants;listen to the stories of the disputant;listening to the stories of the disputants;listen to disputants' stories,,,Listen to the arguments of the parties involved in disputes in order to clarify misunderstandings and miscommunications among them.
http://data.europa.eu/esco/skill/a4d336a6-9ffd-402a-91cc-f359716ba4e0,knowledge,sector-specific,ML (computer programming),ML;ML systems;ML development principles,,,"The techniques and principles of software development, such as analysis, algorithms, coding, testing and compiling of programming paradigms in ML."
http://data.europa.eu/esco/skill/a4d46d86-9de5-4734-881c-5b2059b9fccf,skill/competence,cross-sector,manage social crisis,support individuals facing a social crisis;help individuals coping with social crisis;handle social crisis;support management of social crisis,,,"Identify, respond and motivate individuals in social crisis situations, in a timely manner, making use of all resources."
http://data.europa.eu/esco/skill/a4e50b95-8962-4408-81f9-f5de71461276,skill/competence,sector-specific,calculate employee benefits,calculate welfare;calculate welfare benefits;calculate aid;calculate benefits,,,"Calculate the benefits which the people connected to the organisation are entitled to, such as employees or retired people, using the information of the person and the interplay between governmental benefits and benefits obtained through for example employment."
http://data.europa.eu/esco/skill/a5591b3c-c426-45af-b0fe-eac9d0f39248,skill/competence,cross-sector,create campaign schedule,design campaign schedule;produce operation schedule;construct campaign schedule;establish operation schedule;construct operation schedule;produce campaign schedule;design operation schedule;establish campaign schedule,,,Create a timeline and establish final goals for the procedures and tasks of a political or otherwise promotional campaign.
http://data.europa.eu/esco/skill/a56054aa-4ffd-4c8b-8b63-437435d98187,skill/competence,cross-sector,maintain trusts,manage trusts;preserve trusts;handle trust investments;handle investments in trusts,,,"Handle the money meant for investing into a trust and ensure it is placed into the trust, as well as ensure that the due outgoing payments are made to the beneficiaries compliant with the terms of the trust."
http://data.europa.eu/esco/skill/a56dec32-05ef-45de-a256-ee6741f356db,knowledge,sector-specific,information confidentiality,data confidentiality;consumer data privacy;data access control,,,"The mechanisms and regulations which allow for selective access control and guarantee that only authorised parties (people, processes, systems and devices) have access to data, the way to comply with confidential information and the risks of non-compliance."
http://data.europa.eu/esco/skill/a571ae14-3e16-4fd3-a615-5646e0b0b696,skill/competence,cross-sector,inspect data,data inspection;inspection of data;check data;appraise data;assess data;inspecting data;look at data,,,"Analyse, transform and model data in order to discover useful information and to support decision-making."
http://data.europa.eu/esco/skill/a584a638-a2c0-4b3c-bdf3-a64f87225be9,skill/competence,cross-sector,mentor individuals,support individuals;help individuals;guide individuals;guide people;support people;help people,,,"Mentor individuals by providing emotional support, sharing experiences and giving advice to the individual to help them in their personal development, as well as adapting the support to the specific needs of the individual and heeding their requests and expectations."
http://data.europa.eu/esco/skill/a59708e3-e654-4e37-8b8a-741c3b756eee,knowledge,cross-sector,multimedia systems,a multimedia system;multimedia organisation;multimedia structure;multimedia arrangement;multimedia system;multimedia scheme,,,"The methods, procedures and techniques pertaining to the operation of multimedia systems, usually a combination of software and hardware, presenting various types of media such as video and audio."
http://data.europa.eu/esco/skill/a5b0cd5c-e13a-4ab3-8d93-4d242adcfb01,knowledge,cross-sector,teamwork principles,teamwork approaches;teamwork principle;teamwork concepts;teamwork methods,,,"The cooperation between people characterised by a unified commitment to achieving a given goal, participating equally, maintaining open communication, facilitating effective usage of ideas etc."
http://data.europa.eu/esco/skill/a6532ae5-efc4-4ca4-b172-c11471940d09,knowledge,sector-specific,electronic business,E-business,,,"Any business process that is implemented through a computer-mediated network. Mainly, it concerns the use of the Web, Internet, intranets to conduct businesses. It deals with, among others, business processes such as customer relation management, and supply chain management."
http://data.europa.eu/esco/skill/a65fb963-6faf-47b2-a3d9-c4e5e4d833c5,skill/competence,cross-sector,support children's wellbeing,stimulate children's wellbeing;support children's resilience;support children's mental wellbeing,,,Provide an environment that supports and values children and helps them to manage their own feelings and relationships with others.
http://data.europa.eu/esco/skill/a6ae7a34-5a5c-48dd-9b82-8beccca63e3c,skill/competence,sector-specific,ensure compliance with purchasing and contracting regulations,ensuring compliance with purchasing and contracting regulations;provide compliance with purchasing and contracting regulations;assure compliance with purchasing and contracting regulations;enable compliance with purchasing and contracting regulations;secure compliance with purchasing and contracting regulations;ensure there is compliance with purchasing and contracting regulations;to ensure compliance with purchasing and contracting regulations,,,Implement and monitor company activities in compliance with legal contracting and purchasing legislations.
http://data.europa.eu/esco/skill/a6d85c13-4703-4d5c-b826-1d7e867eb645,skill/competence,sector-specific,ensure consistency of published articles,ensure consistency of published article;maintain consistency of published articles;oversee consistency of published articles;ensuring consistency of published articles;guarantee consistency of published articles,,,"Ensure that articles are consistent with the genre and theme of the newspaper, journal or magazine."
http://data.europa.eu/esco/skill/a71577b2-7550-4222-88ee-dcbd2d881516,knowledge,sector-specific,graphics editor software,Autodesk SketchBook Pro;Adobe Photoshop Elements;CinePaint;NeoPaint;Project Dogwaffle;sK1;Apache OpenOffice Draw;RawTherapee;PixBuilder Photo Editor;cosmigo Pro Motion;OmniGraffle;PhotoScape;SVG-edit;Corel Painter Essentials;Swift 3D;UFRaw;ArtRage;GimPhoto;Picasa;ArcSoft PhotoImpression;Fatpaint;vector graphics editor;Pictor Paint;Pixlr.com;QFX;Zoner Photo Studio;GIMPshop;DigiKam;TVPaint;Paint.NET;XnView;Darktable;CodedColor;IrfanView;LightZone;Photogenics;LibreOffice Draw;Ability Photopaint;Embroidermodder;Serif Photoplus;PicMonkey;Phatch;ImageMagick;Chasys Draw IES;ACD Canvas;Inkscape;Color It!;Unified Color HDR PhotoStudio;XPaint;GrafX2;LView Pro;Xara Xtreme LX;Erdas Imagine;Balsamiq;Macromedia FreeHand;G'MIC;Shotwell;Tux Paint;GraphicConverter;Xara Photo & Graphic Designer;Corel Photo-Paint;Sodipodi;Pixelmator;F-Spot;GraphicsMagick;SAI;Photo Mechanic;LazPaint;Ulead PhotoImpact;Pixia;Fotografix;PMview;FastStone Image Viewer;Rawstudio;KolourPaint;Serif DrawPlus;PhotoPerfect;Iridient Developer,CinePaint;NeoPaint;Apache OpenOffice Draw;RawTherapee;PixBuilder Photo Editor;cosmigo Pro Motion;Adobe Photoshop Elements;GIMP;Swift 3D;GimPhoto;Picasa;Fatpaint;Zoner Photo Studio;GIMPshop;Darktable;CodedColor;LightZone;Corel Draw;LibreOffice Draw;Ability Photopaint;Serif Photoplus;TVPaint;PicMonkey;Phatch;Photogenics;Chasys Draw IES;PhotoScape;Inkscape;Color It!;Unified Color HDR PhotoStudio;GrafX2;LView Pro;Erdas Imagine;Xara Xtreme LX;Pictor Paint;G'MIC;Pixlr.com;DigiKam;Canva;GraphicConverter;XPaint;Xara Photo & Graphic Designer;Macromedia FreeHand;SVG-edit;Corel Photo-Paint;Pixelmator;ArcSoft PhotoImpression;GraphicsMagick;Embroidermodder;Sodipodi;Figma;Adobe InDesign;Autodesk SketchBook Pro;LazPaint;ImageMagick;Ulead PhotoImpact;Balsamiq;Pixia;Fotografix;PMview;Project Dogwaffle;Photo Mechanic;Corel Painter Essentials;SAI;QFX;KolourPaint;Tux Paint;XnView;IrfanView;OmniGraffle;Rawstudio;Paint.NET;Serif DrawPlus;Shotwell;ACD Canvas;FastStone Image Viewer;PhotoPerfect;Iridient Developer;F-Spot;ArtRage;UFRaw;sK1,,"The field of graphical ICT tools which enable digital editing and composition of graphics, such as GIMP, Adobe Photoshop and Adobe Illustrator, to develop both 2D raster or 2D vector graphics."
http://data.europa.eu/esco/skill/a762f4cd-b6bb-419b-834a-71f3ed367e5c,skill/competence,cross-sector,manage ethical issues within social services,manage ethical issues within social work;deal with ethical issues within social services;manage ethical conflicts within social services;handle ethical issues within social services;manage ethical dilemmas within social services,,,"Apply social work ethical principles to guide practice and manage complex ethical issues, dilemmas and conflicts in accordance to occupational conduct, the ontology and the code of ethics of the social services occupations, engaging in ethical decision making by applying standards of national and, as applicable, international codes of ethics or statements of principles."
http://data.europa.eu/esco/skill/a7a14be2-78b5-4b4a-ba77-2658285e2756,skill/competence,sector-specific,apply reverse engineering,extract information by applying reverse engineering,,,"Use techniques to extract information or disassemble an ICT component, software or system in order to analyse, correct and reassemble or reproduce it."
http://data.europa.eu/esco/skill/a7a343fa-28fb-4f8c-b8ac-ea32ffb0c5a1,knowledge,occupation-specific,thanatology,death studies,,,The interdisciplinary study of death and the dying.
http://data.europa.eu/esco/skill/a7f0fbe0-c546-4f30-8e41-34a58c64567e,knowledge,sector-specific,data storage,file hosting service,One Drive;Dropbox,,"The physical and technical concepts of how digital data storage is organised in specific schemes both locally, such as hard-drives and random-access memories (RAM) and remotely, via network, internet or cloud."
http://data.europa.eu/esco/skill/a800a15c-2d1b-4151-8bf3-b21d47f709a1,skill/competence,sector-specific,develop online community plan,design online community plan;establish online community plan;promote online community plan;expand online community plan;progress an online community plan,,,"Create the community's plan to grow the online community, build usage, retain recent users and increase the user's participation."
http://data.europa.eu/esco/skill/a80fb090-63f4-4b05-83a5-2f090deb7757,skill/competence,sector-specific,manage data collection systems,oversee data collection methods,,,"Develop and manage methods and strategies used to maximise data quality and statistical efficiency in the collection of data, in order to ensure the gathered data are optimised for further processing."
http://data.europa.eu/esco/skill/a812b11d-6e0a-4c5a-87ae-02bcc5ccfc9c,skill/competence,sector-specific,work independently in sales,function independently in sales;independently working in sales;serve independently in sales;act independently in sales;working independently in sales;perform independently in sales,,,"Develop one's own methods of operating with little to no supervision. Sell products, communicate with clients, and coordinate sales while working independently of others. Depend on one's self to perform day-to-day tasks."
http://data.europa.eu/esco/skill/a8460be3-f4ba-44a0-a961-0389069a3614,skill/competence,cross-sector,handle stressful situations in the work place,manage highly stressful situations in the workplace;deal with stressful situations;maintain composure in stressful working conditions;cope with highly stressful working conditions;remain level headed in stressful circumstances;handle stressful working conditions;maintain composure in stressful work environments;cope with stressful situations;endure stressful situations;cope with fast-paced situations;handle distressing situations;handle stressful situations,,,"Deal with and manage highly stressful situations in the workplace by following adequate procedures, communicating in a quiet and effective manner, and remaining level-headed when taking decisions."
http://data.europa.eu/esco/skill/a846cb9e-c152-41e7-bd34-45e7ff941e3b,knowledge,cross-sector,legal requirements of ICT products,legal requirements for the development and use of ICT products;international regulations for the use of ICT products;legal requirements for the development of ICT products;legal requirements for the design of ICT products;international regulations for the development and use of ICT products,,,The international regulations related to the development and use of ICT products.
http://data.europa.eu/esco/skill/a8585efe-4011-47b2-9aed-cd01bd3652c0,knowledge,cross-sector,legal research,judicial probing;judicial inquiries;judicial investigations;legal inquiries;legal analysis;legal investigations;legal probing;judicial analysis,,,"The methods and procedures of research in legal matters, such as the regulations, and different approaches to analyses and source gathering, and the knowledge on how to adapt the research methodology to a specific case to obtain the required information."
http://data.europa.eu/esco/skill/a8797f21-1af0-4c5e-98ca-bf1442929363,skill/competence,sector-specific,interact with users to gather requirements,communicate with users to gather requirements,,,Communicate with users to identify their requirements and collect them. Define all relevant user requirements and document them in an understandable and logical way for further analysis and specification.
http://data.europa.eu/esco/skill/a88da605-095f-4a4f-be1c-d1444df8228a,knowledge,cross-sector,digital media,digital video media;digital audio media,,,The set of medias that are transmitted through electronic devices.
http://data.europa.eu/esco/skill/a89a94fb-c417-49b4-a9a9-9a22e0f12697,skill/competence,sector-specific,manage data for legal matters,organise data for legal analysis;prepare data for legal processes;collect data for legal matters,,,"Collect, organise and prepare data for analysis and review during investigation, regulatory filings and other legal processes."
http://data.europa.eu/esco/skill/a8b25e83-4289-4687-bba3-e1d80c1fc73d,skill/competence,occupation-specific,identify stress points of customer interaction,improve customer-related inefficiences;anticipate and manage stress points of customer interaction;identify customer interaction stress points;identify points of customer stress interaction,,,"Determine inefficiencies, anomalies or inconsistencies in the way customers see your brand, service or product."
http://data.europa.eu/esco/skill/a8b3957f-08b4-4a76-927d-0b2e3d0dbd39,skill/competence,cross-sector,synthesise research publications,write research publications;synthesize research publications,,,"Read and interpret scientific publications that present a research problem, the methodology, its solution and hypothesis. Compare them and extract the information needed."
http://data.europa.eu/esco/skill/a8d24a95-47b3-4f88-92e7-06600bcd3612,skill/competence,cross-sector,manage personal professional development,develop own practice;continuously develop your own practices;research identify and resource your continuing professional development;identify priority areas for professional development;continuously develop own practice;manage personal lifelong learning;develop own practices continuously;conduct personal professional development;research own continuing professional development;develop own practice continuously;undertake responsibility on continuous professional development,,,Take responsibility for lifelong learning and continuous professional development. Engage in learning to support and update professional competence. Identify priority areas for professional development based on reflection about own practice and through contact with peers and stakeholders. Pursue a cycle of self-improvement and develop credible career plans.
http://data.europa.eu/esco/skill/a941f0e5-e015-4249-aaa4-25106dcbb4a1,skill/competence,sector-specific,cooperate with professionals,collaborate with specialists;participate with professionals;collaborate with professionals;work with professionals;work with specialists;participate with specialists,,,"Communicate with professionals of other organisations that support young people such as social care, health, police, education and local authorities in order to identify needs and areas of improvement in youth work, and to establish a collaborative relationship."
http://data.europa.eu/esco/skill/a9528a4e-1b25-4439-9b97-9df5795d4e10,skill/competence,occupation-specific,provide psychological health assessment strategies,offer psychological health assessment strategies;provide psychological assessment techniques;provide mental health assessment strategies;design psychological health assessment strategies,,,"Provide strategies, methods and techniques of psychological health assessment in specific areas of activity such as of pain, illness and stress management."
http://data.europa.eu/esco/skill/a95e0f9f-726e-4b0a-97c5-fa7a9d40ae8f,skill/competence,sector-specific,review social service plan,examine social service plan;review social service schedules;assess social service plans;assess social service plan;examine social service plans;review social service schedule,,,"Review social service plans, taking your service users' views and preferences into account. Follow up on the plan, assessing the quantity and quality of services provided."
http://data.europa.eu/esco/skill/a9661351-4d11-477e-9f8c-e22dab6596d6,skill/competence,sector-specific,apply decision making within social work,apply decision-making within social work;get involved in the decision-making process within social work;start decision making process within social work;decide within social work;take decisions within social work,,,"Take decisions when called for, staying within the limits of granted authority and considering the input from the service user and other caregivers."
http://data.europa.eu/esco/skill/a9c205ef-365a-4ae4-b905-cb48ba761ff0,skill/competence,cross-sector,impart business plans to collaborators,impart business plan to collaborators;imparting business plans to collaborators;impart business plans to collaborator,,,"Diffuse, present, and communicate business plans and strategies to managers, employees making sure that objectives, actions, and important messages are properly conveyed."
http://data.europa.eu/esco/skill/a9ccf7f8-6aeb-4eae-a0c8-4d30bc523aac,knowledge,occupation-specific,conditions for professional practice of health psychology,legal conditions for practicing health psychology;institutional conditions for practicing health psychology;professional practice conditions in health-psychology,,,"The institutional, legal and psychosocial conditions for professional practice of health psychology with the aim to apply them in the exercise of the psychological profession in health care."
http://data.europa.eu/esco/skill/a9dc215e-4e26-4ac0-b1e8-a721a88af813,skill/competence,occupation-specific,execute conversion testing,undertake conversion testing;carry out conversion testing;enact conversion testing;execute a conversion test;achieve conversion testing;conversion testing execution;executing conversion testing,,,"Plan, execute and measure conversion tests and experiments to test the possibility to convert one data format into another."
http://data.europa.eu/esco/skill/a9dc9e40-14a6-4899-93ec-29d5c79c2ebd,skill/competence,sector-specific,manage procurement planning,monitor procurement planning;oversee procurement planning;managing procurement planning,,,"Develop and implement procurement planning that translate the policy choices of the organisation into where and how public procurement should be used to cost-effectively purchase the required supplies, services or works in line with the desired policy impact."
http://data.europa.eu/esco/skill/aa238394-8126-4ada-be2f-9dfe065cf314,skill/competence,cross-sector,adhere to organisational guidelines,adhere to an organisational guideline;adhere to organizational guidelines;adhering to organisational guidelines;heed organisational guidelines;comply to organisational guidelines;adhere to an organisations guidelines;observe organisational guidelines;obey organisational guidelines,,,Adhere to organisational or department specific standards and guidelines. Understand the motives of the organisation and the common agreements and act accordingly.
http://data.europa.eu/esco/skill/aa56a80c-b4d5-495c-9c15-70b5a7933911,knowledge,cross-sector,rhetoric,debate;argument;oration,,,"The art of discourse that aims at improving the ability of writers and speakers to inform, persuade or motivate their audience."
http://data.europa.eu/esco/skill/aa7062ed-ebfb-4876-8fa5-a7c72c8b6ffb,skill/competence,cross-sector,translate spoken language,translate verbal language;interpret spoken language;translating spoken language;translate spoken languages;translate oral language,,,"Translate the dialogue between two speakers and the speeches of individuals into written text, oral or sign language in your mother tongue or in a foreign language."
http://data.europa.eu/esco/skill/aa7eac5f-dc9d-401a-b197-c9c455d78c95,skill/competence,cross-sector,integrate marketing strategies with the global strategy,integrating marketing strategies with the global strategy;integrate marketing strategy with the global strategy;incorporate marketing strategies with the global strategy;implement marketing strategies with the global strategy,,,"Integrate the marketing strategy and its elements such as the market definition, competitors, price strategy, and communication with the general guidelines of the global strategy of the company."
http://data.europa.eu/esco/skill/aa8b0abf-7ff0-4fbb-b85e-5364badbf214,skill/competence,sector-specific,create advertisements,develop advertisements;create ads;come up with advertisements;creating advertisements;design advertisements,,,"Use your creativity to draft advertiments. Keep in mind the costumer's requirements, target audience, media and marketing objectives."
http://data.europa.eu/esco/skill/ab1e97ed-2319-4293-a8b7-072d2648822f,knowledge,sector-specific,database management systems,PointBase Embedded;R:Base;Adaptive Server Anywhere;Oracle Lite;Rdb;Interbase;Velocis;Jasmine ii;Raima Database Manager;IDMS;YARD-SQL;Versant;Oracle 8I;Db.linux;NonStop SQL;Quadbase SQL Server;PointBase Network Server;Pervasive.SQL 2000;UniData;UniSQL;Adaptive Server Enterprise;Db.star;POET Object Server Suite;Informix Dynamic Server 2000;Informix Extended Parallel Server;DBMS;Cloudscape;SUPRA;database systems;SQLBase;IMS DB;Peoplesoft;Datacom;DB2 Everyplace;Sybase;PointBase Mobile;Model 204;Advantage Database Server;Pervasive.SQL Workgroup;Adabas D;TimesTen;DB engines;Adabas;Objectivity DB;SQL;Ingres ii,PointBase Embedded;Apache;Adaptive Server Anywhere;Rdb;Velocis;Jasmine ii;IDMS;Raima Database Manager;Oracle Lite;Oracle 8I;Pervasive.SQL 2000;UniData;Db.star;Adaptive Server Enterprise;NonStop SQL;Versant;Informix Extended Parallel Server;Cloudscape;SUPRA;IMS DB;Interbase;UniSQL;Db.linux;Microsoft Access;DB2 Everyplace;YARD-SQL;SQLBase;R:Base;Advantage Database Server;POET Object Server Suite;Pervasive.SQL Workgroup;TimesTen;Adabas;Quadbase SQL Server;Datacom;Informix Dynamic Server 2000;PointBase Mobile;Model 204;Ingres ii;PointBase Network Server;Adabas D;Objectivity DB,,"The tools for creating, updating and managing databases, such as Oracle, MySQL and Microsoft SQL Server."
http://data.europa.eu/esco/skill/ab49f767-296b-47d5-af56-0b4a69515b03,skill/competence,sector-specific,maintain ICT identity management,,,,"Administer identification, authentication and authorisation of individuals within a system and control their access to resources by associating user rights and restrictions with the established identity."
http://data.europa.eu/esco/skill/ab67fbfb-0ca7-4345-8bf6-af8f59480212,skill/competence,sector-specific,design database backup specifications,create database backup specifications;draft database backup specifications;specify database backup procedures;define database backup specifications;lay out database backup specifications,,,Specify procedures to be performed on databases which ensure the copying and archiving of data for possible restoration in case of a data loss event.
http://data.europa.eu/esco/skill/ab927ee8-acd9-41c2-aef0-2020364a1003,knowledge,sector-specific,principles of insurance,relevance of insurance principles;application of insurance principles;relevance of principles of insurance;range of insurance principles;scope of principles of insurance;range of principles of insurance;application of principles of insurance;scope of insurance principles,,,"The understanding of the principles of insurance, including third party liability, stock and facilities."
http://data.europa.eu/esco/skill/ab986bc4-df92-4351-9ac1-aa75af943cf7,skill/competence,cross-sector,perform clerical duties,do administration work;perform administration duties;executing administration;execute administration;keep professional administration documents;organise professional administration records;carry out office work;maintain professional administration;perform clerk duties;performing clerical duties;perform administrative tasks,,,"Perform administrative tasks such as filing, typing up reports and maintaining mail correspondence."
http://data.europa.eu/esco/skill/aba1f05b-f312-47d8-be71-7c574134de8f,knowledge,cross-sector,advertising techniques,an advertising techniques;advertising methods;advertising technique;advertising performance;techniques of advertising;advertising approaches;advertising skills,,,"The communication strategies intended to persuade or encourage an audience, and the different media which are used to achieve this goal."
http://data.europa.eu/esco/skill/abadc923-3b82-4ef6-91b5-a59da89a097e,skill/competence,occupation-specific,sign income tax returns,certify income tax returns;sign income tax return;sign tax returns;authenticate income tax returns;signing income tax returns;validate income tax returns,,,"Revise, file, and act as a guarantee reference that the income tax returns are in order and according to the governmental requirements."
http://data.europa.eu/esco/skill/abbf6f61-04eb-4e1a-9694-05ba28ac38bf,skill/competence,cross-sector,maintain privacy,ensure privacy;maintaining privacy;keep up privacy,,,Work with clients on a confidential basis. Respect your clients' privacy by not disclosing any personal information about them. Also do not disclose personal information about yourself to the clients. Make sure clear rules are set to maintain confidentiality.
http://data.europa.eu/esco/skill/ac516e9b-8bfa-4b72-8e3e-340b0a3a51d5,skill/competence,sector-specific,manage content development projects,implement content strategy,,,"Plan and implement the creation, delivery and management of digital or printed content, develop a system that describes the entire editorial content development and publishing process and use ICT tools to support the process."
http://data.europa.eu/esco/skill/ac6d3eaf-7a85-495a-b12a-a0f66de8712a,skill/competence,sector-specific,supervise students in social services,supervise a student in social services;share expertise with students in social services;act as mentor for social work students;supervise students in social service;mentor social work students during their work placements,,,Supervise social work students while they are on social work placement. Share expertise and train them to execute their responsibilities well.
http://data.europa.eu/esco/skill/ac6ff889-328b-46ea-a8ee-e196443b2447,skill/competence,cross-sector,counsel clients,provide counselling;assist and guide clients;provide counseling,,,"Assist and guide clients to overcome their personal, social, or psychological issues."
http://data.europa.eu/esco/skill/ac7267c8-4b65-4622-9d8d-3532e5c7faa7,knowledge,occupation-specific,psychophysiology,cognitive psychophysiology,,,"The study that examines the relation between the mind and the body. In other words, this study investigates physical responses to thoughts and emotions."
http://data.europa.eu/esco/skill/acf0a78c-f4e3-4bd9-a5cc-9cf4791b3b95,skill/competence,sector-specific,implement a virtual private network,implementing a virtual private network;VPN installing;implement a VPN;virtual private network installing;virtual private network implementing;VPN implementing;installing a virtual private network;implementing a VPN;installing a VPN;install a VPN,,,"Create an encrypted connection between private networks, such as different local networks of a company, over the internet to ensure that only authorized users can access it and that the data cannot be intercepted."
http://data.europa.eu/esco/skill/ad2552dc-fa50-417f-8d05-493089242fd2,skill/competence,sector-specific,monitor therapeutic progress,monitor therapy progress;monitor therapeutic improvement;record therapeutic progresses;monitor curative progress;monitor therapeutic advances;observe therapeutic progress;monitor therapeutic developments;monitor improvement of therapeutic treatment;record therapeutic progress;monitor therapeutic development;observe therapeutic progresses;monitor curative progresses;monitor therapy progresses;monitor therapeutic evolution;monitor therapeutic advance,,,Monitor therapeutic progress and modify treatment according to each patient's condition.
http://data.europa.eu/esco/skill/ad28c970-6bc7-4fff-9c01-0f4d67769de3,skill/competence,sector-specific,develop revenue generation strategies,evaluate revenue generation strategies;launch revenue generation strategies;produce revenue generation strategies;developing revenue generation strategies;development of revenue generation strategies;establish revenue generation strategies;develop a revenue generation strategy,,,Elaborate methodologies through which a company markets and sells a product or service to generate income.
http://data.europa.eu/esco/skill/ad59afe4-6f8a-4bc4-acfd-0f228277508a,knowledge,cross-sector,statistical analysis system software,statistical analysing of system software;statistical analysis of system software;statistical analysis of software systems;statistical analysis system programme;statistical analysis system operating system;statistical analysis system application,STATA;SPSS;SPSS Statistical Tool,This includes SPSS.,"Specific software system (SAS) used for advanced analytics, business intelligence, data management, and predictive analytics."
http://data.europa.eu/esco/skill/ad649b0b-ced2-48b6-be0a-0c35e07a445f,knowledge,sector-specific,human psychological development,theory of personality development;psychological aspects of human development;psychological human development;theories of personality development,,,"The human psychological development across the lifespan, theories of personality development, cultural and environmental influences, human behavior, including developmental crises, disability, exceptional behavior, and addictive behavior."
http://data.europa.eu/esco/skill/ad7dbf6b-7c37-42c0-8566-328249a3d21d,knowledge,cross-sector,investigation research methods,investigation survey plans;investigation survey approaches;investigation survey processes;investigation research plans;investigation research arrangements;investigation survey arrangements;investigation research processes;investigation research approaches,,,"The methods and strategies used to conduct police, government intelligence or military investigation research, as well as the research regulations specific to the operation."
http://data.europa.eu/esco/skill/adcca622-b933-4ba3-bc43-bf371879edc3,knowledge,sector-specific,data security principles,data security methods;information security principles,,,"The principles of information and data security. They include, among others, confidentiality, integrity, and availability."
http://data.europa.eu/esco/skill/add39442-b8ca-4412-8156-391db53b0c5d,knowledge,cross-sector,manage healthcare staff,manage human resources in healh care;manage staff in healthcare;take responsibility for staff in healthcare;manage health care staff;manage human resources in healthcare,,,The managerial tasks and responsibilities required in a health care setting.
http://data.europa.eu/esco/skill/ae4ea3e1-3c1a-45b0-96a7-106988c053c0,skill/competence,sector-specific,provide customer information related to repairs,arrange customer information related to repairs;provide customer information related to a repair;contribute customer information related to repairs;furnish customer information related to repairs;providing customer information related to a repair;administer customer information related to repairs;providing customer information related to repairs,,,"Inform customers about necessary repairs or replacements, discuss products, services and costs, include accurate technical information."
http://data.europa.eu/esco/skill/ae4f0cc6-e0b9-47f5-bdca-2fc2e6316dce,skill/competence,sector-specific,manage ICT virtualisation environments,manage ICT virtualization machines;manage virtualisation of servers and workstations;manage containerization,,,"Oversee tools, such as VMware, kvm, Xen, Docker, Kubernetes, and others, used to enable a virtual environments for different purposes such as hardware virtualization, desktop virtualisation, and operating system level virtualisation."
http://data.europa.eu/esco/skill/ae6af2c6-890d-40a7-9849-326a8c21df76,skill/competence,cross-sector,coordinate advertising campaigns,coordinate an advertising campaign;regulate advertising campaigns;oversee advertising campaigns;coordinating an advertising campaign;coordinating advertising campaigns;arrange advertising campaigns;organise advertising campaigns,,,"Organise course of action to promote a product or service; oversee the production of TV advertisements, newspaper and magazine ads, suggest mail packs, email campaigns, websites, stands and other advertising channels."
http://data.europa.eu/esco/skill/aec8ca21-4a5c-4ca6-ab60-939580010d39,skill/competence,sector-specific,perform therapy sessions,hold therapy session;perform therapy session;carry out therapy sessions;conduct therapy sessions;deliver therapy sessions,,,Work in sessions with individuals or groups to deliver therapy in a controlled environment.
http://data.europa.eu/esco/skill/af313ba1-a39e-49ac-99ec-94630fbe4f7f,skill/competence,sector-specific,develop code exploits,develop software exploits,,,Create and test software exploits in a controlled environment to uncover and check system bugs or vulnerabilities.
http://data.europa.eu/esco/skill/af607e5e-4ba1-4e5f-a2a6-dc05806567c7,skill/competence,sector-specific,coordinate technological activities,coordinate IT activities,,,Give instructions to colleagues and other cooperating parties in order to reach the desired outcome of a technological project or achieve set goals within an organisation dealing with technology.
http://data.europa.eu/esco/skill/af6ea157-8c10-4c5b-8015-0e184946127a,skill/competence,cross-sector,outline blockchain-based identity management,explain blockchain-based identity management system,,,"Outline blockchain-based identity management and access control in terms of how they work, what their benefits are compared to current solutions, and how they can be applied for specific applications."
http://data.europa.eu/esco/skill/afa14e38-5973-4cce-a077-f796c1ced2cc,knowledge,sector-specific,blockchain,blockchain technology,,,"A decentralised, public and distributed digital ledger that is employed to record transactions between many computers. It guarantees that the records cannot be modified retroactively without the consensus of the entire network namely all of the subsequent blocks in the chain."
http://data.europa.eu/esco/skill/afa3b020-a48c-45a8-a2ff-77d0b9df5381,skill/competence,sector-specific,apply holistic approach within social services,apply a holistic approach in social services;work with a holistic approach within social services;apply holistic approach within social service;consider all dimensions of social service users' situations;have a holistic approach in social services,,,"Consider the social service user in any situation, recognising the connections between micro-dimension, meso-dimension, and macro-dimension of social problems, social development and social policies."
http://data.europa.eu/esco/skill/afda6ca0-7aa8-41ef-ba5e-8dc607839daf,knowledge,cross-sector,computer graphics,vector graphics;interactive computer graphics,Blender;Autodesk Maya;3ds Max;ANSYS,,"The field that merges approaches from computer science and design. It involves the process of creating images, 3D models generation, as well as the rendering, texturing and lighting them. Its applications vary from digital photography, film and video games, and the display of images on electronic devices."
http://data.europa.eu/esco/skill/afdcb380-ef9f-4785-b877-cc551f035034,knowledge,cross-sector,agronomy,methods of agronomy;principles of agronomy;sustainable agronomical principles and methods;agronomy knowledge;scope of economics of agriculture;agro-economics;scope of agro-economics;economics of agriculture;agricultural economics;techniques of agronomy;scope of agricultural economics,,,The study of combining agriculture production and protection and regeneration of natural environment. It includes the principles and methods of critical selection and adequate application methods for sustainability in agriculture.
http://data.europa.eu/esco/skill/afdee309-07f9-464e-ad3b-29f4e539da88,skill/competence,cross-sector,conduct health related research,conduct health-related research;conduct medical research;apply medical research techniques;carry out health-related research;carry out medical research,,"Research topics may include illness, acute, chronic and non-communicable conditions, public health, clinical research, health promotion and disease prevention topics.","Conduct research in health related topics and communicate findings orally, through public presentations or by writing reports and other publications."
http://data.europa.eu/esco/skill/afe9c5d2-e8bd-4377-9d2d-49b9589f05f9,skill/competence,cross-sector,analyse the credit history of potential customers,analyze the credit history of potential customers;scrutinise the credit history of potential customers;investigate the credit history of potential customers;test the credit history of potential customers;analyse the credit history of a potential customer;analysing the credit history of potential customers;search the credit history of potential customers;analysis of the credit history of potential customers,,,Analyse the payment capacity and credit history of potential customers or business partners.
http://data.europa.eu/esco/skill/b0096dc5-2e2d-4bc1-8172-05bf486c3968,skill/competence,sector-specific,design application interfaces,design API,,Application interfaces include Application Programming Interfaces (API).,"Create and program application interfaces, their operations, inputs and outputs and underlying types."
http://data.europa.eu/esco/skill/b011c8b4-76e1-4bbc-8bb9-1d205e7b618a,knowledge,cross-sector,market analysis,market research;market studies;marketing analysis;analysis of the market,,,The field of market analysis and research and its particular research methods.
http://data.europa.eu/esco/skill/b0132abb-7e1f-4b03-ae15-c7de85e6e8ca,knowledge,cross-sector,value-added tax law,value-added tax legislation;value-added tax statutes;value-added taxation laws;value-added taxation law;value-added tax regulation;value-added tax rules;value-added tax laws,,,Taxes imposed on the purchase prices of goods and the legislation that governs this activity.
http://data.europa.eu/esco/skill/b02b38c4-d46d-44da-9479-1310060bd74d,knowledge,cross-sector,asset management,total wealth management,,,The process of increasing total wealth over time through investments that have potential to grow in value.
http://data.europa.eu/esco/skill/b04f377b-ee80-4b38-aca1-19d266a23b17,skill/competence,cross-sector,analyse business requirements,analyze business requirements;analyse customer product risks;business requirements analysis,,,Study clients' needs and expectations for a product or service in order to identify and resolve inconsistencies and possible disagreements of involved stakeholders.
http://data.europa.eu/esco/skill/b0560439-14eb-41d1-aa53-1938efc24123,knowledge,cross-sector,content marketing strategy,content marketing plan;content marketing proposal;content marketing blueprint;content marketing strategies;a contents marketing strategy;contents marketing strategy,,,The process of creation and share of media and publishing content in order to acquire customers.
http://data.europa.eu/esco/skill/b0565bd9-29c8-42f6-b174-702970fc2f4f,skill/competence,sector-specific,produce sales reports,producing sales reports;produce sales summaries;produce a sales report;produce sales notes;produce sales descriptions;produce sales details;producing a sales report,,,"Maintain records of calls made and products sold over a given time frame, including data regarding sales volumes, number of new accounts contacted and the costs involved."
http://data.europa.eu/esco/skill/b078d38c-7dd4-4efc-b333-7633d8bf6259,skill/competence,cross-sector,monitor stock market,audit stock market;monitor the stock exchange;monitor wall street;observe stock market;monitor commodities exchange,,,Observe and analyse the stock market and its trends on a daily basis to gather up-to-date information in order to develop investment strategies.
http://data.europa.eu/esco/skill/b08ec8ff-1a3e-4cc3-8016-9520b21666a6,skill/competence,cross-sector,exert expenditure control,exert control of expenditures;exert expenditure controls;control expenditure spending;monitor expenditures,,,"Analyse expenditure accounts against the income and usages of different company units, companies, or organisms at large. Recommend usage of financial resources in efficient manners."
http://data.europa.eu/esco/skill/b0a3bb25-a02f-43ed-ab1f-994fa66a424a,knowledge,sector-specific,online analytical processing,OLAP databases;Cube databases;OLAP,,,"The online tools which analyse, aggregate and present multi-dimensional data enabling users to interactively and selectively extract and view data from specific points of view."
http://data.europa.eu/esco/skill/b0b453d0-c5d2-4799-ab26-8d90b17d0e67,skill/competence,cross-sector,develop account strategy,plan account strategy;design account strategy;build account plans;define an account strategy,,,Create the strategic goals and actions for future interaction with an account for the organisation.
http://data.europa.eu/esco/skill/b105ec9b-0857-41d6-8d07-a83e58b73d90,knowledge,sector-specific,ICT system programming,network programming;server side programming,,,"The methods and tools required to develop system software, specifications of system architectures and interfacing techniques between network and system modules and components."
http://data.europa.eu/esco/skill/b1272de4-1f5f-408b-8b26-061f2550fc72,knowledge,sector-specific,e-commerce systems,e-commerce system;e-commercial systems;e commerce organisation;e commerce structure;e-commerce scheme;e-commerce arrangement;e-commercial system,Shopify,,"Basic digital architecture and commercial transactions for trading products or services conducted via Internet, e-mail, mobile devices, social media, etc."
http://data.europa.eu/esco/skill/b1604a2d-c26a-427d-bda9-b8073a319fe9,skill/competence,sector-specific,adjust ICT system capacity,adjust ICT network capacity,,,"Change the scope of an ICT system by adding or reallocating additional ICT system components, such as network components, servers or storage to meet capacity or volume demands."
http://data.europa.eu/esco/skill/b17f4305-741a-4a1c-8fe8-6f11cb3d5c0a,knowledge,cross-sector,business communication,business communication process,,,The process of effectively communicating within the workplace and to external bodies to achieve organisational goals.
http://data.europa.eu/esco/skill/b191a064-0c14-424e-8582-8c9f8c9f305a,skill/competence,occupation-specific,create brand guidelines,create a brand guideline;establish brand guidelines;produce brand guidelines;creating brand guidelines;design brand guidelines;creating a brand guidelines;develop brand guidelines,,,Develop and implement guidelines for strategic brand handling by all stakeholders; discuss relevant content such as future expectations and brand guidelines; be prepared to face challenges.
http://data.europa.eu/esco/skill/b1a1149a-9bc5-468d-9d09-f6d171cfd619,skill/competence,cross-sector,value properties,assess properties;valuing property;evaluate properties;value property;price properties;valuate properties;valuing properties,,,Examine and evaluate land and buildings in order to make valuations about their price.
http://data.europa.eu/esco/skill/b1d8b079-135d-4ebc-a1b4-e5d7db8af679,skill/competence,sector-specific,draft legislation,draft laws;draft regulations;develop regulations;develop rules;develop statutes;draft statutes;develop laws;draft rules,,,Undertake the drafting of pieces of legislation in order to make areas of law which need reform more harmonized and clear.
http://data.europa.eu/esco/skill/b1fd9eda-3d2e-48ef-9c1d-0ba318e3c7e6,skill/competence,cross-sector,supervise work,giving direction to subordinates;give direction to subordinates;supervising of work;directing subordinates;supervising work;direction of subordinates;supervision of work;work supervision;direct subordinates,,,Direct and supervise the day-to-day activities of subordinate personnel.
http://data.europa.eu/esco/skill/b214f28d-05ab-4f9b-aa9d-53a68bb7279b,skill/competence,occupation-specific,decide on providing funds,decide on transferring funds;decide on granting funds;decide on arranging funds;decide on giving funds,,,"Take into account the potential risks involved in providing an organisation or project with funding, and which benefits this may deliver the funder, in order to decide on whether to provide the necessary funds or not."
http://data.europa.eu/esco/skill/b215031a-dd21-48b1-a998-75d6373838d8,skill/competence,sector-specific,communicate with customer service department,undertake communication with customer service department;work in communication with customer services;operate in communication with customer service department;liaise with customer service department;correspond with customer services;work in communication with customer service department;communicate with customer services;perform liaison with customer service department;liaise with customer services;correspond with customer service department,,,Communicate with customer service in a transparent and collaborative manner; monitor how service is operating; relay real-time information to customers.
http://data.europa.eu/esco/skill/b216d9a2-7d4e-4312-8d05-e375f4ab44d8,skill/competence,cross-sector,ensure cross-department cooperation,build effective cross-group cooperation;ensure cooperation cross-department;ensure cross-departmental cooperation;communicate effectively across teams,,,"Guarantee communication and cooperation with all the entities and teams in a given organisation, according to the company strategy."
http://data.europa.eu/esco/skill/b21e2984-c6b2-4352-bbe8-8f3b03bd50f6,knowledge,cross-sector,medical informatics,medical-informatics;medical data informatics;informatics for medicine,,,The processes and tools used for the analysis and dissemination of medical data through computerized systems.
http://data.europa.eu/esco/skill/b24b1b8e-bc16-4280-a599-8e2ee1ed962b,knowledge,cross-sector,action research,action inquiry;action investigation,,,"The research approach that consists of investigating as well taking action towards an issue. It is employed by educators facing specific issues in teaching as well as by those who do not face issues, but aim to improve their conduct."
http://data.europa.eu/esco/skill/b28f0d4b-ebb5-44f9-90e4-f8afe29ae42d,skill/competence,sector-specific,preserve meaning of original speech,preserving meaning of original speech;maintain meaning of original speech;keep meaning of original speech;respect meaning of original speech;preserve original speech meaning,,,"Translate speech without adding, changing or omitting anything. Make sure the original message is conveyed and do not express your own feelings or opinions. Work to keep the intended meaning."
http://data.europa.eu/esco/skill/b2a9587a-49a4-4384-b134-0d394be806e3,skill/competence,cross-sector,adapt teaching to target group,modify teaching to target group;adapting teaching to target group;adapts teaching target group;adjust teaching to target group,,,"Instruct students in the most fitting manner in regards to the teaching context or the age group, such as a formal versus an informal teaching context, and teaching peers as opposed to children."
http://data.europa.eu/esco/skill/b30b6e13-6688-4035-b99b-fb3a1def0833,skill/competence,cross-sector,archive scientific documentation,archiving of scientific documentation;save scientific documentation;store scientific documentation;archive scientific documents;scientific documentation archive;archiving scientific documentation;file scientific documentation,,,"Store documents such as protocols, analysis results and scientific data using archiving systems to enable scientists and engineers to take methods and results from previous studies into account for their research."
http://data.europa.eu/esco/skill/b32e593b-cc7f-4f38-bf50-e69431ec7ada,skill/competence,cross-sector,demonstrate when teaching,exhibit when teaching;demonstrate teaching;demonstrates when teaching;demonstrating when teaching;present examples of teaching experience;show when teaching;display when teaching,,,"Present to others examples of your experience, skills, and competences that are appropriate to specific learning content to help students in their learning."
http://data.europa.eu/esco/skill/b34e2ba1-9080-48c9-9b42-ee9192a4d3f1,skill/competence,cross-sector,use CAD software,adopt CAD software;operate CAD software;apply CAD software;use of CAD software;handle CAD software;using CAD software;CAD software use,,,"Use computer-aided design (CAD) systems to assist in the creation, modification, analysis, or optimisation of a design."
http://data.europa.eu/esco/skill/b3a4924a-f793-485c-8dc1-54e12198d95d,knowledge,cross-sector,property law,real property law;real estate law;property contract rules;property legislation,,,"The law and legislation that regulates all the different ways to handle property, such as the types of property, how to handle property disputes and property contract rules."
http://data.europa.eu/esco/skill/b3c8eada-b0a8-4b61-968b-b354fbfb6874,skill/competence,sector-specific,configure ICT system,set up ICT systems,,,Set up and customise an ICT system to meet requirements during initial implementation as well as when new business needs arise.
http://data.europa.eu/esco/skill/b3d9442d-1fb8-46cd-a947-154a42221f28,skill/competence,occupation-specific,write job descriptions,writing job descriptions;write descriptions of jobs;write job description;create job descriptions;come up with job descriptions,,,"Prepare a description of the required profile, qualifications and skills for a specific function, by doing research, analyse the activities to be performed and get information from the employer."
http://data.europa.eu/esco/skill/b3f22ab4-b553-439d-80a2-5b8ae6d11e0d,knowledge,sector-specific,labour law,"labour laws;workers' law;labour statutes;labour rules and regulations, workers' law;labor law",,,"The field of law that is concerned with the regulation of the relationship between employers, employees, trade unions, and the government."
http://data.europa.eu/esco/skill/b4057ecb-06d6-45db-a352-ce73e3fd991d,knowledge,sector-specific,blockchain history,blockchain technology history;history of blockchain,,,Key historical facts and milestones in the blockchain technology as well as the implementations and applications that emerged on top of it.
http://data.europa.eu/esco/skill/b43e06ef-2f3e-496b-8ea4-4dbf68109183,skill/competence,occupation-specific,handle requests for new product items,utilise requests for new product items;handle requests for a new product item;work on requests for new product items;respond to requests for new product items;control requests for new product items;handling requests for new product items;handle a request for new product items,,,Pass end user requests for new products to the relevant business function; update catalogue after approval.
http://data.europa.eu/esco/skill/b483124c-180c-4d3a-8b7c-72e4e7a5b49b,knowledge,cross-sector,migration,internal migration;movement of people from one geographical location to another;human migration;migration paradigms;principles of migration;migration principles;international migration;movement of people;permanent movement of people from one geographical location to another;movement of people from one location to another,,,"The movement of people from one geographical location to another, and the commensurate impact on social, cultural, political and economical aspects."
http://data.europa.eu/esco/skill/b4832996-b36c-40b2-b54e-780325b2546e,skill/competence,cross-sector,adapt training to labour market,adapt instruction to labor market;adjust instruction to labour market;adapting instruction to labour market;adapt instruction to labour markets;update instruction to labour market;modify instruction to labour market;adapting instruction to labour markets,,,Identify developments in the labour market and recognise their relevance to the training of students.
http://data.europa.eu/esco/skill/b4910ea9-578d-4767-bd68-00a315a64e09,skill/competence,cross-sector,evaluate older adults' ability to take care of themselves,evaluate senior citizens' ability to take care of themselves;assess autonomy of older adults;assess the condition of older adults regarding their ability to take care of themselves;evaluate ability of older adults to take care of themselves;evaluate older adults' abilities to take care of themselves,,,Assess the condition of an older patient and decide if he or she needs assistance in taking care of him- or herself to eat or to bathe and in meeting his/hers social and psychological needs.
http://data.europa.eu/esco/skill/b497a163-daf4-4f1b-a6ba-8c640d803979,knowledge,cross-sector,debt systems,debt schemes;debt system;debt arrangements;a debt system;debt structures;system of debt,,,The processes needed to obtain goods or services before payment and when a sum of money is owed or overdue.
http://data.europa.eu/esco/skill/b4c100f7-b115-4886-b3ea-9469b9b6c477,skill/competence,occupation-specific,determine cause of death,investigate cause of dying;identify cause of dying;report on cause of death;investigate cause of death;identify cause of death;report on cause of dying,,,"Determine the cause of death of a recently deceased individual in order to assess whether the death was from natural or abnormal causes, and to aid government officials in investigations related to the individual or circumstances of their death."
http://data.europa.eu/esco/skill/b4dc6e4f-dc7d-445f-8ce2-d7b9d225e282,knowledge,sector-specific,AJAX,AJAX technology;AJAX software;AJAX techniques,,,"The techniques and principles of software development, such as analysis, algorithms, coding, testing and compiling of programming paradigms in AJAX."
http://data.europa.eu/esco/skill/b55f61a4-5f9e-4741-ba95-9ac04b64119b,skill/competence,cross-sector,work in a multicultural environment in health care,work in multi-cultural environment in health care;work in a multicultural healthcare environment;work in a multicultural environment in healthcare;work in a multicultural setting in health care;work in a multicultural setting in healthcare;interact with individuals from a variety of cultures,,,"Interact, relate and communicate with individuals from a variety of different cultures, when working in a healthcare environment."
http://data.europa.eu/esco/skill/b5af495b-61f1-4330-9891-dca56d97d714,skill/competence,cross-sector,communicate with youth,communicate with young adults;communicate with children and young people;communicate with adolescents;adapt communication to children and young people,,,"Use verbal and non-verbal communication and communicate through writing, electronic means, or drawing. Adapt your communication to children and young people`s age, needs, characteristics, abilities, preferences, and culture."
http://data.europa.eu/esco/skill/b5cb259e-83e7-48f5-950e-245d5b5fd6d0,skill/competence,cross-sector,draft accounting procedures,drafting accounting procedure;write up accounting procedures;draft accounting procedure;draft procedures for accounting;establish accounting procedures,,,"Lay down standard methods and guidelines to regulate bookkeeping and accounting operations, including determining the bookkeeping system used to record financial transactions."
http://data.europa.eu/esco/skill/b5feaf25-3975-4e74-85fd-4470e344ba2e,skill/competence,cross-sector,advise on tax policy,help with fiscal policy;recommend tax policy;help with tax policy;instruct on tax policy;instruct on fiscal policy;commend tax policy;recommend fiscal policy;commend fiscal policy,,,"Advise on changes in tax policies and procedures, and the implementation of new policies on a national and local level."
http://data.europa.eu/esco/skill/b633eb55-8f1f-4ae6-ab4c-2022ffe2cb7f,knowledge,sector-specific,C++,C++ software;C++ framework,,,"The techniques and principles of software development, such as analysis, algorithms, coding, testing and compiling of programming paradigms in C++."
http://data.europa.eu/esco/skill/b6446f23-37fb-42b0-95d2-f9324767500a,skill/competence,occupation-specific,provide psychological interventions to chronically ill persons,perform psychological interventions for patients with chronic illnesses;perform psychological intervention for chronic disease;provide psychological interventions to chronically ill people;perform mental intervention for chronic illness;provide mental intervention for chronic illness;provide psychological intervention for chronic illness;perform psychological interventions for persons with chronic diseases,,,"Provide psychological interventions to patients and their family members associated with chronic illnesses such as cancer and diabetes. Intervention and treatments may include management of pain, stress and other symptoms, anxiety reduction, and adjustment to illness or dementia."
http://data.europa.eu/esco/skill/b679ef35-eebf-4da8-8e45-fee6841c3214,skill/competence,cross-sector,collaborate in the development of marketing strategies,work together in the development of marketing strategies;team up with in the development of marketing strategies;collaborating in the development of marketing strategy;collaborate in the development of marketing strategy;cooperate in the development of marketing strategies;collaborate in marketing strategies development,,,Work together with a group of professionals to develop marketing strategies performing market analysis and financial viability while staying aligned with the company's goals.
http://data.europa.eu/esco/skill/b6e84c79-b9a3-415a-a1af-6149b3fba650,knowledge,cross-sector,sport games rules,sports rules;sport games guidelines;sport games regulations;sport rules,,,"The rules and regulations of sport games such as football, soccer, tennis, and others."
http://data.europa.eu/esco/skill/b6f3157d-3468-4e8e-96c7-cb9dd081fdfa,skill/competence,occupation-specific,advise on trial strategies,recommend hearing strategies;commend hearing strategies;instruct on hearing strategies;suggest hearing strategies;recommend trial strategies;instruct on trial strategies;commend trial strategies;suggest trial strategies,,,"Advise lawyers or other court officials in their preparation for a court trial by helping them prepare legal arguments, researching the jury and judge, and advising on strategic decisions which may help to influence the case to the client's favoured outcome."
http://data.europa.eu/esco/skill/b71e3394-599c-4205-a592-1778e45626ec,skill/competence,sector-specific,critically reflect on artistic production processes,analyse critically outcomes of production process;critically observe artistic production process;critically reflect on processes of artistic productions;reflect critically on artistic production processes,,,Critically reflect upon processes and outcomes of the artisitc production process in order to ensure quality of experience and/or product.
http://data.europa.eu/esco/skill/b77b7ac5-f25f-4baf-8e49-dcd4f31899f2,skill/competence,cross-sector,contribute to public health campaigns,develop advanced plans of action for health promotion;contribute to public health activities;commit to public health activities;develop advanced health promotion plans;contribute to public health programmes;plan public health campaigns;establish advanced health promotion strategies;develop advanced health promotion projects;implement relevant public health strategies;promote advanced public health strategies;promote advanced health promotion priorities;commit to public health campaigns;establish advanced health promotion strategy;contribute to public health strategy;evolve advanced health promotion strategies;identify health promotion priorities;contribute to public health projects;develop advanced health promotion approaches;contribute to public health activity;contribute to public health campaign;develop advanced health promotion programs;contribute to public health strategies,,,"Contribute to local or national public health campaigns by evaluating health priorities, the government changes in regulations and advertising the new trends in relation to health care and prevention."
http://data.europa.eu/esco/skill/b7c8f418-08d5-45d6-b697-ab26c6ecbfb4,skill/competence,cross-sector,ensure client orientation,be friendly with customers;enable customer focus;demonstrate customer orientation;ensure customer orientation;demonstrate service-oriented attitude;enjoy dealing with customers;assure client orientation;ensuring client orientation;ensure customer focus;secure client orientation;provide customer services;provide client orientation;ensure clients orientation;enable client orientation;provide client support services,,,"Take actions which support business activities by considering client needs and satisfaction. This involves understanding what customers want, providing advices, selling products and services or processing complaints, while adopting a positive attitude."
http://data.europa.eu/esco/skill/b7dbaaab-ea76-4f23-b45c-69d715b52f43,skill/competence,cross-sector,develop licensing agreements,evaluate licensing agreements;developing a licensing agreement;produce licensing agreements;developing licensing agreements;develop a licensing agreement;establish licensing agreements;launch licensing agreements,,,Compose the conditions and terms related to assigning limited use rights for properties or services.
http://data.europa.eu/esco/skill/b7e57889-a84f-440c-9e60-459aa69979e9,skill/competence,sector-specific,analyse supply chain trends,determine distribution activities;carry out analyses of supply chain trends;perform analyses of supply chain trends;forecast a distribution activity;perform supply chain analysis activities;evaluate supply chain trends;analyze supply chain trends;analyse evolutions in supply chains;assess trends in supply chains;conduct evaluations of supply chain trends;analyse trends in supply chains;assess supply chain trends;make assessments of supply chain tends,,,"Analyse and make predictions about trends and evolutions in supply chain operations in relation to technology, efficiency systems, types of products shipped, and logistical requirements for shipments, in order to remain at the forefront of supply chain methodologies."
http://data.europa.eu/esco/skill/b8271c8a-cba6-4baa-80f5-6361af3f07e3,skill/competence,sector-specific,ensure adherence to organisational ICT standards,guarantee adherence to organisational ICT standards;enforce adherence to corporate ICT regulations;guarantee compliance with company IT standards,,,"Guarantee that the state of events is in accordance with the ICT rules and procedures described by an organisation for their products, services and solutions."
http://data.europa.eu/esco/skill/b8316819-feca-403d-902f-a86562fd91e9,skill/competence,cross-sector,analyse transport business networks,analyse networks of transportation businesses;analyze transport business networks;analyse networks of transport businesses;conduct transport business network analysis;evaluate transport business networks;perform analyses of transport business networks;make assessments of transportation business activities;evaluate transportation business networks;carry out evaluations of transport business networks;conduct assessments of transport business networks;analyse transportation business networks,,,Analyse various transport business networks in order to organise the most efficient setting of modes of transport. Analyse those networks that aim to achieve lowest costs and maximum efficiency.
http://data.europa.eu/esco/skill/b8559266-052b-4291-b46b-2e4fb40221dd,skill/competence,sector-specific,conceptualise healthcare user’s needs,envisage patients' healthcare needs;conceptualise the healthcare needs of users;conceptualise the healthcare needs of patients;conceptualise healthcare users' needs;visualise patients' healthcare needs,,,"Get an idea of what the healthcare use needs are and visualise the case, the possible solutions, and treatments to be applied."
http://data.europa.eu/esco/skill/b8656b5c-e3f0-4418-82ff-87b5f677f9e8,skill/competence,cross-sector,disseminate information on tax legislation,inform on tax legislation;disseminating information on tax legislation;make recommendations on tax legislation;disseminate tax legislation information;advise on tax legislation,,,Provide advise on the possible implications for companies or individuals on decisions regarding tax declaration based on tax legislation. Advise on the favourable tax strategies that could be followed depending on the needs of the client.
http://data.europa.eu/esco/skill/b88fde8f-1b98-4a83-8a2e-75232be4f725,skill/competence,cross-sector,write situation reports,develop situation narratives;develop situation reports;produce situation reports;establish situation narratives;design situation reports;produce situation information;establish situation reports;design situation narratives,,,"Write reports according to specifications and regulations of an organisation on the situation which needs to be reported on, such as the status of an investigation, of intelligence gathering, or of missions and operations."
http://data.europa.eu/esco/skill/b895bd42-0009-4815-a150-eb9eb5caec21,knowledge,cross-sector,stock market,financial market;stock exchange;stock markets;trade market;investment market,,,The market in which shares of publicly held companies are issued and traded.
http://data.europa.eu/esco/skill/b8b174e7-5e19-4c26-9adb-4087cd1b28bb,skill/competence,cross-sector,preserve original text,maintain original text speech;respect original text;keep original text;preserving original text,,,"Translate texts without adding, changing or omitting anything. Make sure the original message is conveyed. Don't express your own feelings and opinions."
http://data.europa.eu/esco/skill/b9127c16-955c-4aa3-9786-2c784ae378f9,skill/competence,sector-specific,record the outcome of psychotherapy,keep track of psychotherapeutic results;record results of psychotherapy;record outcomes of psychotherapies;keep track of outcomes of psychotherapies;record outcome of psychotherapy,,,Keep track of and record the process and results of the treatment used in the psychotherapy process.
http://data.europa.eu/esco/skill/b92758d4-4591-4df1-9ceb-f907aa71ebd9,skill/competence,cross-sector,use measurement instruments,take measurements using specialised equipment;operate measurement instruments;take various measurements using apparatus;utilise measurement apparatus;take various measurements using instruments;take various measurements using measuring devices;utilise measurement devices;perform measurements using tools and instruments;utilise measurement instruments;use measurement apparatus;use measurement and control instruments;perform measurements using instruments;use measurement devices;carry out measurements using equipment,,,"Use different measurement instruments depending on the property to be measured. Utilise various instruments to measure length, area, volume, speed, energy, force, and others."
http://data.europa.eu/esco/skill/b982a89b-71cb-4478-ba6a-4c26ab4086b6,skill/competence,occupation-specific,examine trusts,examine trust funds;examine trust agreements;examine trust,,,"Examine documents relating to relationships between settlors and trustees in which the trustee holds property for the beneficiaries of the trust, in order to ensure the property is properly controlled and the contract agreements are complied with."
http://data.europa.eu/esco/skill/b99aa3b8-0066-46b2-a027-30afae444ad8,skill/competence,sector-specific,implement sales strategies,create sales strategies;develop sales strategies;build sales strategy;design sales strategy,,,Carry out the plan to gain competitive advantage on the market by positioning the company's brand or product and by targeting the right audience to sell this brand or product to.
http://data.europa.eu/esco/skill/b9aad733-959a-4178-984f-53e4bd05b420,skill/competence,sector-specific,maintain internet protocol configuration,maintain TCP/IP configuration;apply Internet Protocol Configuration;maintain IP configuration;maintain TCP configuration,,,Apply Internet Protocol Configuration (ipconfig) to gather data on Transmission Control Protocol/Internet Protocol (TCP/IP) configuration values in order to identify devices and their IP addresses.
http://data.europa.eu/esco/skill/b9b572bf-5e50-4588-8aa0-a42a49332467,knowledge,sector-specific,psychological interventions,psychological methods to instigate change in human behaviour;psychological intervention;characteristics and methods of psychological interventions,,,The characteristics of the methods and procedures meant to instigate change in human behaviour.
http://data.europa.eu/esco/skill/b9bb1f03-15e2-4079-943e-7e483b21725b,skill/competence,cross-sector,give constructive feedback,propose constructive feedback;offer constructive feedback;giving constructive feedback;provide constructive feedback;gives constructive feedback,,,"Provide founded feedback through both criticism and praise in a respectful, clear, and consistent manner. Highlight achievements as well as mistakes and set up methods of formative assessment to evaluate work."
http://data.europa.eu/esco/skill/b9bf9e17-ae47-417b-bbb1-e8b7c263ccac,skill/competence,cross-sector,identify legal requirements,identify legal and normative requirements and standards,,,"Conduct research for applicable legal and normative procedures and standards, analyse and derive legal requirements that apply to the organisation, its policies and products."
http://data.europa.eu/esco/skill/b9efc4b5-0266-43e3-a7e3-064d09bcf90a,skill/competence,cross-sector,inspect taxation documents,investigate taxation documents;check taxation documents;check fiscal documents;investigate fiscal documents;audit fiscal documents;scrutinise taxation documents;scrutinise fiscal documents;audit taxation documents,,,"Inspect files and documentation dealing with taxation cases to ensure no faulty or fraudulous activity is present, and to ensure the procedure is compliant with legislation."
http://data.europa.eu/esco/skill/b9f16465-56a9-426b-a047-0f9f1f95ec92,skill/competence,cross-sector,address problems critically,think critically about problems;thinking critically about problems;thinking about problems critically;think about problems critically;critically addressing problems;addressing problems critically;critically address problems,,,"Identify the strengths and weaknesses of various abstract, rational concepts, such as issues, opinions, and approaches related to a specific problematic situation in order to formulate solutions and alternative methods of tackling the situation."
http://data.europa.eu/esco/skill/b9fa8c6d-a837-45e3-84ac-848defae9f50,skill/competence,cross-sector,read books,read book;review books;reading books;assess books;evaluate books,,,Read the latest book releases and give your opinion on them.
http://data.europa.eu/esco/skill/ba2c6181-b036-40b4-8f6d-51499463ccbb,skill/competence,cross-sector,develop company strategies,developing company strategies;conceive company strategies;develop company strategy;develop strategies for company;plan company strategies;generate company strategies;develop company's strategies,,,"Envision, plan, and develop strategies for companies and organisations aimed at achieving different purposes such as establishing new markets, refurbishing the equipment and machinery of a company, implementing pricing strategies, etc."
http://data.europa.eu/esco/skill/ba9260ba-1c8d-495e-94f1-f7cab7e73cea,knowledge,cross-sector,social security law,welfare legislation;social security rules;welfare statutes;social security statutes;welfare regulations;social security legislation;welfare rules;social security regulations,,,"Legislation concerning the protection of individuals and the provision of aid and benefits, such as health insurance benefits, unemployment benefits, welfare programs and other government-provided social security."
http://data.europa.eu/esco/skill/bab46a75-0a6c-44cc-b7e7-28c7c55d801f,skill/competence,cross-sector,compare property values,compare estate values;compare house values;compare land values,,,"Obtain information on the value of properties comparable to a property which is in need of valuation in order to make more accurate appraisals and assessments, or to set or negotiate the price at which the property can be sold or leased."
http://data.europa.eu/esco/skill/bb165899-d95f-4433-95f2-173fefd716d2,skill/competence,cross-sector,develop statistical software,define statistical software;prepare statistical software;developing statistical software;create statistical software;write statistical software,,,"Participate in the various development stages of computer programs for econometric and statistical analysis, such as research, new product development, prototyping, and maintenance."
http://data.europa.eu/esco/skill/bb2b4485-2bad-402f-8517-44bf7d9afff4,skill/competence,sector-specific,implement anti-virus software,load malware protection;loading malware protection;installing anti-malware software;install anti-virus software;anti-virus software installing;install anti-malware software;anti-malware software installing;implementing anti-virus software;anti-virus software implementing;installing anti-virus software,,,"Download, install and update software to prevent, detect and remove malicious software, such as computer viruses."
http://data.europa.eu/esco/skill/bb562019-5222-45db-a16c-730edbb1d27c,skill/competence,occupation-specific,define ICT network design policies,define ICT network architecture framework;establish ICT network design policies;specify ICT network design principles,,,"Specify policies, principles, rules, processes and criteria for the design, planning and realisation of ICT networks."
http://data.europa.eu/esco/skill/bb99af26-71ff-4dca-bde7-1eb1f6194426,knowledge,sector-specific,SAP R3,SAP R/3;SAP R/3 Enterprise Edition;SAP S/4 HANA;SAP R/1;SAP ERP;SAP R/2;SAP R/3 Enterprise Central Component;SAP ERP 6.0: Enhancement Packages,,,"The techniques and principles of software development, such as analysis, algorithms, coding, testing and compiling of programming paradigms in SAP R3."
http://data.europa.eu/esco/skill/bbeff2f6-4a3c-44af-8589-ac158f652d0d,skill/competence,sector-specific,assist the homeless,assist homeless people;help homeless people;help the homeless;assist homeless;work with the homeless;support the homeless;work with homeless individuals,,,"Work with homeless individuals and support them with their needs, taking into consideration their vulnerability and isolation."
http://data.europa.eu/esco/skill/bc067d2e-e151-408f-8e34-24effd2b7fd6,skill/competence,sector-specific,use e-procurement,use electronic procurement;employ e-procurement;employ electronic procurement;utilize e-procurement;utilise e-procurement,,,"Use digital procurement technologies and e-procurement applications and tools in order to reduce administrative burden, improve efficiency, and strengthen transparency and accountability of procurement procedures."
http://data.europa.eu/esco/skill/bc0b0b5d-f6be-405a-b224-b6902a4dbe97,skill/competence,cross-sector,manage digital identity,protecting privacy and identity on the Internet,,,"Create and manage one or multiple digital identities, be able to protect one's own reputation, deal with the data that one produces through several digital tools, environments and services."
http://data.europa.eu/esco/skill/bc401d18-9bea-4300-90fd-22bfa286bd77,skill/competence,cross-sector,apply socially just working principles,apply working principles within healthcare and social services;use socially just working principles;work in accordance with social principles,,,Work in accordance with management and organisational principles and values focusing on human rights and social justice.
http://data.europa.eu/esco/skill/bc70f963-c1c0-49a5-b940-3e28e163db45,skill/competence,sector-specific,plan measures to safeguard cultural heritage,outline measures to preserve cultural heritage;prepare protection plans to preserve cultural heritage;design methods to safeguard cultural heritage;design measures to protect cultural heritage;plan methods to preserve cultural heritage,,,"Prepare protection plans to apply against unexpected disasters to reduce the impact on cultural heritage as buildings, structures or landscapes."
http://data.europa.eu/esco/skill/bca1830e-9e96-4788-b7d5-8f4ce41be9d2,skill/competence,sector-specific,keep up-to-date on manufacturer's policies,keep up-to-date on a manufacturer's policies;store up-to-date on manufacturer's policies;save up-to-date on manufacturer's policies;keep up-to-date on a manufacturer's policy;retain up-to-date on manufacturer's policies;hold up-to-date on manufacturer's policies;keeping up-to-date on manufacturer's policies,,,Stay up-to-date on manufacturer warranty and policy procedures; communicate with factory representatives.
http://data.europa.eu/esco/skill/bcadc519-00f4-43bc-9373-054f4ac717cb,knowledge,cross-sector,modern portfolio theory,mean-variance analysis;MPT,,,The theory of finance that attempts to either maximise the profit of an investment equivalent to the risk taken or to reduce the risk for the expected profit of an investment by judiciously choosing the right combination of financial products.
http://data.europa.eu/esco/skill/bcaf0265-4921-48f8-aa66-619c1ed99c80,skill/competence,sector-specific,develop membership strategies,supervise membership strategies;supervise membership services;maintain membership strategies;manage membership services;administer membership strategies;administer membership services;oversee membership strategies,,,"Create proposals for membership strategies such as options for alternative membership models, membership rules and financial modelling."
http://data.europa.eu/esco/skill/bcd2ce08-ba12-4d66-865f-f4ba36419707,skill/competence,cross-sector,promote inclusion,encourage equality of opportunity in organisations;stimulate inclusion in organisations;encourage inclusion in organisations;advocate inclusion in organisations;promote inclusion in organisations;promote inclusion in healthcare and social services;follow an inclusive approach in health and social services;promote equality and diversity in health and social services,,,"Promote and respect diversity, and advocate for equal treatment of genders, ethnicities and minority groups in organisations in order to prevent discrimination and ensure inclusion and a positive environment."
http://data.europa.eu/esco/skill/bd0e1723-ecd4-418a-9e76-b2539b75e660,knowledge,sector-specific,sporting events,sport events;sporting activities;sports events;sport activities,,,Possess an understanding of different sporting events and conditions that can affect a result.
http://data.europa.eu/esco/skill/bd14968e-e409-45af-b362-3495ed7b10e0,knowledge,sector-specific,cloud technologies,cloud computing;edge computing,AWS,,"The technologies which enable access to hardware, software, data and services through remote servers and software networks irrespective of their location and architecture."
http://data.europa.eu/esco/skill/bd17a64e-a9bd-439d-9b87-01c6bb1b7e09,skill/competence,sector-specific,maintain records of work with service users,maintain records of work with care users;record work with service users;sustain records of work with service user;keep up records of work with service users;manage records of work with service users;sustain records of work with service users;keep up records of work with service user;maintain records of work with care user;manage records of work with service user,,It includes digitally recorded notes.,"Maintain accurate, concise, up-to-date and timely records of the work with service users while complying with legislation and policies related to privacy and security."
http://data.europa.eu/esco/skill/bd698bbe-7003-4508-b422-46c2ff4d5e95,knowledge,cross-sector,business strategy concepts,strategic business operations;strategic and operational business mindset;business strategy level;business strategy tiers,,,"The terminology related to the design and implementation of major trends and aims which are taken by an organisation's executives, while keeping in mind its resources, competition and environments."
http://data.europa.eu/esco/skill/bd832a82-b079-4001-80d1-f59efed33688,skill/competence,cross-sector,create risk reports,creating risk reports;create risk report;write risk reports;make risk reports,,,"Gather all the information, analyse the variables and create reports where the detected risks of the company or projects are analysed and possible solutions are suggested as counter actions to the risks."
http://data.europa.eu/esco/skill/bda0d115-f315-453e-99dc-f8b0e5862db3,skill/competence,cross-sector,ensure compliance with policies,certify compliance with policies;make sure policies are compliant;ensure compliance with policy;ensure policy compliance;ensuring compliance with policies;guarantee compliance with policies,,,"To ensure compliance with legislation and company procedures in respect of Health and Safety in the workplace and public areas, at all times. To ensure awareness of and compliance with all Company Policies in relation to Health and Safety and Equal Opportunities in the workplace. To carry out any other duties which may reasonably be required."
http://data.europa.eu/esco/skill/be0b7d07-ffc4-42b6-9f9c-1c643eb81a90,skill/competence,cross-sector,manage fundraising activities,manage charity events;coordinate fundraising events;organize fundraising actions;direct fundraising activities;plan fundraising events;direct activities to fundraise;coordinate activities to raise funds;direct activities for fundraising;realize fundraising activities;manage outdoor activities;manage fundraising activity;organize fundraising events;plan fundraising activities;initiate fundraising activities;manage fundraising events;realize fundraising actions;organize fundraising activities,,,"Initiate fundraising activities managing the place, teams involved, causes and budgets."
http://data.europa.eu/esco/skill/be0ff6d8-5e61-4021-9c89-e40cf0b75cc6,skill/competence,sector-specific,measure software usability,usability evaluation;perform software usability testing,,,Check the convenience of the software product for the end user. Identify user problems and make adjustments to improve usability practice. Collect input data on how users evaluate software products.
http://data.europa.eu/esco/skill/be20d05c-f6b4-4580-9fcf-f00f4baab562,skill/competence,cross-sector,make data-driven decisions,take decisions based on data,,,Collect data such as Key Performance Indicators (KPIs) for an organisation and use the information to formulate actions and strategies.
http://data.europa.eu/esco/skill/be252635-341e-4b1c-b94f-aef362b645ed,knowledge,cross-sector,business loans,business allowance;business mortgage;firm loans;enterprise loans;business investment;company loans,,,"Loans which are intended for business purposes and which can either be secured or unsecured depending on whether a collateral is involved. The different types of business loans such as bank loans, mezzanine finance, asset-based finance, and invoice finance."
http://data.europa.eu/esco/skill/be3f635b-b400-4eb3-b4cc-c44a34f26eae,knowledge,cross-sector,spelling,orthography;spellings,,,The rules concerning the way words are spelled.
http://data.europa.eu/esco/skill/be40c4c3-a855-4d67-9ca5-6f4428c34b0d,skill/competence,cross-sector,provide written content,professional writing;provide professionally written text and content,,,Communicate information in written form via digital or print media according to the needs of the target group. Structure the content according to specifications and standards. Apply grammar and spelling rules.
http://data.europa.eu/esco/skill/be48353d-25c7-4f86-bea9-7b9e248fbc6e,skill/competence,sector-specific,interpret technical requirements,solve technical requirements;explain technical requirements;interpret technical requirement;clarify technical requirements;interpreting technical requirements;interpretation of technical requirements;decipher technical requirements,,,"Analyse, understand and apply the information provided regarding technical conditions."
http://data.europa.eu/esco/skill/be64bb4c-84ac-4c83-8cc7-fc8593e15136,skill/competence,sector-specific,test system accessibility for users with special needs,ensure software accessibility,,,Examine whether software interface complies with standards and regulations so that the system can be used by people with special needs.
http://data.europa.eu/esco/skill/be727774-46d7-43d7-aee9-1a51b5cd8c71,skill/competence,cross-sector,carry out statistical forecasts,carrying out a statistical forecast;make statistical forecasts;complete statistical forecasts;undertake statistical forecasts;oversee statistical forecasts;carrying out statistical forecasts;carry out a statistical forecast,,,"Undertake a systematic statistical examination of data representing past observed behaviour of the system to be forecast, including observations of useful predictors outside the system."
http://data.europa.eu/esco/skill/be80acfc-b6f2-4411-9b8d-b19d9cd2556a,knowledge,sector-specific,Swift (computer programming),Swift programming paradigms;Swift software development techniques;Swift software development principles;Swift;Swift algorithms,,,"The techniques and principles of software development, such as analysis, algorithms, coding, testing and compiling of programming paradigms in Swift."
http://data.europa.eu/esco/skill/bea8009d-7d73-4daf-bbe8-39870aa3cceb,knowledge,occupation-specific,medical sales industry,medical sales industries;medical sales market;medical sales markets;marketing and sales in the medical industry,,,"Suppliers, target audience, products and competitors on the medical sales market."
http://data.europa.eu/esco/skill/beb7712f-5a8a-4a4d-b75c-e3165a3da7cd,skill/competence,sector-specific,support patients to understand their conditions,facilitate the psychological development of the patient;aid the psychological development of the healthcare user;foster the psychological development of the healthcare user;support patients to understand and manage their conditions;foster the psychological development of the patient;aid the psychological development of the patient;support the process of patient self-discovery about their condition;help patients to understand and manage their conditions;help patients to understand their conditions,,,"Facilitate the process of self-discovery for the healthcare user, helping them to learn about their condition and become more aware of and in control of moods, feelings, thoughts, behaviour, and their origins. Help the healthcare user learn to manage problems and difficulties with greater resilience."
http://data.europa.eu/esco/skill/bec4359e-cb92-468f-a997-8fb28e32fba9,knowledge,sector-specific,ICT project management methodologies,Code and fix development;Benefits realization management;Agile;Scrum;structured methodology;prince2;Extreme project management;agile;Critical chain project management;software development methodologies;project management framework;project management software,Benefits realization management;Jira;Kanban;Critical chain project management;Code and fix development;Extreme project management;Scrum,,"The methodologies or models for planning, managing and overseeing of ICT resources in order to meet specific goals, such methodologies are Waterfall, Incremental, V-Model, Scrum or Agile and using project management ICT tools."
http://data.europa.eu/esco/skill/bf12b461-1c53-4d81-a395-8ba77f7483c4,knowledge,sector-specific,investment analysis,pre-investment analysis;post-investment analysis;post-investment review,,,The methods and tools for analysis of an investment compared to its potential return. Identification and calculation of profitability ratio and financial indicators in relation to associated risks to guide decision on investment.
http://data.europa.eu/esco/skill/bf21bcb8-6660-4f37-b16a-d276cca01474,knowledge,sector-specific,music literature,music research publications;musicological literature;specialist journals on music;professional literature on music;trade magazines on music;academic literature about music;technical literature on music;specialist literature on music;music literature for composers;trade journals on music;music literature journals,,,"Literature about music theory, specific music styles, periods, composers or musicians, or specific pieces. This includes a variety of materials such as magazines, journals, books and academic literature."
http://data.europa.eu/esco/skill/bf40aa7c-1e99-40bb-a718-1e1492aaf00f,skill/competence,cross-sector,identify market niches,identify a market niche;analyse market niches;classify market niches;diagnose market niches;establish market niches,,,"Analyse the composition of the markets, segment these into groups, and highlight the opportunities that each one of these niches represent in terms of new products."
http://data.europa.eu/esco/skill/bf5ab3df-9589-4e99-b8f6-a83b494f40be,skill/competence,cross-sector,promote social awareness,stimulate social relationships;endorse social awareness;stimulate social awareness;encourage social relationships;advocate social relationships;encourage social awareness;advocate social awareness;endorse social relationships,,,"Promote the understanding of dynamics of social relationships between individuals, groups, and communities. Promote the importance of human rights, and positive social interaction, and the inclusion of social awareness in education."
http://data.europa.eu/esco/skill/bf5d77ad-e18c-48d8-83f0-bc79c011c74a,skill/competence,cross-sector,develop professional network,build professional network;develop professional networks;create professional network;develop pro network;developing professional network,,This includes the development of social relationships with patients and customers.,Reach out to and meet up with people in a professional context. Find common ground and use your contacts for mutual benefit. Keep track of the people in your personal professional network and stay up to date on their activities.
http://data.europa.eu/esco/skill/bf6c5ed4-84af-440f-abcc-7fa5ba19c738,knowledge,occupation-specific,real-time computing,real-time computing systems;real-time data systems,,,The ICT hardware and software systems which are bound to respond to input within precisely tight constraints of time.
http://data.europa.eu/esco/skill/bf7ea00f-db77-4a95-9b9f-2d12b6d9fcb4,skill/competence,sector-specific,implement ICT network diagnostic tools,use network diagnostics tools,,,"Use software tools or components that monitor ICT network parameters, such as performance and throughput, provide data and statistics, diagnose errors, failures or bottlenecks and support decision making."
http://data.europa.eu/esco/skill/bf942c60-8539-4951-83ee-63f770da1cb8,skill/competence,cross-sector,program a CNC controller,arrange a product control process;oversee a product control process;plan a product control process;schedule a product control process;schedule a CNC controller;plan a CNC controller;arrange a CNC controller;oversee a CNC controller,,,Set up the desired product design in the CNC controller of the CNC machine for product manufacturing.
http://data.europa.eu/esco/skill/bfe4f330-d595-48c7-ab3c-f309471d6953,knowledge,cross-sector,psychology,psychological practice;study of human behaviour and performance,,,"The human behaviour and performance with individual differences in ability, personality, interests, learning, and motivation."
http://data.europa.eu/esco/skill/c051d374-68f8-4ad7-83b2-d7884fc0555d,skill/competence,cross-sector,create media schedule,make media schedule;design media schedule;create media schedules;come up with media schedule;create schedule for media;creating media schedule,,,Determine the pattern of advertising timing when ads must appear in the media and the frequency of these advertisements. Follow scheduling models such as Continuity and pulsing.
http://data.europa.eu/esco/skill/c06b0686-927e-45be-867e-aab1cc601728,skill/competence,occupation-specific,issue sales quotations for repairs or maintenance,produce sales quotations for repairs or maintenance;prepare sales quotations for repairs or maintenance;issuing a sale quotations for repairs or maintenance;publish sales quotations for repairs or maintenance;send sales quotations for repairs or maintenance;issue a sales quotation for repairs or maintenance;issuing sales quotations for repairs or maintenance,,,"Issue sales quotes, allowing potential customers to see which costs would be involved for the work or services they would like to have done."
http://data.europa.eu/esco/skill/c0799f81-9955-463a-b071-4f1c82719aa8,skill/competence,cross-sector,manage the handling of promotional materials,oversee the handling of promotional materials;managing the handling of promotional materials;manage the handling of promotional material;supervise the handling of promotional materials;manage promotional materials handling,,,"Plan and prepare the production of promotional materials with third parties by contacting printing companies, agreeing on logistics and delivery, and making sure that deadlines are met."
http://data.europa.eu/esco/skill/c09bf6d4-f8a7-40f3-aead-ef01643f2352,skill/competence,cross-sector,achieve sales targets,achieve target sales;meet sales goals;reach sales targets;achieve sales target,,,"Reach set sales goals, measured in revenue or sold units. Reach the target within a specific timeframe, prioritise sold products and services accordingly and plan in advance."
http://data.europa.eu/esco/skill/c09c5786-a479-46de-b0aa-d5d2d8ccc123,skill/competence,sector-specific,manage customer service,oversee customer service;supervise customer service;managing customer service,,,Manage the delivery of customer service including activities and approaches that play a vital part in customer service by seeking and implementing improvements and developments.
http://data.europa.eu/esco/skill/c0b74374-39ff-43cf-a0a9-6220c7ec5097,skill/competence,cross-sector,implement efficiency plans for logistics operations,carry out logistics operations efficiency processes;carry out efficiency plans for logistics operations;implement logistics operations efficiency plans;realise efficiency plans for logistics operations;execute efficiency plans for logistics operations;carry out logistics operations efficiency procedures;put into practice logistics operations efficiency plans;implement efficiency procedures for logistics operations;put efficiency plans for logistics operations into practice;improve logistics operations through implementation of efficiency processes;improve logistics operations through implementation of efficiency plans,,,"Implement efficiency plans developed by managers in facilities. Use techniques, resources, and training in order to improve workplace efficiency."
http://data.europa.eu/esco/skill/c0c08d3e-3215-4197-ac64-00a4f7371d80,knowledge,occupation-specific,methods of differential diagnosis,procedure to differentiate between similar medical conditions;procedures of differential diagnosis;methods of differential diagnoses;method of differential diagnosis,,,The procedures used to differentiate between conditions having similar symptoms.
http://data.europa.eu/esco/skill/c0c1a23f-c6d2-4bd5-836f-9ca7b91c3847,knowledge,cross-sector,law of non-marital cohabitation,law of unmarried couples;cohabitation law,,,"Legal regulations which configure the rights and obligations of stable cohabitation couples without marital ties. Set of principles that recognise de facto unions, encompassing legal fields such as property, children, inheritance, financial responsibilities or separation, in order to protect both parties interests."
http://data.europa.eu/esco/skill/c0e2f74c-51f0-4020-9756-d190848cf181,skill/competence,sector-specific,integrate content into output media,integrate media content,,,"Compile and integrate media and text content into online and offline systems, such as websites, platforms, applications and social media, for publishing and distribution."
http://data.europa.eu/esco/skill/c0f8207c-2377-4fe2-abc4-b173cc4c31c8,skill/competence,occupation-specific,keep grant applicant informed,keep scholarship applicant notified;keep scholarship applicant briefed;keep grant applicant notified;keep scholarship applicant advised;keep grant applicant advised;keep grant applicant briefed,,,"Inform grant applicants such as individuals, charities, community groups or university research departments about the progress of their grant application."
http://data.europa.eu/esco/skill/c11bd2a1-8e3d-44ee-aa4b-3b60ca786324,skill/competence,occupation-specific,use localisation tools,use localization tools;employ localisation tools;using localisation tools;apply localisation tools;operate localisation tools;localisation tool use,,,Employ a variety of translation tools aimed at helping the localisation and adaptation processes for translation works.
http://data.europa.eu/esco/skill/c13fb093-5ffb-491a-b8b7-fa2d42a57e2e,skill/competence,sector-specific,implement cloud security and compliance,cloud security and compliance,,,Implement and manage security policies and access controls on cloud. Differentiate between the roles and responsibilities within the shared responsibility model.
http://data.europa.eu/esco/skill/c1e2f8ab-43e1-49c7-8427-8923b90922c2,skill/competence,cross-sector,advise on legal services,get together with clients for legal services;meet with clients for legal services;interview with clients regarding legal services;meet with client for legal services;meeting with clients for legal services,,,Provide legal advice to clients based on their needs in terms of legal services and the specialisation of the professional or legal firm.
http://data.europa.eu/esco/skill/c1eb6a1a-e830-482a-8f13-f5c2f5b11b5d,skill/competence,cross-sector,manage hospitality revenue,yield management;maximise revenue from booking;maintain budgeted gross profit;manage hospitality revenues;revenue management;manage revenue from hospitality,,,"Oversee a hospitality revenue by understanding, monitoring, predicting and reacting to consumer behaviour, in order to maximise revenue or profits, maintain budgeted gross profit and minimise expenditures."
http://data.europa.eu/esco/skill/c1f29568-f2bb-49d2-b6c2-28748bd1629b,skill/competence,sector-specific,manage online content,manage website content,,,"Ensure the website content is up to date, organised, attractive and meets the target audience needs, the requirements of the company and international standards by checking the links, setting the publishing time framework and order."
http://data.europa.eu/esco/skill/c2218533-3e2a-4f50-b4fd-afde71dcf442,skill/competence,sector-specific,edit recorded sound,edit sound footage;edit recorded sounds;edit sound recording;edit audio recordings,,,"Edit audio footage using a variety of sofware, tools, and techniques such as crossfading, speed effects, and removing unwanted noises."
http://data.europa.eu/esco/skill/c23d5c30-f9ce-4ffb-9c27-de3c9119e244,knowledge,sector-specific,behavioural therapy,methods in behavioural therapy;characteristics of behavioural therapy;behavioral therapy;foundations of behavioural therapy;therapy of behaviour,,,"The characteristics and foundations of behavioural therapy, which focuses on changing patients` unwanted or negative behaviour. It involves studying the present behaviour and the means by which this can be un-learned."
http://data.europa.eu/esco/skill/c241f5a5-e23f-47bf-ad24-d83ea0010166,skill/competence,cross-sector,ensure proper document management,ensure proper management of documents;ensure management of proper documents;control record keeping system;double-check document management,,,"Guarantee that the tracking and recording standards and rules for document management are followed, such as ensuring that changes are identified, that documents remain readable and that obsoleted documents are not used."
http://data.europa.eu/esco/skill/c2617b44-886a-485e-8393-bc0fc6339539,knowledge,sector-specific,management consulting,business management consulting,,,The process of giving paid advice with the aim of improving businesses performance and promote their growth.
http://data.europa.eu/esco/skill/c281ebab-c698-495b-9916-abdb7dc78c50,skill/competence,sector-specific,follow ethical code of conduct of journalists,obey ethical code of conduct of journalists;respect ethical code of conduct of journalists;following ethical code of conduct of journalists;implement ethical code of conduct of journalists;follow ethical codes of conduct of journalists,,,"Follow the ethical code of conduct of journalists, such as freedom of speech, right of reply, being objective, and other rules."
http://data.europa.eu/esco/skill/c28b9479-da90-4ca4-82b1-41b336497b89,skill/competence,sector-specific,advise on grants application,guide award recipient;support award recipient;help grant recipient;aid award recipient;guide grant recipient;support grant recipient;aid grant recipient,,,Inform the receiver of the grant how to apply for grants.
http://data.europa.eu/esco/skill/c290c45c-b8da-4517-be4a-b16fdce26cb2,skill/competence,cross-sector,review drafts,draft reviewing;check drafts;drafts reviewing;checking drafts;checking a draft;reviewing a draft;reviewing drafts;drafts checking;draft checking,,,Proofread and give feedback to technical drawings or drafts.
http://data.europa.eu/esco/skill/c2999f0c-eb37-4cdf-b9b0-82107b628794,knowledge,cross-sector,style sheet languages,Formatted Output Specification Instance;Extensible Stylesheet Language;cascading style sheets;CSS;SMIL Timesheets;Document Style Semantics and Specification Language,Formatted Output Specification Instance;SMIL Timesheets;Document Style Semantics and Specification Language;Extensible Stylesheet Language,,"The field of computer language that conveys the presentation of structured documents such as Cascading Style Sheets (CSS). These documents have to adhere to style sheets, a set of stylistic rules such as font, color and layout."
http://data.europa.eu/esco/skill/c2aacac0-5a16-4493-b769-e7c052916d39,knowledge,sector-specific,anthropology,human being's societies and culture and their development;human being's development;human being's behaviour and it's development;cultural anthropology;social anthropology,,,The study of development and behaviour of human beings.
http://data.europa.eu/esco/skill/c2d48b3a-1f91-4442-8f18-6c43a589737b,skill/competence,cross-sector,develop media strategy,create media strategy based on content type;design media strategy;build media strategy;create media strategy;create media strategy based on target groups,,,"Create the strategy on the type of content to be delivered to the target groups and which media to be used, taking into account the characteristics of the target audience and the media that will be used for content delivery."
http://data.europa.eu/esco/skill/c2e7273c-f15d-4ef3-be3c-4fa7da33396e,skill/competence,cross-sector,provide clinical psychological counselling,supply clinical psychological counselling;accord clinical psychological consultation;accord clinical psychological counselling;accord clinical psychological advice giving;provide clinical psychological counseling;supply clinical psychological advice giving;supply clinical psychological consultation;provide clinical psychological consultation;provide clinical psychological advice,,,"Provide clinical psychological counselling in relation to health impairments, their conditions and the possibilities for change."
http://data.europa.eu/esco/skill/c2f70431-2cc5-4552-bcb7-6564512c15bd,skill/competence,sector-specific,use specific writing techniques,employ specific writing techniques;apply specific writing techniques;using specific writing techniques;follow specific writing techniques;implement specific writing techniques;use specific writing technique,,,"Use writing techniques depending on the type of media, the genre, and the story."
http://data.europa.eu/esco/skill/c32ad607-0c4d-4e34-b73f-668298f7bf13,skill/competence,cross-sector,apply technical communication skills,application of technical communication skills;implement technical communication skills;utilise technical communication skills;employ technical communication skills;applying technical communication skills;administer technical communication skills,,,"Explain technical details to non-technical customers, stakeholders, or any other interested parties in a clear and concise manner."
http://data.europa.eu/esco/skill/c33dd5ae-ae72-49d7-8dcf-8bc72e59fe78,knowledge,cross-sector,civil law,constitutional legislation;constitutional rules;constitutional statutes;constitutional regulations;civil regulations;civil legislation;civil statutes;civil rules,,,The legal rules and their applications used in disputes between different parties.
http://data.europa.eu/esco/skill/c362f415-9cdf-4328-9cf0-651443857a48,skill/competence,cross-sector,advise on government policy compliance,government policy compliance;suggest government policy compliance;recommend statutory policy compliance;advise statutory policy compliance;advise government policy compliance;recommend government policy compliance;suggest statutory policy compliance,,,"Advise organisations on how they may improve their compliance to the applicable government policies they are required to adhere to, and the necessary steps which need to be taken in order to ensure complete compliance."
http://data.europa.eu/esco/skill/c388229c-484d-42ec-ac28-ffad52020138,knowledge,sector-specific,psychopathology,specialism in psychopathology;study of mental illness;study of mental disorders,,,"The criteria of psychiatric diagnoses, the use of the disease classification system, and the theories of psychopathology. The indicators of functional and organic disorders and the types of psychopharmacological medications."
http://data.europa.eu/esco/skill/c3a03c5a-c260-4c26-9b9a-873abb396f4d,knowledge,sector-specific,MATLAB,MATLAB software development principles;MATLAB coding techniques;MATLAB algorithms;MATLAB software development techniques;MATLAB programming paradigms,,,"The techniques and principles of software development, such as analysis, algorithms, coding, testing and compiling of programming paradigms in MATLAB."
http://data.europa.eu/esco/skill/c3c2420c-ce9a-4371-8eed-1db479c3a562,skill/competence,cross-sector,write scientific publications,scientific paper writing;draw up scientific papers;draft scientific papers,,,"Present the hypothesis, findings, and conclusions of your scientific research in your field of expertise in a professional publication."
http://data.europa.eu/esco/skill/c3da8380-7049-4159-af65-3eff63ed9caf,skill/competence,cross-sector,negotiate with social service stakeholders,negotiate with social services stakeholder;negotiate with social service stakeholder;build cooperative relationship with social service stakeholders;negotiate with a social service stakeholder;establish cooperative relationship with social service stakeholders;discuss with social services stakeholders discuss with social service stakeholders discuss with social service stakeholder,,,"Negotiate with government institutions, other social workers, family and caregivers, employers, landlords, or landladies to obtain the most suitable result for your client."
http://data.europa.eu/esco/skill/c3e36d05-8ae8-447f-bb2b-6f9409f85389,skill/competence,cross-sector,deliver visual presentation of data,create data visualisation;visualise data,,,Create visual representations of data such as charts or diagrams for easier understanding.
http://data.europa.eu/esco/skill/c4118654-695f-44bc-b9d3-1b26f3a955f8,knowledge,sector-specific,international import export regulations,international import export laws;international import export legislation;international import export statutes;international import export regulation;international imports and exports regulations;international import export rules;international import and export regulations,,,"The principles that govern the import and export of products and equipment, trade restrictions, health and safety measures, licenses, etc."
http://data.europa.eu/esco/skill/c4272323-cce6-4535-ac71-4f6841f4f89a,knowledge,cross-sector,organisational structure,organisational role allocation;organisational blueprint;organisational structures;organisational plan;organizational structure;organisation structures;organisational framework;an organisational structure,,,"Framework of the different departments within the organisation, as well its people, their roles and responsibilities."
http://data.europa.eu/esco/skill/c434afc6-7465-4772-84d1-0e4d556e5416,skill/competence,sector-specific,identify skills gaps,identify possible skills gaps;use skills assessment tests;use skills assessment test;identify skill gap;identify skills gap,,,Search and spot possible skills gaps of individuals by using skills assessment tests and tools. Suggest an action plan.
http://data.europa.eu/esco/skill/c44d8c88-8a21-4a39-8585-fc7cfc49180c,skill/competence,sector-specific,organise retail sampling events,establish retail sampling events;arrange retail sampling events;organising retail sampling events;coordinate retail sampling events;set up retail sampling events;organize retail sampling events;organise a retail sampling event;organising a retail sampling event,,,Organise sampling and demonstration activities in order to promote a product.
http://data.europa.eu/esco/skill/c453cf81-6197-428e-84c6-70c773b63f27,knowledge,sector-specific,ICT architectural frameworks,ICT architectural structure;ICT architectural requirements;ICT architectural framework,,,The set of requirements that describe an information system's architecture.
http://data.europa.eu/esco/skill/c46cf6f9-8b1e-44b9-a529-f5774c9167dd,knowledge,cross-sector,desktop publishing,DTP,,,The creation of documents using page layout skills on a computer. Desktop publishing software can generate layouts and produce typographic quality text and images.
http://data.europa.eu/esco/skill/c4867766-50f8-489e-98d7-262da5589c0a,knowledge,cross-sector,solar products,photovoltaic products;solar devices,,,"The varieties and key features of solar products such as solar panels, solar water heaters or solar-powered chargers. Moreover, the knowledge of their functionalities, components and legal requirements."
http://data.europa.eu/esco/skill/c49eb4a4-7b5f-44e6-b346-7153879ac86b,knowledge,cross-sector,industrial heating systems,industrial heating that is energy efficient;green heating for industrial facilities;green heating for industry;energy efficient industrial heating;systems for heating industrial buildings;industrial heating;heating systems for industrial buildings,,,"Heating systems fuelled by gas, wood, oil, biomass, solar power, and other reneable energy sources and their energy saving principles, applicable specifically to industrial buildings and facilities."
http://data.europa.eu/esco/skill/c4b1f326-224a-420a-b8b3-814a8f13b6cb,skill/competence,sector-specific,implement front-end website design,provide front-end website design;design and develop front-end website,,,Develop website layout and enhance user experience based on provided design concepts.
http://data.europa.eu/esco/skill/c4b5eec1-2da9-4353-acd4-fbbf929123e2,skill/competence,cross-sector,trade securities,sell securities;deal in securities;trade bonds;market securities;trade equities,,,"Buy or sell tradable financial products such as equity and debt securities on your own account or on behalf of a private customer, corporate customer or credit institution."
http://data.europa.eu/esco/skill/c4b626c1-e71c-44ec-9f88-042766f37fcc,knowledge,sector-specific,application usability,software usability,,,"The process through which the learnability, efficiency, usefulness and ease of use of a software application can be defined and measured."
http://data.europa.eu/esco/skill/c4ba511c-dc24-44bc-8bc5-10b2d4a191fb,knowledge,sector-specific,blockchain design patterns,design patterns of blockchain,,,"Re-usable blockchain solution approaches including non-blocking user interface design, asynchronous API design, secure synchronization , time stamping, enterprise business integration, simple assets, and assets with rules."
http://data.europa.eu/esco/skill/c4f8c22a-63f2-47d5-9721-d560f1f042b8,skill/competence,sector-specific,provide information on education financing,provide information on school loans;providing information on education financing;provide information on education finance;provide information on student loans;provide information on education loans;provide info on education financing,,,"Provide information to parents and students concerning tuition fees, student loans and financial support services."
http://data.europa.eu/esco/skill/c503729b-8f91-43f6-82b8-522b92826656,skill/competence,sector-specific,consult credit score,determine mortgage worthiness;determine loan worthiness;determine credit suitability;determine credit eligibility;determine ability to pay back credit,,,"Analyse the credit files of an individual, such as credit reports which outlines a person's credit history, in order to assess their creditworthiness and all the risks that would be involved in granting a person a loan."
http://data.europa.eu/esco/skill/c5111560-0140-48bc-8475-0638a8cc852f,skill/competence,sector-specific,develop recreation programmes,undertake recreation programmes;undertake recreation activities;lead recreation activities;operate recreation programmes;develop recreation programs;establish recreation programmes;operate recreation activities;lead recreation programmes;establish recreation activities,,,Develop plans and policies which aim to provide the desired recreation activities to a target group or in a community.
http://data.europa.eu/esco/skill/c513cf4e-83bb-4edc-9ac8-2a7df04a9451,knowledge,sector-specific,results-based management,performance-based management,,,"The management strategy typically used by international governmental bodies (such as United Nations) and civil society organisations to monitor and measure the performance and achievement of results of a project or policy. It focuses on results defined as outputs, outcomes and impact which help organisations to achieve strategic goals."
http://data.europa.eu/esco/skill/c52f0765-ee9e-4842-acbe-adc69b1ebe82,skill/competence,sector-specific,encourage counselled clients to examine themselves,encourage counselled clients to conduct self-examination;encourage counselled client to examine himself/herself;encourage counseled clients to examine themselves;encourage counselled clients to carry out self-examination,,,Support and encourage the clients to analyse and be aware of some aspects in their life that may have been distressing or impossible to tackle so far.
http://data.europa.eu/esco/skill/c5449667-9b40-4114-8d74-f51177669984,knowledge,sector-specific,policy analysis,policy evaluation;analysis of policymaking in a specific sector;evaluation of policymaking in a specific sector,,,"Understanding of the basic tenets of policymaking in a specific sector, its implementation processes and its consequences."
http://data.europa.eu/esco/skill/c544a9f3-5945-4b54-afed-de0697852817,skill/competence,cross-sector,report analysis results,use data reporting,,,"Produce research documents or give presentations to report the results of a conducted research and analysis project, indicating the analysis procedures and methods which led to the results, as well as potential interpretations of the results."
http://data.europa.eu/esco/skill/c54b03a9-fe20-42af-9e8a-f8896af4a4f9,skill/competence,cross-sector,adjust priorities,amend priorities;prioritise in accordance with changing circumstances;make judgements about priorities according to conditions;prioritise according to changing circumstances;make judgements about priorities according to changing circumstances;alter priorities;revise priorities;change priorities;shift priorities,,,Adjust priorities quickly in response to frequently changing circumstances. Continually assess tasks and respond to those requiring extra attention. Foresee and seek to avoid crisis management.
http://data.europa.eu/esco/skill/c55caed2-de9e-4a25-819e-a0b0e83fba1b,skill/competence,cross-sector,give live presentation,giving live presentations;give a live presentation;give live presentations;arrange live presentation;convey live presentation;deliver live presentation,,,"Deliver a speech or talk in which a new product, service, idea, or piece of work is demonstrated and explained to an audience."
http://data.europa.eu/esco/skill/c5a135be-218d-48e6-a422-5225a576dcd8,skill/competence,cross-sector,manage project metrics,handle project metrics;manage metrics of project;oversee project metrics;managing project metrics,,,"Gather, report, analyse and create key metrics for a project to help measure its success."
http://data.europa.eu/esco/skill/c5a80bb0-31e6-4de0-868c-00a0f9b88b47,knowledge,sector-specific,palliative care,end of life procedures;end of life assistance;palliative health care;medical care for people with serious illnesses;palliative processes;palliative medical care;end of life care;palliative procedures;end of life support;palliative medicine;end of life processes;palliative support;palliative assistance;medical care for people with serious illness,,,The methods of pain relief and quality of life improvement for the patients with serious illnesses.
http://data.europa.eu/esco/skill/c5b56e63-9cd6-470d-97aa-6e3148752312,skill/competence,sector-specific,arrange in-home services for patients,arrange in-home services for a patient;arrange domestic services for patient;arrange in-home service for patient;arrange complementary medical services at home;arrange domestic service for patient;ensure in-home services for patients,,,Ensure that the medical discharge of a patient coincides with the arrangement of complementary medical services needed at home.
http://data.europa.eu/esco/skill/c5b90c0c-3af0-4c8c-a06c-cc3ced02242c,skill/competence,cross-sector,perform cost accounting activities,do cost accounting activities;performing cost accounting activities;perform activities for cost accounting;conduct cost accounting activities;perform cost accounting activity,,,"Execute the cost related activities and operations within the accounting activities such as standard cost development, average pricing analysis, margin and cost ratio analysis, inventory control, and variance analysis. Report the results to management and advise on possible courses of action to control and reduce the costs."
http://data.europa.eu/esco/skill/c5c51528-ccfc-4c53-b409-c200aaa44222,skill/competence,cross-sector,liaise with engineers,work together with engineers;collaborate with engineers;exchange with engineers;consult with engineers;liasing with engineers;cooperate with engineers;maintain contact with engineers;seek advice from engineers;communicate with engineers,,,"Collaborate with engineers to ensure common understanding and discuss product design, development and improvement."
http://data.europa.eu/esco/skill/c5d018ca-f6fa-4cc0-b209-43df46e56d48,skill/competence,cross-sector,analyse customer service surveys,evaluate customer surveys;evaluate customer service questionnaires;analyse client surveys;analyze customer service surveys;analyse customer service questionnaires;conduct analysis on customer surveys;assess results of customers surveys;develop conclusions from results of customer surveys;analyse customer surveys;carry out analysis of the results of customer surveys;evaluate customer service surveys;make assessments of the results of customer surveys;identify trends in results of customer surveys,,,Analyse results from surveys completed by passengers/customer. Analyse results to identify trends and draw conclusions.
http://data.europa.eu/esco/skill/c5e8abde-d2ba-4e8e-a65e-720b71180666,knowledge,sector-specific,unstructured data,types of unstructured data,,,The information that is not arranged in a pre-defined manner or does not have a pre-defined data model and is difficult to understand and find patterns in without using techniques such as data mining.
http://data.europa.eu/esco/skill/c606cb12-9c63-4d2d-a58a-934b1dd3a0a8,skill/competence,cross-sector,develop public relations strategies,build up public relations strategies;create public relations strategies;develop public relations strategy;developing public relations strategies;develop PR strategies;come up with public relations strategies,,,"Plan, coordinate and implement all the efforts required in a public relations strategy such as defining the targets, preparing communications, contacting partners, and spreading information among stakeholders."
http://data.europa.eu/esco/skill/c634630b-210b-4da5-b0f3-894cc292d6e3,skill/competence,sector-specific,promote mental health,advocate mental health factors;support mental health factors;enhance emotional well-being;promote mental-health,,,"Promote factors that enhance emotional well-being such as self-acceptance, personal growth, purpose in life, control of one`s environment, spirituality, self-direction and positive relationships."
http://data.europa.eu/esco/skill/c65795f8-69cc-47e0-9ba0-427671c965e6,skill/competence,cross-sector,report on social development,present results and conclusions on social development;draw conclusions regarding social development;report on a community's social issues;give a report on social development,,,"Report results and conclusions on society's social development in an intelligible way, presenting these orally and in written form to a range of audiences from non-experts to experts."
http://data.europa.eu/esco/skill/c65aa043-98da-4136-9877-494e72d9e4cf,skill/competence,cross-sector,interact with healthcare users,cooperate with patient and his carers;correspond with healthcare users;collaborate with patient and his carer;communicate with clients and their carers;communicate with patients and their carers;talk to patient and his carer;interact with patients and their carers;interact with patients and their families;communicate with clients and their families;get to know patient and his carer;interact with healthcare user;communicate with healthcare users,,,"Communicate with clients and their carer’s, with the patient’s permission, to keep them informed about the clients’ and patients’ progress and safeguarding confidentiality."
http://data.europa.eu/esco/skill/c68af615-b24c-4719-a199-c4141e08f2bd,skill/competence,occupation-specific,promote communication between parties,promote intra-party communication;encourage communication between parties;promoting communication between parties;advocate communication between parties,,,Encourage parties to communicate among them and share their views on events and happenings in order to find cooperation paths.
http://data.europa.eu/esco/skill/c753a3b5-d5cc-406d-adfe-3372bb267f4b,skill/competence,cross-sector,maintain customer records,maintain passenger name record;maintain records of customer;complete customer files;maintain customer history profiles;enter data into system;update customer records;maintain personal name record;collect data about visitors;maintain customers' records;store customer records,,,Keep and store structured data and records about customers in accordance with customer data protection and privacy regulations.
http://data.europa.eu/esco/skill/c7a989eb-a8dc-4ecb-9944-3bbac9088c3c,skill/competence,sector-specific,organise relapse prevention,organize relapse prevention;administer relapse prevention;oversee relapse prevention;manage relapse prevention;develop relapse prevention strategies;support patients to prevent relapse;assist patients to prevent relapse;develop strategies to prevent patient relapse;implement relapse prevention;develop patient relapse prevention strategies;coordinate relapse prevention,,,Help the patient or client identify and anticipate high risk situations or external and internal triggers. Support them in developing better coping strategies and back-up plans in case of future difficulties.
http://data.europa.eu/esco/skill/c7cc6dc5-d56b-4323-8e5c-47c4022f615f,knowledge,cross-sector,quality assurance methodologies,quality assurance plans;quality assurance methodology;quality assurance approaches;quality assurance arrangements;quality assurance processes,,,"Quality assurance principles, standard requirements, and the set of processes and activities used for measuring, controlling and ensuring the quality of products and processes."
http://data.europa.eu/esco/skill/c7e686a1-d03e-4641-a229-68247fdc5887,knowledge,cross-sector,legal terminology,judicial language;legal phrases;legal phraseology;legal terms;legal language;judicial terms;judicial phraseology;judicial phrases,,,The special terms and phrases used in the field of law.
http://data.europa.eu/esco/skill/c81c9ea3-4689-4146-9076-24dd175c69bc,skill/competence,sector-specific,carry out active selling,oversee active selling;carry out active sales;complete active selling;make active selling;carrying out active selling;undertake active selling;carrying out active sales,,,Deliver thoughts and ideas in impactful and influencing manner to persuade customers to become interested in new products and promotions. Persuade clients that a product or service will satisfy their needs.
http://data.europa.eu/esco/skill/c82f9319-cf46-4257-a8ce-542d0a7fed8f,skill/competence,sector-specific,provide treatment strategies for challenges to human health,offer treatment strategies for challenges to human health;create treatment strategies for challenges to human health;provide treatment for challenges to human health;provide treatment protocols for challenges to human health;identify treatment strategies for challenges to human health,,,Identify possible treatment protocols for the challenges to human health within a given community in cases such as infectious diseases of high consequences at the global level.
http://data.europa.eu/esco/skill/c842be42-81b3-40f2-904c-ea8790ac88bd,skill/competence,cross-sector,negotiate supplier arrangements,negotiate with suppliers and distributors;negotiate arrangements with suppliers;negotiate suppliers' arrangements;negotiate with tourism service suppliers,,,"Reach an agreement with the supplier upon technical, quantity, quality, price, conditions, storage, packaging, send-back and other requirements related to the purchasing and delivering process."
http://data.europa.eu/esco/skill/c89a26a1-96ef-48d7-abfe-bf4b8e3bbe1c,knowledge,cross-sector,literary techniques,literary practices;literary procedures;literary methods;literary approaches,,,"The various approaches an author can use to enhance their writing and produce a specific effect; this can be the choice of a specific genre or the use of metaphors, allusions, and word play."
http://data.europa.eu/esco/skill/c8b4b02c-d9ce-4e24-ab43-5dd52c6dff48,skill/competence,cross-sector,advise on carbon emissions reduction,counsel on carbon emissions reduction;advise on carbon footprint reduction,,,"Give companies advice on reducing industry carbon emissions, identify incentives, and keep them to date with carbon emissions regulations and policies, as well as with innovative reduction methods."
http://data.europa.eu/esco/skill/c94dd931-f568-48e2-9a1c-922f1ce21f67,knowledge,cross-sector,demography,demographics studies;the study of demographics,,,"The scientific field of study that deals with studying the size, structure, and distribution of the human population, and its geographical and temporal changes."
http://data.europa.eu/esco/skill/c95c29fe-3971-46b7-80e9-1f7e75ba99b3,skill/competence,occupation-specific,use specific data analysis software,use particular data analysis software;utilise particular data analysis software;utilise specific data analysis software;undertake data analysis through use of specific software;perform data analysis using specific software;conduct data analysis activities utilising specific software;conduct data analysis using particular software;carry out data analysis using specific software;use specific software for data analysis;utilise specific software for data analysis,,,"Use specific software for data analysis, including statistics, spreadsheets, and databases. Explore possibilities in order to make reports to managers, superiors, or clients."
http://data.europa.eu/esco/skill/c9956564-e281-4c1b-9d62-b412400fb0cb,skill/competence,occupation-specific,respond to requests for logistics services from all over the world,respond to requests for logistical services from around the world;provide a global logistics service;provide international logistics services;respond to international request for logistics services;meet requests for global logistical services;meet requests for international logistics services;respond to international requests for logistical services;provide global logistics services;provide an international logistics service;respond to requests for logistics services from around the world;respond to requests for logistical services from all over the world,,,Respond to requests for logistical services from customers in any country around the world.
http://data.europa.eu/esco/skill/c9b6aa32-6c42-4903-8e5a-23e43edf03fc,knowledge,sector-specific,online moderation techniques,online interaction methods;online interaction strategies and methods;online interaction strategies;online moderation methods;online moderation strategies;moderation techniques for online groups;online groups interaction techniques,,,The strategies and methods used to interact online and moderate online users and groups.
http://data.europa.eu/esco/skill/c9e96450-421d-48af-9ee6-d9c50e29afc2,knowledge,sector-specific,ICT recovery techniques,ICT recovery techniques for corrupted software components;ICT recovery techniques for hardware;ICT recovery techniques for corrupted data;ICT recovery methods;ICT recovery techniques for damaged and corrupted software components,,,"The techniques for recovering hardware or software components and data, after failure, corruption or damage."
http://data.europa.eu/esco/skill/c9f4efcd-e16a-4515-a0cb-60c6c479853d,knowledge,sector-specific,actuarial science,bookkeeping science;scientific financial analysis;actuarial sciences,,,"The rules of applying mathematical and statistical techniques to determine potential or existing risks in various industries, such as finance or insurance."
http://data.europa.eu/esco/skill/ca73ac82-867a-4afa-9732-834aebe896ff,knowledge,sector-specific,ICT system user requirements,analysis of user requirement in ICT systems;analysis of user requirements in ICT systems,,,"The process intended to match user and organisation's needs with system components and services, by taking into consideration the available technologies and the techniques required to elicit and specify requirements, interrogating users to establish symptoms of problem and analysing symptoms."
http://data.europa.eu/esco/skill/ca888fd9-43da-48c3-b037-4f9b0d2cfe4e,skill/competence,sector-specific,develop the product catalogue,develop a product catalogue;develop product catalogues;evaluate the product catalogue;produce the product catalogue;establish the product catalogue;developing the product catalogue;launch the product catalogue;develop the product catalog,,,Authorise and create items in relation to the delivery of a centrally held product catalogue; make recommendations in the further developing process of the catalogue.
http://data.europa.eu/esco/skill/caadb26a-f5a4-4bd1-a630-d508fb616ae2,skill/competence,occupation-specific,manage logistics pricing systems,ensure effective operation of logistics pricing systems;ensure effectiveness of logistics pricing systems;administer logistics pricing system;perform logistics pricing system management;ensure effective operation of pricing systems for logistics services;administer pricing systems for logistics services;oversee logistics pricing systems;ensure effectiveness of pricing systems for logistics services;oversee pricing systems for logistics services;manage pricing systems for logistics services,,,Manage logistics pricing systems. Ensure that prices adequately reflect costs.
http://data.europa.eu/esco/skill/cace7a77-38b7-4cdf-8171-e17692bef5f6,skill/competence,cross-sector,respond to customers' inquiries,deal with client's enquiries;respond to a customer inquiry;answer customers' inquiries;respond to inquiries by customers,,,"Answer customers' questions about itineraries, rates and reservations in person, by mail, by e-mail and on the phone."
http://data.europa.eu/esco/skill/cae4c053-05d1-413d-8499-f37793aad56e,knowledge,cross-sector,audio editing software,audio editing program;audio editing plugin;audio edit software,Ableton Live;Adobe Audition;FL Studio;Audacity,,"The various software for editing and generating audio, such as Adobe Audition, Soundforge, and Power Sound Editor."
http://data.europa.eu/esco/skill/cb059032-dd34-4761-a786-98cfb9d0efe3,skill/competence,cross-sector,explain accounting records,give an explanation of accounting records;describe accounting records;explaining accounting records;explain accounting record;explain account records;clarify accounting records,,,"Provide additional explanation and disclosure to staff, vendors, auditors, and to any other instance about the way accounts were recorded and treated in the financial records."
http://data.europa.eu/esco/skill/cb1b0777-0388-4b01-a0cf-7c6bbfbbd61d,skill/competence,sector-specific,review development process of an organisation,review development process of an organization;judge development process of an organisation;judge development process of an organization;assess development process of an organization;assess development process of an organisation,,,"Judge, review and decide on directions of innovation and development processes in an organisation in order to improve efficiency and reduce costs."
http://data.europa.eu/esco/skill/cb304338-3a44-4b6f-802b-dfc6c64de109,knowledge,cross-sector,scientific modelling,scientific modeling;scientific reproduction;scientific model;scientific simulation;scientific models,,,"Scientific activity consisting in selecting the relevant aspects of a situation and aiming to represent physical processes, empirical objects and phenomena to allow a better understanding, visualisation or quantification, and to enable simulation that shows how this particular subject would behave under given circumstances."
http://data.europa.eu/esco/skill/cb5cccc9-abe4-4b11-abe6-d27e5cd85fb1,skill/competence,sector-specific,manage standards for data exchange,set standards for data transformation,,,Set and maintain standards for transforming data from source schemas into the necessary data structure of a result schema.
http://data.europa.eu/esco/skill/cb668e89-6ef5-4ff3-ab4a-506010e7e70b,skill/competence,cross-sector,manage a team,direct a team;managing a team;supervise a team;manage the team,,,"Ensure clear and effective channels of communication across all departments within the organisation and support functions, both internally and externally ensuring that the team is aware of the standards and objectives of the department/business unit. Implement the disciplinary and grievance procedures as required ensuring that a fair and consistent approach to managing performance is consistently achieved. Assist in the recruitment process and manage, train and motivate employees to achieve/exceed their potential using effective performance management techniques. Encourage and develop a team ethic amongst all employees."
http://data.europa.eu/esco/skill/cb885129-ec40-4b9c-8064-5900dbceeb4f,knowledge,cross-sector,constitutional law,industrial constitution law;constitutional legislation;constitutional rules;constitutional statutes;state statutes;state rules;state regulations;state legislation;constitutional regulations,,,The regulations dealing with the fundamental principles or established precedents which govern a state or organisation.
http://data.europa.eu/esco/skill/cb89a5c0-b5cb-4c62-8e7e-7714631b66b5,skill/competence,sector-specific,create semantic trees,develop a semantic resolution tree;create controlled vocabularies;develop taxonomies and ontologies;create thesauri,,,Create coherent lists and hierarchies of concepts and terms to ensure consistent indexing in knowledge organisation systems.
http://data.europa.eu/esco/skill/cbe2c304-1e7d-489a-97d9-a7d3e37a9db6,skill/competence,sector-specific,apply ICT systems theory,follow the theoretical principles for ICT systems;implement theoretical notions for ICT systems;follow the principles of ICT systems theory;implement principles for ICT systems;implement theoretical principless for ICT systems,,,Implement principles of ICT systems theory in order to explain and document system characteristics that can be applied universally to other systems.
http://data.europa.eu/esco/skill/cc3b901c-4d66-48f8-90b9-41883be1e1ed,skill/competence,cross-sector,plan medium to long term objectives,plan medium and long term objectives;plan objectives of medium to long term;schedule medium to long term business goals;determine medium to long term objectives,,,Schedule long term objectives and immediate to short term objectives through effective medium-term planning and reconciliation processes.
http://data.europa.eu/esco/skill/cc61f9e5-d4fc-470e-8606-1ce865ff8386,skill/competence,cross-sector,develop professional network with researchers and scientists,cultivate a professional circle in academia;foster relationships with researchers and scientists;establish connections with researchers and scientists,,,"Develop alliances, contacts or partnerships, and exchange information with others. Foster integrated and open collaborations where different stakeholders co-create shared value research and innovations. Develop your personal profile or brand and make yourself visible and available in face-to-face and online networking environments."
http://data.europa.eu/esco/skill/cc7370dd-69fa-4c67-a96f-d4d135d38700,knowledge,sector-specific,data quality assessment,data quality analysis;analyse data quality,,,"The process of revealing data issues using ​quality indicators, measures and metrics in order to plan data cleansing and data enrichment strategies according to data quality criteria."
http://data.europa.eu/esco/skill/cc8432ff-580c-4141-8008-73ef890d3827,skill/competence,sector-specific,provide health psychological diagnosis,supply health psychological diagnosis;provide diagnosis of health psychological investigation;provide diagnosis of mental health investigation;accord health psychological diagnosis;give health psychological diagnosis;provide mental health diagnosis;provide diagnosis of health psychological examination,,,Analyse persons and groups of persons using health psychological methods in relation to the various aspects of health behaviour and its causes.
http://data.europa.eu/esco/skill/cc892855-cb24-4d48-8344-a5d71d48f61d,skill/competence,occupation-specific,apply quality standards to the interaction with candidates,enforce quality standards to the interaction with candidates;enforce quality criteria for candidate engagement;apply quality criteria for candidate engagement;implement quality criteria for candidate engagement;implement quality standards to the interaction with candidates,,,Follow established procedures which prevent errors in the conception and implementation of an assessment.
http://data.europa.eu/esco/skill/cc9b4fbb-65f1-4c92-9229-1392d03b6e20,skill/competence,cross-sector,structure information,organise information;structuring information,,,Organise information using systematic methods such as mental models and according to given standards in order to facilitate user information processing and understanding with respect to the specific requirements and characteristics of the output media.
http://data.europa.eu/esco/skill/ccb2e5f2-4279-48fd-9d85-a1db42ff1e13,knowledge,cross-sector,project configuration management,project deliverables management;project setup control;effective management process;project setup management,,,"The process for the effective management of the key project artefacts and deliverables, ensuring that the correct versions are delivered to the project requestor and allowing project managers to identify the latest state of project artefacts and be able to gather all sources, documents, and other information for the project, prevent unauthorised changes, guarantee artefacts traceability and return to previous versions. It comprises the identification of project configuration items (CIs), their attributes and status codes, the establishment of baselines, the definition of roles and responsibilities for authorised changes to CIs, and the maintenance and control of a project repository."
http://data.europa.eu/esco/skill/ccc28081-a273-45f8-98f6-0fd70e935263,skill/competence,cross-sector,monitor customer behaviour,monitor customers' behaviour;observe clients' needs and attitude;monitor behaviour by customers;monitor customer behavior;check out customer traits,,,"Oversee, identify and observe the evolution of the customer's needs and interests."
http://data.europa.eu/esco/skill/ccd0a1d9-afda-43d9-b901-96344886e14d,knowledge,sector-specific,Python (computer programming),Python 3K;Python,Python 3K,,"The techniques and principles of software development, such as analysis, algorithms, coding, testing and compiling of programming paradigms in Python."
http://data.europa.eu/esco/skill/ccd4c7a9-fd9e-42d3-85e8-f9b83e6b2215,knowledge,sector-specific,psychosomatics,impact of psychological and behavioral attitudes on biological processes;impact of psychological and behavioural attitudes on biological processes,,,"Interdisciplinary medical specialty addressing the connection between the social, psychological, and behavioral attitudes and their impact on human processes."
http://data.europa.eu/esco/skill/ccdbd9bb-4faf-403c-a968-e8bf487f8a53,knowledge,sector-specific,business ICT systems,business IT systems,,,"The software packages, hardware devices and new technologies used in supporting business processes such as enterprise resource planning (ERP), customer relationship management (CRM), mobile devices and network solutions."
http://data.europa.eu/esco/skill/ccdf3597-5c80-410f-896d-e1bdfa223de9,skill/competence,cross-sector,stimulate creativity in the team,stimulating creativity in the team;facilitate creativity in the team;support creativity in the team;stimulates creativity in the team;encourage creativity in the team,,,Use techniques like brainstorming to stimulate creativity in the team.
http://data.europa.eu/esco/skill/cd195aad-29dd-43f5-a5be-e6994d83215b,skill/competence,cross-sector,undertake continuous professional development in social work,undertake CPD in social work;continuously develop competences in social work;take part in continuous professional development in social work,,,"Undertake continuous professional development (CPD) to continuously update and develop knowledge, skills and competences within one`s scope of practice in social work."
http://data.europa.eu/esco/skill/cd50d616-1f8b-481e-983f-68d2674ff82d,skill/competence,cross-sector,integrate gender dimension in research,account for gender characteristics in scientific research;promote inclusion in research,,,Take into account in the whole research process the biological characteristics and the evolving social and cultural features of women and men (gender).
http://data.europa.eu/esco/skill/cd5efa8c-e44d-4cbc-91c6-796018dbed68,skill/competence,cross-sector,perform project management,perform management of projects;performing project management;manage projects;do project management;conduct project management;perform projects management,,,"Manage and plan various resources, such as human resources, budget, deadline, results, and quality necessary for a specific project, and monitor the project's progress in order to achieve a specific goal within a set time and budget."
http://data.europa.eu/esco/skill/cd74c564-57af-4aa2-b775-13e7609ffca1,skill/competence,cross-sector,liaise with politicians,connect with politicians;connect with political operators;work with politicians;work with political operators;collaborate with political operators;network with politicians;network with political operators;collaborate with politicians,,,Liaise with officials fulfilling important political and legislative roles in governments in order to ensure productive communication and build relations.
http://data.europa.eu/esco/skill/cdaf66a1-eaf3-4fef-af6e-2e9bbe2c326c,knowledge,sector-specific,distributed ledger technologies vulnerabilities,security in distributed ledger technology,,,"The knowledge of the essential distributed ledger vulnerabilities including exchange hack, 51% attack, exitscam, extortion, DeFi, phishing, and drawing conclusions."
http://data.europa.eu/esco/skill/cdbb225c-d69d-4442-8cdc-818b1fdda074,skill/competence,sector-specific,develop financial products,develop financial product;establish financial products;create financial products;create a financial product;implement financial products,,,"Take into account the performed financial market research and the organisation's objectives in order to develop and oversee the implementation, promotion, and lifecycle of financial products, such as insurance, mutual funds, bank accounts, stocks, and bonds."
http://data.europa.eu/esco/skill/cdd2b6cc-b4a9-42a0-824b-766f52176fd3,skill/competence,cross-sector,write inspection reports,prepare inspection reports;write monitoring reports;write down inspection reports;maintain monitoring records;keep inspection records;prepare monitoring reports;write an evaluation reports;maintain inspection records;produce inspection reports;write an inspection report,,,"Write the results and conclusions of the inspection in a clear and intelligible way. Log the inspection's processes such as contact, outcome, and steps taken."
http://data.europa.eu/esco/skill/cdd8b6b2-2fd9-453c-8d62-8a1dc6efcd49,knowledge,sector-specific,systems theory,systems fundamentals,,,"The principles that can be applied to all types of systems at all hierarchical levels, which describe the system's internal organisation, its mechanisms of maintaining identity and stability and achieving adaptation and self-regulation and its dependencies and interaction with the environment."
http://data.europa.eu/esco/skill/ce0d6a42-59c1-433e-ab62-adfc969c46bb,skill/competence,sector-specific,ensure safety of healthcare users,maintain health care user's safety;ensure safety of a health care user;ensure safety of a healthcare user;maintain healthcare user safety;ensure safety of health care users;provide a safe environment for health care users,,,"Make sure that healthcare users are being treated professionally, effectively and safe from harm, adapting techniques and procedures according to the person's needs, abilities or the prevailing conditions."
http://data.europa.eu/esco/skill/ce2dcc4b-d0a4-4aa4-b84a-a08da3c31d7d,skill/competence,cross-sector,explain distributed ledger technologies principles,explain distributed ledger technologies properties,,,"Explain the principles of the system architecture underlying distributed ledger technologies (DLT), in particular blockchain. Understand the DLT system architecture in terms of functional components in the core and service layers, the application service platform, DLT services, and external services. Understand the interaction of these components to provide DLT-based functions such as consensus mechanism functions, ledger management functions, smart contract mechanism functions, and distributed application management functions."
http://data.europa.eu/esco/skill/ce354460-500e-4eaa-8e95-8f243fcea3db,skill/competence,sector-specific,manage system testing,oversee testing of hardware;oversee testing of software,,,"Select, perform and track testings on software or hardware to detect system defects both within the integrated system units, the inter-assemblages and the system as a whole. Organise testings such as installation testing, security testing and graphical user interface testing."
http://data.europa.eu/esco/skill/ce4990a4-bf69-4f5f-becb-e4fd96da3a74,knowledge,sector-specific,"mining, construction and civil engineering machinery products","mining, construction and civil engineering machinery commodities;mining, construction and civil engineering machinery brands;mining, construction and civil engineering machine production;mining, construction and civil engineering machine products;mining, construction and civil engineering machinery parts;mining, construction and civil engineering machinery stock",,,"The offered mining, construction and civil engineering machinery products, their functionalities, properties and legal and regulatory requirements."
http://data.europa.eu/esco/skill/ce5598ec-5ca4-4f3e-92a2-c55c90ce6038,knowledge,cross-sector,competition law,laws of competition;competition legislation;competition statutes;competition rules;competition laws;competition regulation,,,The legal regulations that maintain market competition by regulating anti-competitive behaviour of companies and organisations.
http://data.europa.eu/esco/skill/ce592b28-4467-4908-b2e6-64bbe18da631,skill/competence,cross-sector,perform copywriting,undertake copywriting;performing copywriting;complete copywriting;implement copywriting;copywriting performance;perform copy writing,,,Write creative texts targeted to a specific audience for marketing and advertising purposes and ensure that the message convinces potential customers to buy a product or a service and facilitates a positive outlook on the organisation.
http://data.europa.eu/esco/skill/ce5b1446-b5e3-4f05-a5ac-83f2ee142a44,skill/competence,cross-sector,analyse external factors of companies,scrutinize;analyze external factors of companies;review external factors of companies;evaluate external factors of companies;analysing external factors of companies;examine external factors of companies;study external factors of companies;analyse external factors of company,,,"Perform research and analysis of the external factor pertaining to companies such as consumers, position in the market, competitors, and political situation."
http://data.europa.eu/esco/skill/ce8ae6ca-61d8-4174-b457-641de96cbff4,skill/competence,sector-specific,automate cloud tasks,evaluate cloud automation alternatives;automation of cloud tasks;optimise cloud workflows,,,Automate manual or repeatable processes to minimize management overhead. Evaluate cloud automation alternatives for network deployments and tool-based alternatives for network operations and management.
http://data.europa.eu/esco/skill/ceeb2e10-f354-4e6a-8c6a-3e46b80798e5,skill/competence,sector-specific,carry out social work research,carry out social work analysis;carry out research into social work;analyse the impact of social work;assess the impact of social work,,It includes web-based documentation.,Initiate and design research to assess social problems and evaluate social work interventions. Use statistical sources to connect the individual data with more aggregated categories and interpret data relating to the social context.
http://data.europa.eu/esco/skill/cef5c0f8-1e40-4c09-b6a7-aa7811849e5d,knowledge,cross-sector,ethics,the study of moral principles;moral studies,,,"The philosophical study that deals with solving questions of human morality; it defines and systemises concepts such as right, wrong, and crime."
http://data.europa.eu/esco/skill/cf22d572-a77f-410d-83e4-3a627cc8df77,skill/competence,sector-specific,supervise sales activities,watch over sales activities;monitor sales activities;supervision of sales activities;manage sales activities;supervising sales activities;supervise sales activity;oversee sales activities,,,"Monitor and oversee the activities related to the ongoing sales in the shop to ensure that sales goals are met, assess areas for improvement, and identify or solve problems that customers could encounter."
http://data.europa.eu/esco/skill/cf310cff-0d28-4dbc-9dbb-cc500a3196c2,knowledge,cross-sector,office software,office operating system;office IT software;office application;office programme;office soft-ware,Google Sheets;LibreOffice;Sharepoint;G-Suite Google;Google Workspace;Google Docs,,"The characteristics and functioning of software programs for office tasks such as word processing, spreadsheets, presentation, email and database."
http://data.europa.eu/esco/skill/cf3e976d-2c3e-495c-a874-f9e8a66d3b48,skill/competence,sector-specific,perform backups,backup data;backup ICT system,,,Implement backup procedures to backup data and systems to ensure permanent and reliable system operation. Execute data backups in order to secure information by copying and archiving to ensure integrity during system integration and after data loss occurrence.
http://data.europa.eu/esco/skill/cf532795-a1fd-43bd-8407-6e43f877e6e3,knowledge,sector-specific,mobile device management,BYOD;cell phone device management;mobile terminals;bring your own device,,,"The methods for managing the use of mobile devices within an organisation, while ensuring security."
http://data.europa.eu/esco/skill/cf9c8e73-105d-419e-86dd-4304cc6cd718,knowledge,cross-sector,geography,geography studies;the study of land;land studies,,,"The scientific discipline that studies the land, phenomena, characteristics and inhabitants of Earth. This field seeks to understand the natural and man-made complexities of Earth. It explores the social, political, and economic characteristics of human societies as well as the morphological properties of the Earth."
http://data.europa.eu/esco/skill/cfa2be0d-96d5-4017-a866-962efb9c5070,knowledge,sector-specific,signal processing,digital signal processing;DSP;analogic transmission digital transmission,,,"The algorithms, applications and implementations that deal with the processing and transferring of information through analog or digital frequencies."
http://data.europa.eu/esco/skill/cfbde1b6-8e47-4b83-b430-3d5f7f38d69a,skill/competence,cross-sector,assess operating cost,assessing of operating cost;assessing operating cost;operating cost assessment;operating cost estimation;assessment of operating cost;estimating of operating cost;estimation of operating cost;estimate operating cost;estimating operating cost,,,"Estimate the operating cost in terms of manpower, consumables and maintenance."
http://data.europa.eu/esco/skill/d0245e61-204f-48ca-911b-45e564732682,skill/competence,sector-specific,reconstruct program theory,model program theory;develop theory of change;define program theory through key contextual understanding;formulate program theory,,,"Define the program theory through stakeholder engagement, document and literature review, and key contextual understanding."
http://data.europa.eu/esco/skill/d04ee340-5378-4601-8181-19da6d5cbfe0,skill/competence,cross-sector,manage website,manage websites;managing a website;maintain website;oversee website;manage a website;regulate website;supervise website,,,"Provide different services related to website management such as monitoring online traffic, managing content, providing website support and making estimations and improvements to one's website."
http://data.europa.eu/esco/skill/d05c950b-40ac-4d40-92d6-d6aa6063db7f,knowledge,sector-specific,economic anthropology,anthropology of economic systems;anthropology of economics,,,"The academic field that studies the interrelationship between human societies and their economic systems. Discipline that examines economic activities in society and the processes of consumption, production, distribution and circulation of goods and services. Economic anthropology also focuses on the diverse factors such as political, cultural, and social that determine features of the economic activities."
http://data.europa.eu/esco/skill/d05d0dc5-95f6-4287-8884-f54fcfea5178,skill/competence,cross-sector,report the results of treatment,writing treatment report;reporting treatment results;writing of treatment report;write treatment report;reporting of the results of treatment;report treatment results;treatment results reporting;reporting the results of treatment;treatment report writing,,,"Analyse and process information and data, and subsequently formulate the results in a written report."
http://data.europa.eu/esco/skill/d0c425c6-e3de-465e-923d-d4d30ec4be9b,knowledge,cross-sector,national generally accepted accounting principles,national accounting principles which are generally accepted;national accepted accounting principles;national generally accepted accounting theories;national generally accepted accounting principle;national generally accepted accountancy principles,,,The accounting standard accepted in a region or country specifying the rules and procedures to disclose financial data.
http://data.europa.eu/esco/skill/d0c6d77e-cb25-4770-bf77-2073fc5f7523,knowledge,sector-specific,ICT infrastructure,ICT infrastructure and operations;IT infrastructure and operations;IT architecture and infrastructure;ICT architecture and infrastructure,,,"The system, network, hardware and software applications and components, as well as devices and processes that are used in order to develop, test, deliver, monitor, control or support ICT services."
http://data.europa.eu/esco/skill/d0f2f8a7-d935-4a6d-8e54-dcc3e5e2cbeb,skill/competence,cross-sector,present reports,present a report;prepare statistical reports;submit presentation,,,"Display results, statistics and conclusions to an audience in a transparent and straightforward way."
http://data.europa.eu/esco/skill/d0f930bc-a67b-4096-9df1-d2745de72518,skill/competence,sector-specific,develop cultural policies,establish cultural policies;evaluate artistic policies;evaluate cultural policies;promote cultural policies;establish artistic policies;promote artistic policies,,,"Develop programmes which aim to promote cultural activities and cultural engagement in a community or nation, and which regulate the organisation of cultural institutions, facilities and events."
http://data.europa.eu/esco/skill/d1072655-88ce-4445-8803-e6273da273e7,knowledge,cross-sector,blueprints,technical drawings;technical plans;technical blueprints;schematics,,,"Must be able to read and understand blueprints, drawings and plans and maintain simple written records."
http://data.europa.eu/esco/skill/d11e4683-d2fe-45fd-bb1a-e995f7877851,knowledge,sector-specific,musical theory,musical philosophy;music theory;musical science;musical principles,,,The body of interrelated concepts that constitutes the theoretical background of music.
http://data.europa.eu/esco/skill/d15ce60f-ddab-41ce-ba56-398451b77b60,skill/competence,cross-sector,have computer literacy,computer literacy;demonstrate computer literacy;be computer-literate;have good computer literacy,,,"Utilise computers, IT equipment and modern day technology in an efficient way."
http://data.europa.eu/esco/skill/d15f8745-28f8-4abf-a7b6-6cb8a304efd2,skill/competence,sector-specific,tolerate stress,stress tolerance;endure stress;stress toleration;tolerating stress;abide stress;permit stress,,,Maintain a temperate mental state and effective performance under pressure or adverse circumstances.
http://data.europa.eu/esco/skill/d1910ad7-0c87-4f38-8a41-7c193e5dc16d,knowledge,occupation-specific,macroeconomics,macro-economics;global economics,,,"The economic field that studies the performance and behaviour of all the sectors of an economy aggregated. This field evaluates the financial performance of a country and considers indicator such as gross domestic product (GDP), price levels, unemployment rates, and inflation."
http://data.europa.eu/esco/skill/d1d4a40d-ad7c-4dcc-bd7d-4f2423a647b1,skill/competence,occupation-specific,exercise neutrality in mediation cases,exercising neutrality in mediation cases;exercise impartiality;exercise objectivity in mediation cases;exercise mediation case neutrality;exercise neutrality in mediation case,,,Conserve neutrality and strive to keep a bias-free position in the solution of disputes between parties in mediation cases.
http://data.europa.eu/esco/skill/d1f73ae9-d348-4aac-b5d5-9b6d508401d3,knowledge,cross-sector,resource-efficient technologies,resource efficiency,,,"Sustainable technologies which allow to produce more value using limited resources while reducing the impact on the environment, restraining the risks of scarcity."
http://data.europa.eu/esco/skill/d207a30b-2f80-4138-9b77-f88d549b8768,skill/competence,cross-sector,identify new business opportunities,identifying new business opportunities;diagnose new business opportunities;identify a new business opportunity;analyse new business opportunities;identifying a new business opportunity;determine new business opportunities;classify new business opportunities,,,Pursue potential customers or products in order to generate additional sales and ensure growth.
http://data.europa.eu/esco/skill/d2309723-3472-46d2-865a-db81db2269b6,skill/competence,sector-specific,recognise blockchain risks,predict risks in blockchain technology;identify risks in blockchain technology,,,"Recognise risks associated with blockchain and cryptocurrency. Apart from standard risks associated with the business processes they are driving, blockchains bear value-transfer risks linked to the peer-to-peer type of value transfer. Risk are also linked to smart contracts as digital representations of more or less complex business relationships."
http://data.europa.eu/esco/skill/d253e412-f350-422d-93ef-4008b5e04e4c,skill/competence,sector-specific,read manuscripts,reading manuscripts;review manuscripts;evaluate manuscripts;read manuscript;assess manuscripts,,,Read incomplete or complete manuscripts from new or experienced authors.
http://data.europa.eu/esco/skill/d2564da5-c21f-4c02-8887-c78a001bb183,skill/competence,sector-specific,adhere to organisational code of ethics,comply with organisational code of ethics;adhere to organizational code of ethics;comply with organizational code of ethics;adhere to organisational codes of ethics;adhere to organizational codes of ethics;adhere to national and European professional code of ethics;obey organisational code of ethics,,,"Adhere to organisational European and regional specific standards and code of ethics, understanding the motives of the organisation and the common agreements and apply this awareness."
http://data.europa.eu/esco/skill/d2759db0-9d3b-4942-80c3-1684890f5fb0,knowledge,sector-specific,youth-centred approach,youth-centred services;youth-oriented approach;youth-oriented methodology,,,"Young people’s interests, needs, problems and psychology and their environments, the issues affecting them, and the opportunities and services to support them."
http://data.europa.eu/esco/skill/d2a9f2d0-9de7-44ce-a168-590b85234f20,skill/competence,cross-sector,teach corporate skills,educate on corporate skills;teaching corporate skills;explain corporate skills;provide instruction on corporate skills;teaches corporate skills,,,"Teach the skills necessary for operating in an organisation to the employees of an institution. Educate them on general or technical skills, ranging from computer skills to interpersonal skills."
http://data.europa.eu/esco/skill/d2adb565-a865-424d-aeb5-9fbcbf2afe2a,knowledge,sector-specific,Joomla,Joomla software,,,"The open-source web-based software system written in PHP, used for creating, editing, publishing and archiving blogs, articles, corporate or small business websites, social networking websites or press releases."
http://data.europa.eu/esco/skill/d2b3891d-d710-4f53-9a68-ff7b1158fef5,knowledge,sector-specific,excavation techniques,techniques for excavation techniques for excavating;excavating techniques;types of excavation;techniques for excavation;ways to excavate;digging methods;excavation methods;techniques used in excavation;ways of excavating,,,"The methods to remove rock and soil, used in an excavation site and the associated risks."
http://data.europa.eu/esco/skill/d2c81ad1-2439-43cf-9c63-204187b8f771,skill/competence,cross-sector,mitigate waste of resources,mitigate the waste of a resource;mitigate the waste of resources;reduce waste of resources;stop the waste of resources;effective use of waste resources;waste resource efficiency,,,Evaluate and identify opportunities to use resources more efficiently with continuously striving to reduce waste of utilities.
http://data.europa.eu/esco/skill/d2dc31f1-720c-4757-bc1b-9e563d264dcf,skill/competence,cross-sector,advise on organisational culture,comment on organisational climate;recommend organisational culture policy;help with organisational culture;advise on organization climate;help with organisational climate;comment on organisational culture;recommend organisational climate policy,,,"Advise organisations on their internal culture and work environment as experienced by employees, and the factors which may influence the behaviour of employees."
http://data.europa.eu/esco/skill/d2de37c7-7233-481b-8b1a-f4dfde11ca91,skill/competence,sector-specific,advise on merchandise features,advise on material features;advise on product features;advise on commodity features,,,"Provide counsel on the buying of merchandise such as goods, vehicles or other objects, as well as providing information on their features and attributes to clients or customers."
http://data.europa.eu/esco/skill/d2f95b34-44ca-4902-8252-09c202f46a3d,skill/competence,sector-specific,monitor national economy,monitor national finance;monitor GDP;monitor national business;monitor gross and domestic national product;monitor gross national product;monitor gross domestic product;monitor GNP,,,Supervise the economy of a country and their financial institutions such as banks and other credit institutions.
http://data.europa.eu/esco/skill/d3286405-49f8-4e8a-8046-a4376b4e7963,skill/competence,sector-specific,manage cloud data and storage,manage cloud data encryption;manage cloud data retention;cloud storage and data management;implement cloud data protection;create cloud data retention,,,"Create and manage cloud data retention. Identify and implement data protection, encryption, and capacity planning needs."
http://data.europa.eu/esco/skill/d37bc902-f640-48d7-9db4-544db9aa65fa,skill/competence,occupation-specific,prepare financial projections,create financial projections;formulate financial projections;make financial projections ready;prepare finance projections;preparing financial projections;prepare financial projection,,,"Gather financial data, exert analyses, and come up with financial projections for small and big businesses."
http://data.europa.eu/esco/skill/d39a5880-7d0a-4573-9f70-a75ff875bf83,skill/competence,cross-sector,provide lesson materials,make lesson materials available;provides lesson materials;offer lesson materials;providing lesson materials;supply lesson materials,,,"Ensure that the necessary materials for teaching a class, such as visual aids, are prepared, up-to-date, and present in the instruction space."
http://data.europa.eu/esco/skill/d3a0ec53-f758-4250-9372-7694860c804f,skill/competence,sector-specific,influence voting behaviour,influence voting behavior;force ballot behaviour;control voting behaviour;impact on voting behaviour;dominate voting behaviour;control ballot behaviour;impact on ballot behaviour;dominate ballot behaviour;force voting behaviour,,,"Influence the public during a political or other legislative campaign which requires voting in order to ensure that they vote for the party, individual or motion which is preferred, by talking with individuals and using promotional strategies."
http://data.europa.eu/esco/skill/d3e585e9-3a73-4511-b533-90f095e5aa09,knowledge,cross-sector,marketing mix,marketing mixes,,,"Principle of marketing that describes the four fundamental elements in marketing strategies which are the product, the place, the price and the promotion."
http://data.europa.eu/esco/skill/d3e9b00a-0891-4fa8-836d-8240ec3d2758,knowledge,sector-specific,GDPR,EU data protection;knowledge of GDPR;General Data Protection Regulation,,,The General Data Protection Regulation is the EU regulation on the protection of natural persons with regard to the processing of personal data and on the free movement of such data.
http://data.europa.eu/esco/skill/d3eccb86-f02d-4950-bfbd-20b9510774a1,skill/competence,cross-sector,apply organisational techniques,apply an organisational technique;employ organisational techniques;administer organisational techniques;utilise organisational techniques;implement organisational techniques;applying organisational techniques;apply organizational techniques;organisational techniques application,,,"Employ a set of organisational techniques and procedures which facilitate the achievement of the set goals set such as detailed planning of personnel's schedules. Use these resources efficiently and sustainably, and show flexibility when required."
http://data.europa.eu/esco/skill/d40fc63c-558e-4107-8b19-fde1dae16eb5,skill/competence,sector-specific,carry out psychiatric assessment of child,carry out a diagnostic examination in child psychiatry;perform a psychiatric assessment of a young person;carry out a psychiatric assessment of a young person;carry out a psychiatric assessment of an adolescent;carry out a psychiatric assessment of a child;perform a psychiatric assessment of an adolescent;perform a psychiatric assessment of a child,,,"Evaluate the child or young person's problems with attention to physical, genetic, developmental, emotional, cognitive, educational, family, peer, and social components and use the information to determine a diagnosis for the mental disorder."
http://data.europa.eu/esco/skill/d41262ae-eca1-4ede-89a8-46d2d99a7a31,skill/competence,cross-sector,consider economic criteria in decision making,take decisions considering economic criteria;include economic considerations in decision making;assess economic factors in proposal development;make decisions considering economic criteria;consider economic factors in decision making;analyse economic impacts in decision making;make decisions considering economic factors;incorporate economic considerations into decision making,,,Develop proposals and take appropriate decisions taking into account economic criteria.
http://data.europa.eu/esco/skill/d4789070-2ff7-4bbb-94ca-8bb1739826a9,knowledge,cross-sector,authoring software,,LaTeX;Microsoft Publisher,,"The software that provides pre-programmed elements which allow the development of interactive multimedia applications in order to edit, structure and lay out content intended for publication."
http://data.europa.eu/esco/skill/d4890756-85c7-411a-8d2c-a356f300bc3f,knowledge,sector-specific,political economy,political macroeconomy,,,The field that combines political and economic factors in the analysis of modern societies. It focuses on factors such as production and trade and their relations with the law and the government.
http://data.europa.eu/esco/skill/d4a0744a-508b-4a5e-97a5-ad1fc7f55e6e,knowledge,cross-sector,correctional procedures,correctional policies;penal institution methods;penal institution policies;penal institution processes;correctional measures;correctional methods;penal institution measures;correctional processes,,,"The legal regulations and policies concerning the operations of correctional facilities, and other correctional procedures."
http://data.europa.eu/esco/skill/d4ae9564-0b61-4aa0-9df0-d4fdc969fd6f,knowledge,cross-sector,grammar,syntax;parsing,,,"The set of structural rules governing the composition of clauses, phrases, and words in any given natural language."
http://data.europa.eu/esco/skill/d4cc5022-7801-4885-bcff-166552788d35,skill/competence,cross-sector,provide improvement strategies,provide strategies to improve;supply improvement techniques;provide strategies of improvement;propose new strategies,,,Identify root causes of problems and submit proposals for effective and long-term solutions.
http://data.europa.eu/esco/skill/d4ef994f-c2d0-4ea1-88d2-ad2aa9e0e079,skill/competence,cross-sector,monitor work for special events,plan work for special events;monitor special events' work;supervise work for special events;supervise work for special occasions;plan work for special occasions;monitor works for special events,,,"Oversee activities during special events taking into account specific objectives, schedule, timetable, agenda, cultural limitations, account rules and legislation."
http://data.europa.eu/esco/skill/d5111703-c344-484d-bef1-9565a278166a,knowledge,sector-specific,market pricing,market values;market costs;market estimates;pricing a market;pricing marketing;market appraisals;marketing pricing,,,"Price volatility according to market and price elasticity, and the factors which influence pricing trends and changes in the market in the long and short term."
http://data.europa.eu/esco/skill/d5145a9a-602e-40bf-b3e1-f04cf9c3ef86,knowledge,cross-sector,leadership principles,scope of management principles;principles of management;scope of leadership principles;range of leadership principles;principles of leadership;range of management principles;literature on leadership principles;literature on management principles,,,"Set of traits and values which guide the actions of a leader with her/his employees and the company and provide direction throughout her/his career. These principles are also an important tool for self-evaluation to identify strengths and weaknesses, and seek self-improvement."
http://data.europa.eu/esco/skill/d51ca82a-1a70-449d-91b3-9465f7ba905c,knowledge,sector-specific,cultural history,the study of historical meaning;historical meaning studies,,,"Field that combines historical and anthropological approaches for recording and studying past customs, arts, and manners of a group of people taking into account their political, cultural, and social milieu."
http://data.europa.eu/esco/skill/d53b04fb-1bbb-4a25-92f8-8ceb308d276f,skill/competence,cross-sector,define organisational standards,define organisational standard;write up organisational standards;defining organisational standards;define standards for the organisation;define organizational standards;set organisational standards,,,"Write, implement and foster the internal standards of the company as part of the business plans for the operations and levels of performance that the company intends to achieve."
http://data.europa.eu/esco/skill/d5493cca-ee21-4e43-8bcd-ec38680746cc,skill/competence,cross-sector,execute marketing plan,achieve marketing plan;undertake marketing plan;marketing plan execution;carry out marketing plan;executing a marketing plan;enact marketing plan;execute a marketing plan,,,Carry out all the activities involved in achieving specific marketing objectives within a given timeframe.
http://data.europa.eu/esco/skill/d56fc2b5-4b0a-4e7e-9bde-a33736f6ff18,knowledge,sector-specific,Scratch (computer programming),Scratch,,,"The techniques and principles of software development, such as analysis, algorithms, coding, testing and compiling of programming paradigms in Scratch."
http://data.europa.eu/esco/skill/d5879a17-de0d-4766-9da0-810455119b01,knowledge,sector-specific,stages of bereavement,stage of bereavement;stages of mourning;stages of grief,,,"Stages of the bereavement such as the acceptance that the loss has occurred, the experience of pain, the adjustment to life without the person in question."
http://data.europa.eu/esco/skill/d5a59ca8-2e91-472e-8571-d12ce4478679,knowledge,sector-specific,Process-based management,process-based project management methodology,,,"The process-based management approach is a methodology for planning, managing and overseeing of ICT resources in order to meet specific goals and using project management ICT tools."
http://data.europa.eu/esco/skill/d5e57d53-2346-42d0-89b1-2ea10248384c,knowledge,sector-specific,types of psychotherapy sessions,psychological therapies for groups;types of psychotherapy session;individual therapy sessions;group therapy sessions;forms of psychotherapy sessions;psychotherapy for individuals or families;types of psychological therapies;varieties of psychotherapy sessions;therapy sessions for families,,,"Types of psychotherapy for individuals, groups or families according to behavioural/cognitive, psychoanalytic/dynamic, systemic methods or other appropriate psychological therapies."
http://data.europa.eu/esco/skill/d5f629b3-7974-4938-ae50-66cc4a3b7010,knowledge,cross-sector,psychological treatment measures,psychological treatment measure;principles and measures of treatments in psychology;principles and methods of psychological treatments,,,"The psychological treatment measures for persons of all ages and groups, with the aim of improving treatment skills and the provisions of trans-cultural and gender aspects."
http://data.europa.eu/esco/skill/d63c2bad-817d-4116-b4d8-b927cb01212d,knowledge,sector-specific,commercial law,commerce law;commercial rule;commercial legislation;commercial laws;commercial statute;commercial regulation,,,The legal regulations that govern a specific commercial activity.
http://data.europa.eu/esco/skill/d63f49de-cb72-4ce3-9553-a374a4f32f52,skill/competence,cross-sector,analyse data about clients,analyse clients interests;analyse customer interests;analyse guests interests;analyse data about visitors;analyze data about clients;analyse data on clients;analyse data about customers;undertake customer analysis;analyse data about guests;analyse client data,,,"Study data about clients, visitors, customers or guests. Gather, process and analyse data about their characteristics, needs and buying behaviours."
http://data.europa.eu/esco/skill/d669af41-756c-48d9-a286-1443253f54b1,knowledge,cross-sector,tax legislation,tax laws;tax regulations;fiscal laws;fiscal statutes;fiscal regulations;tax rules;fiscal rules;tax statutes,,,"Tax legislation applicable to a specific area of specialisation, such as import tax, government tax, etc."
http://data.europa.eu/esco/skill/d686f015-5568-4288-9135-74936cd7b655,knowledge,sector-specific,blockchain-based business models,models for blockchain-based business,,,"The study of diverse blockchain business models such as Blockchain-Based Software Products, Blockchain Development Platforms, Token Economy-Utility Token Business Model, P2P Blockchain Business Model, as well as Blockchain as a Service Business Model (BaaS)."
http://data.europa.eu/esco/skill/d6c29154-9cc1-48a4-a2de-3d1d0d7f0831,knowledge,sector-specific,publishing strategy,publishing content;publishing content in output media,,,"The methods, rules, media and tools of publishing content from content management systems in single sources or cross media."
http://data.europa.eu/esco/skill/d6cdef49-b669-4507-91d1-3f959cf98e47,skill/competence,sector-specific,maintain database performance,execute database maintenance,,,Calculate values for database parameters. Implement new releases and execute regular maintenance tasks such as establishing backup strategies and eliminating index fragmentation.
http://data.europa.eu/esco/skill/d6d3fee7-47e2-47f4-a0ec-6c75f28c6abd,knowledge,sector-specific,product comprehension,products comprehension;comprehending products;product understanding;product requirements;product knowledge;comprehension of products,,,"The offered products, their functionalities, properties and legal and regulatory requirements."
http://data.europa.eu/esco/skill/d6e78d9a-deca-4bcb-b08d-011b2616758d,skill/competence,cross-sector,ensure compliance with accounting conventions,ensure compliance with accounting convention;ensuring compliance with accounting conventions;guarantee compliance with accounting conventions;ensure accounting conventions compliance;certify compliance with accounting conventions,,,"Exercise accounting management and abidance by generally accepted accounting conventions such as recording transactions at the current price, quantifying goods, separating personal accounts of managers from those of the company, making effective the transfer of legal ownership of assets in its realisation time, and ensuring the principle of materiality."
http://data.europa.eu/esco/skill/d74df140-eb69-43e2-bac9-1cafc824d702,skill/competence,cross-sector,execute feasibility study,conduct feasibility assessment;undertake feasibility studies;perform feasibility study on solar heating;perform feasibility study on solar absorption cooling;conduct feasibility studies;perform feasibility analysis,,,"Perform the evaluation and assessment of the potential of a project, plan, proposition or new idea. Realise a standardised study which is based on extensive investigation and research to support the process of decision making."
http://data.europa.eu/esco/skill/d77d7685-04fb-43a4-a1ac-09a10811f646,knowledge,cross-sector,corporate law,corporation statutes;corporation law;corporation regulation;corporate regulation;corporate statutes;corporate rules;corporation rules,,,"The legal rules that govern how corporate stakeholders (such as shareholders, employees, directors, consumers, etc) interact with one another, and the responsibilities corporations have to their stakeholders."
http://data.europa.eu/esco/skill/d78dedfc-21d2-45fd-ba05-e56b7a8865e6,knowledge,sector-specific,network standards,network protocols;network guidelines;network codes,,,"Regulated standards that provide the technical guidelines, specifications, and requirements to ensure safe and efficient interoperability between devices, software, equipment, and organisations. Networking standards govern the software and hardware which uses them."
http://data.europa.eu/esco/skill/d7b66759-c40c-44de-9f31-9418f84e10c5,skill/competence,cross-sector,assess risk factors,check risk factors;assessing risk factors;appraise risk factors;judge risk factors;test risk factors;assess a risk factor;risk factor assessment,,,"Determine the influence of economical, political and cultural risk factors and additional issues."
http://data.europa.eu/esco/skill/d7cae736-7937-4b25-a015-0dbb3a8cf61e,skill/competence,cross-sector,develop social security programmes,implement social security programmes;produce social welfare programmes;operate social security programmes;implement social welfare programmes;operate social welfare programmes;develop social security programs;establish social welfare programmes;produce social security programmes;establish social security programmes,,,"Develop programmes and policies which aim to protect citizens and grant them rights in order to aid them, such as providing unemployment and family benefits, as well as to prevent misuse of government-provided aid."
http://data.europa.eu/esco/skill/d7e4a9fa-cfc2-45f9-96eb-13dc6e48c86c,knowledge,sector-specific,video conferencing tool,video conferencing software,Google Meet;Google Hangout;Cisco Webex;Microsoft Teams;Skype;Zoom,,The software that are used to enable virtual meetings between people through internet with real-time multidirectional video and audio streaming.
http://data.europa.eu/esco/skill/d80ec9e6-7e81-4615-88e9-979b072e8864,knowledge,cross-sector,sex education,information and advice on human sexual reproduction;family planning;sexual education;education on contraception;education on human sexuality;information on birth control,,,"Programs targeting human sexual reproduction, emotional relations between sexual partners, birth control and human sexuality in general."
http://data.europa.eu/esco/skill/d80f7a28-1e75-4247-9104-de8e5f909f0a,knowledge,cross-sector,reputation management,reputational management,,,"The influence on stakeholder perceptions and the public in relation to an organization and its brand. It encompasses various activities such as monitoring public perceptions and following conversations, addressing reputation threats and searching for opportunities to improve it."
http://data.europa.eu/esco/skill/d82b3bfc-b323-44d6-8776-e3d28e9183a4,skill/competence,sector-specific,cope with challenging demands,deal with challenging requests;cope with pressure in the artistic setting;handle challenging demands;cope with demanding challenges;cope with demands that are challenging,,,Maintain a positive attitude towards new and challenging demands such as interaction with artists and handling of artistic artefacts. Work under pressure such as dealing with last moment changes in time schedules and financial restraints.
http://data.europa.eu/esco/skill/d83cba15-8511-4d07-b89a-9fde0d1d8241,skill/competence,cross-sector,perform quality audits,perform external quality audits;perform compliane audits;conduct internal quality audits;conduct quality systems audit,,,"Execute regular, systematic and documented examinations of a quality system for verifying conformity with a standard based on objective evidence such as the implementation of processes, effectiveness in achieving quality goals and reduction and elimination of quality problems."
http://data.europa.eu/esco/skill/d83e8dbd-257b-4aa9-abb5-e65924eb1797,knowledge,sector-specific,ethics of sharing work through social media,principles of sharing work through social media;perform adjustments as work evolves;ideals of sharing work through social media;morals of sharing work through social media,,,The ethics around the appropriate use of social networks and media channels through which to share your work.
http://data.europa.eu/esco/skill/d84326c9-a3d3-4e22-a6a1-1ad42a356f10,knowledge,sector-specific,sustainability consulting,sustainability consulting services,,,The consulting approach that is used to help businesses to know more about their sustainability impact and implement strategies to become eco-friendly and efficient.
http://data.europa.eu/esco/skill/d843982a-9151-4539-938b-a52a8435cd87,skill/competence,sector-specific,create editorial board,establish editorial board;draft editorial board;creating editorial board;write editorial board;make editorial board;create editorial boards,,,Create the outline for each publication and news broadcast. Determine the events that will be covered and the length of these articles and stories.
http://data.europa.eu/esco/skill/d86babea-bf8b-4552-81a8-daf706066ad6,skill/competence,cross-sector,manage environmental impact of operations,assess and monitor operations impact on the environment;environmental impact management;environmental impact assessment and monitoring;manage operations impact on the environment;assess and monitor environmental impact;manage environmental impact,,,"Manage the interaction with and impact on the environment by companies. Identify and assess environmental impacts of the production process and related services, and regulate a reduction of the effects on the environment and on people. Organise action plans and monitor any indicators of improvement."
http://data.europa.eu/esco/skill/d8726a5a-0614-4dc6-ad03-cf5e3b3caaa5,skill/competence,sector-specific,apply ICT terminology,provide consistent terminology,,,Use specific ICT terms and vocabulary in a systematic and consistent manner for documentation and communication purposes.
http://data.europa.eu/esco/skill/d88ae112-b5fe-4c73-9e6e-453ee709dfd5,skill/competence,sector-specific,analyse irregular migration,test irregular population movements;test irregular migration;scrutinise irregular population movements;analyze irregular migration;investigate irregular population movements;investigate irregular migration;scrutinise irregular migration,,,Analyse and assess the systems which are involved in organising or facilitating irregular migration in order to develop strategies to end irregular migration and sanction those facilitating it.
http://data.europa.eu/esco/skill/d88cb3f1-8e02-4618-bf32-4b0488066934,knowledge,cross-sector,mechatronics,mechatronic engineering;smart machines;science of mechatronics;mechatronic science;field of mechatronics,,,"Multidisciplinary field of engineering that combines principles of electrical engineering, telecommunications engineering, control engineering, computer engineering, and mechanical engineering in the design of products and manufacturing processes. The combination of these areas of engineering allows for the design and development of ""smart"" devices and the achievement of an optimal balance between mechanical structure and control."
http://data.europa.eu/esco/skill/d89b9a3f-19bf-4b9b-9664-ed35924eb399,skill/competence,cross-sector,collect data using GPS,gather data using GPS devices;using GPS to collect data;gather data using GPS device;gathering GPS field data;collecting of data using GPS;use GPS to collect data;collection of data using GPS;gather GPS field data;collecting data using GPS;data collection using GPS,,,Gather data in the field using Global Positioning System (GPS) devices.
http://data.europa.eu/esco/skill/d90bad2f-7fcc-4e85-a02f-ba4837732892,knowledge,cross-sector,post-processing of photographs,the post-processing of photographs;post-processing of photos;post-processing of a photograph,,,The characteristics of software and techniques used in post-processing photographs.
http://data.europa.eu/esco/skill/d93f9e29-9740-4231-8486-13d377b99f05,skill/competence,cross-sector,develop a collaborative therapeutic relationship,develop a collaborative relationship during treatment;develop collaborative therapeutic relationship;develop mutually collaborative relationship during therapy;establish a collaborative therapeutic relationship;develop collaborative therapeutic relationships,,,"Develop a mutually collaborative therapeutic relationship during treatment, fostering and gaining healthcare users' trust and cooperation."
http://data.europa.eu/esco/skill/d952e003-b5af-4a8a-9d32-921d34dc4907,skill/competence,cross-sector,advise on public image,recommend public relations;solve public relations;solve public image;suggest public relations;recommend public image;suggest public image,,,"Advise a client such as a politician, artist or another individual dealing with the public on how to present themselves in a way which would gain most favour from the general public or a target audience."
http://data.europa.eu/esco/skill/d9818afc-1dec-4944-8c9c-e3ae8fad176d,skill/competence,cross-sector,set up the controller of a machine,erect appliance and machine control systems;build the controller of a machine;set up the computer controller of a machine;install appliance and machine control systems;install the controller of a machine;assemble the controller of a machine;erect the controller of a machine;assemble appliance and machine control systems;build appliance and machine control systems,,,Set up and give commands to a machine by dispatching the appropriate data and input into the (computer) controller corresponding with the desired processed product.
http://data.europa.eu/esco/skill/d9a3cb06-d6e0-4a64-88a6-9a8e11a99c93,knowledge,cross-sector,labour market,labour markets;labor market;job market;employment market,,,"The trends, functioning, and fluctuations of the labour market, career options, wages, unions, working population and the supply and demand of certain professions in a sector."
http://data.europa.eu/esco/skill/d9a9cb71-a62e-4800-a518-cfb61f8b15cd,knowledge,sector-specific,category specific expertise,specialized knowledge on supplies;domain expertise on supplies;specialised knowledge on supplies,,,"The features and specificities relevant to one or more categories of supplies, services or works, including suppliers, technical parameters and market conditions."
http://data.europa.eu/esco/skill/d9e5349e-8791-49c2-8ba4-839fdd1606c2,skill/competence,cross-sector,define technical requirements,write up a list of technical specifications;gather technical requirements;jot down technical specifications in a list;write up a technical specifications' list;write technical specifications;write up technical specifications in a list;make a list of technical aspects,,,"Specify technical properties of goods, materials, methods, processes, services, systems, software and functionalities by identifying and responding to the particular needs that are to be satisfied according to customer requirements."
http://data.europa.eu/esco/skill/da042121-959d-451b-b4d0-3bbf07c1bc67,skill/competence,sector-specific,analyse network bandwidth requirements,analyze network bandwidth requirements;measure network bandwidth requirements;assess network bandwidth requirements,,,Study the requirements on the transmission capacity of an ICT network or other telecommunication system.
http://data.europa.eu/esco/skill/da1398ac-6955-4cf3-9225-67f16e41dbdc,skill/competence,cross-sector,collect financial data,collecting financial data;compile financial data;Gather financial data;organise financial data;collect finance data,,,"Gather, organise, and combine financial data for their interpretation and analysis in order to predict possible financial scenarios and performance of a company or project."
http://data.europa.eu/esco/skill/da3fb416-d3ee-4d2b-864c-050d8122ee13,skill/competence,sector-specific,revise translation works,revising translation;edit translation works;revising translation works;improve translation works;correct translation works;translation work revising;modify translation works;alter translation works,,,Compare and perform bilingual editing by reading the translated work and comparing it to the original text.
http://data.europa.eu/esco/skill/da56feea-941c-4ff6-b573-bb16ccbde670,skill/competence,sector-specific,communicate schedules to the people concerned,communicate timetables;communicate schedules to whom it may concern;impart schedules;impart schedules to whom it may concern;communicate scheduling information;impart schedules to the people concerned;communicate schedules;impart timetables,,,"Convey relevant scheduling information. Present the schedule to the persons concerned, and inform them of any schedule changes. Approve the schedules and verify that everyone has understood the information sent to them."
http://data.europa.eu/esco/skill/da930e2f-6047-4616-a598-bba8ecef3039,skill/competence,cross-sector,manage open publications,manage open-source content;manage open-source publications;handle open-source content;handle open publications;handle open-source publications,,,"Be familiar with Open Publication strategies, with the use of information technology to support research, and with the development and management of CRIS (current research information systems) and institutional repositories. Provide licensing and copyright advice, use bibliometric indicators, and measure and report research impact."
http://data.europa.eu/esco/skill/dad7e408-162f-46a4-8567-db560e19e2fc,skill/competence,sector-specific,identify ICT system weaknesses,identify cyber infrastructure vulnerabilities;identify vulnerabilities of a cyber infrastructure,,,"Analyse the system and network architecture, hardware and software components and data in order to identify weaknesses and vulnerability to intrusions or attacks. Execute diagnostic operations on cyber infrastructure including research, identification, interpretation and categorization of vulnerabilities, associated attacks and malicious code (e.g. malware forensics and malicious network activity). Compare indicators or observables with requirements and review logs to identify evidence of past intrusions."
http://data.europa.eu/esco/skill/db10b60e-efd2-4ba9-a873-d1e2ec37620f,knowledge,cross-sector,court procedures,court processes;judicial arrangements;judicial administration;court operations;judicial operations;court arrangements;court administration;judicial processes,,,"The regulations which are in place during the investigation of a court case and during a court hearing, and of how these events occur."
http://data.europa.eu/esco/skill/db36f7f1-5900-45bd-9ffb-f2b19c4362ac,skill/competence,sector-specific,support ICT system users,staff support;user assistance;provide guidance on the use,,,"Communicate with end users, instruct them on how to progress with tasks, use ICT support tools and methods to solve problems and identify possible side effects and provide solutions."
http://data.europa.eu/esco/skill/dba1c4ec-cb24-4964-a1ae-2ae3126bf44b,skill/competence,sector-specific,build contacts to maintain news flow,building contacts to maintain news flow;correspond with new contacts to maintain news flow;maintain news flow by building contacts;network with new contacts to maintain news flow,,,"Build contacts to maintain a flow of news, for example, police and emergency services, local council, community groups, health trusts, press officers from a variety of organisations, the general public, etc."
http://data.europa.eu/esco/skill/dbc538a0-7d1d-4394-b2f6-8fae44a55d86,skill/competence,sector-specific,provide feedback to performers,provide performers with feedback;provide constructive criticism to performers;providing feedback to performers;provide entertainers with constructive criticism,,,"Highlight positive points of a performance, as well as areas requiring improvement. Encourage discussion and propose avenues of exploration. Ensure performers are committed to following up on feedback."
http://data.europa.eu/esco/skill/dbdd03ec-f64f-4916-8a86-cc71d765cc20,skill/competence,cross-sector,advise on legislative acts,comment on legislative acts;advise on legislative bills;recommend on legislative bills;help with legislative acts;comment on legislative bills;help with legislative bills;recommend on legislative acts,,,Advise officials in a legislature on the propositioning of new bills and the consideration of items of legislation.
http://data.europa.eu/esco/skill/dbfb9dda-48d9-4a10-9821-3237f868071b,skill/competence,cross-sector,analyse goal progress,investigate goal progress;analyze goal progress;test organisational objective progress;scrutinise organisational objective progress;investigate organisational objective progress;scrutinise goal progress;test goal progress,,,"Analyse the steps which have been taken in order to reach the organisation's goals in order to assess the progress which has been made, the feasibility of the goals, and to ensure the goals can be met according to deadlines."
http://data.europa.eu/esco/skill/dc1ba31e-260e-4eb0-a5cb-6aa1e839e7c0,skill/competence,sector-specific,communicate price changes,publicise price changes;communicating price changes;communicating a price change;disclose price changes;advertise price changes;communicate a price change;broadcast price changes,,,"Transparent, straightforward and effective communication with all departments involved; clearly communicate about price changes and their possible consequences."
http://data.europa.eu/esco/skill/dc4b2c95-d807-414c-aed3-4d4fd55a30e8,skill/competence,occupation-specific,keep up with current trends in psychotherapy,stay up to date with trends in psychotherapy;keep up with developments in psychotherapy;stay informed about current trends and research in psychotherapy;stay informed about developments in psychotherapy;stay up to date with psychotherapy trends;be aware of new psychotherapy research and treatments;keep up with psychotherapy trends;keep up with psychotherapy developments;be aware of current debates and trends in psychotherapy;stay informed about psychotherapy developments,,,"Keep up with current trends and debates in mental health services, being aware of changes in social, cultural, and political thinking about psychotherapy and of the interplay of various theories. Stay informed about increases in the demand for counselling and psychotherapies, and be aware of evidence-based research, the appropriate measurement tools for psychotherapy, and the need for research."
http://data.europa.eu/esco/skill/dc665f4d-0c87-4f73-8fa9-b51df1bf4980,skill/competence,sector-specific,negotiate exploitation rights,obtain exploitation rights;negotiate rights to exploitation;purchase exploitation rights;negotiating exploitation rights;agree to exploitation rights,,,Negotiate with the creator the rights to communicate a work to the public and to reproduce it.
http://data.europa.eu/esco/skill/dc721884-85c9-4cce-a34f-ecb1d67b129a,skill/competence,sector-specific,provide health psychological treatment advice,advise on health psychological issues;give health psychological treatment advice;carry out health psychological counselling;provide health psychological therapy advice;conduct health psychological counselling;advise on health psychological treatment,,,"Provide treatment advice to persons and groups of persons of all ages in relation to the various aspects of mental health related risk behaviours such as diet, exercise, substance abuse, stress management."
http://data.europa.eu/esco/skill/dc72ad0a-c5dc-4abd-bc0d-ca43e82162e1,skill/competence,cross-sector,build business relationships,assemble business relationships;build a business relationship;set up business relationships;produce business relationships;devise business relationships;construct business relationships;building business relationships,,,"Establish a positive, long-term relationship between organisations and interested third parties such as suppliers, distributors, shareholders and other stakeholders in order to inform them of the organisation and its objectives."
http://data.europa.eu/esco/skill/dc892a23-091b-486e-85b9-fe2989414796,knowledge,cross-sector,phonetics,physical properties of speech sounds;study of speech sounds,,,"The physical properties of speech sounds such as how their are produced, their acoustic properties and neurophysiological status."
http://data.europa.eu/esco/skill/dc9a236c-c640-43c3-812f-269403591edb,knowledge,cross-sector,customer relationship management,customers relationship management;management of customer relationship;CRM;customer-oriented management,Salesforce,,"The customer-oriented management approach and basic principles of successful customer relations that focus on interactions with customers such as technical support, customer services, after-sales support and direct communication with the customer."
http://data.europa.eu/esco/skill/dcc96a49-0bac-4a9c-8f8e-a32b4e47e6eb,skill/competence,cross-sector,apply health and safety standards,implement health and safety standards;administer health and safety standards;health and safety standard applications;employ health and safety standards;apply a health and safety standard;applying health and safety standards;utilise health and safety standards,,,Adhere to standards of hygiene and safety established by respective authorities.
http://data.europa.eu/esco/skill/dccbdbb8-7266-4fb4-a4cf-29056f102f12,skill/competence,cross-sector,budget for financial needs,budget set costs;approximate set costs;estimate set costs;budget set cost;;determine financial resources;calculate financial needs;estimate financial needs;budgeting financial needs,,,Observe the status and availability of funds for the smooth running of projects or operations in order to foresee and estimate the quantity of future financial resources.
http://data.europa.eu/esco/skill/dcdd5ddf-82a6-4ac3-8edc-d4b23cae9a88,knowledge,sector-specific,VBScript,VBScript for web-based scripting;VBScript programming paradigms;VBScript coding techniques;VBScript scripting techniques;VBScript algorithms,,,"The techniques and principles of software development, such as analysis, algorithms, coding, testing and compiling of programming paradigms in VBScript."
http://data.europa.eu/esco/skill/dd1e0bc8-d54a-435a-bc43-586bac0b8c02,skill/competence,occupation-specific,develop ICT safety information,present safety information;present safety information and warning messages,,,"Create warning messages such as dialog boxes, in-place message, notification or balloon that alerts the user of a condition that might cause a problem in the future and provide safety information according to standards under usage of international signal words."
http://data.europa.eu/esco/skill/dd7c9dfd-6e2c-46fd-aefc-369402d0200c,skill/competence,sector-specific,create a financial report,create financial reports;create a finance report;write a financial report;prepare financial reports,,,"Finalise project accounting. Prepare an actual budget, compare the discrepancy between the planned and actual budget, and draw final conclusions."
http://data.europa.eu/esco/skill/dd91b322-e72c-45fa-afc9-77698a2f8c13,knowledge,occupation-specific,handwriting analysis,analysing handwriting;handwriting evaluation;handwriting inspection;analysis of handwriting;handwriting examination;handwriting assessment,,,Types of approaches to analysing handwriting in order to identify a person and their personality.
http://data.europa.eu/esco/skill/dd9cbe6e-15bc-41fb-99d1-702c6c6cf6af,skill/competence,occupation-specific,take affidavits,taking affidavits;take affidavit;do affidavits,,,Take affidavits and confirm the veracity of the written sworn statements presented by natural persons on a voluntary basis.
http://data.europa.eu/esco/skill/ddb65832-91a7-4157-9488-719a0e2ad87b,skill/competence,sector-specific,lead disaster recovery exercises,supervise disaster recovery trainings;supervise disaster recovery exercises;conduct disaster recovery trainings,,,"Head exercises which educate people on what to do in case of an unforeseen disastrous event in the functioning or security of ICT systems, such as on recovery of data, protection of identity and information and which steps to take in order to prevent further problems."
http://data.europa.eu/esco/skill/ddc3119d-1d6e-4324-9125-a3380d299ac5,knowledge,cross-sector,computer technology,ICT;information technology;IT;technology in computing;information and communications technology;technology of computers;technology in computers;technology in computer networks,,,"Computers, computer networks and other information technologies and equipment that can store, retrieve, transmit and manipulate data."
http://data.europa.eu/esco/skill/ddce2912-bc0f-4a47-aa2b-c1de48bc4b44,knowledge,cross-sector,energy conservation,energy optimisation,,Excludes energy efficiency.,"The practice of reducing energy consumption and using fewer energy services. As a sustainable process, energy conservation is done by replacing used energy with alternative sources, using more efficient energy products, or refraining from particular energy products or services to conserve it."
http://data.europa.eu/esco/skill/ddfe79e2-c2e3-4ba7-9bdf-3820b4f75b54,skill/competence,sector-specific,identify ICT user needs,ICT user needs identification techniques,,,"Determine the needs and requirements of ICT users of a specific system by applying analytical methods, such as target group analysis."
http://data.europa.eu/esco/skill/de03f4fd-c147-4477-a048-7109e5ba2d6f,knowledge,cross-sector,marketing principles,customer relationship management;principles of marketing;methods in customer relationship management;management of customer relationships;types of marketing principles;range of marketing principles;techniques in customer relationship management;typology of marketing principles,,,The principles of managing the relationship between consumers and products or services for the purpose of increasing sales and improving advertising techniques.
http://data.europa.eu/esco/skill/de07a5bd-f50c-4bf9-a767-48dfdaf8722b,skill/competence,occupation-specific,assist in fund management,assist finance management;assist reserve management;assist trust management,,,Prepare the implementation of the investment fund manager's decisions and make suggestions on management-related topics such as the development of financial products or the introduction of new sales channels.
http://data.europa.eu/esco/skill/de0be6e8-644c-4cc9-9c8d-925dd98dda56,knowledge,sector-specific,software interaction design,interaction design,,,The methodologies for designing interaction between users and a software product or service to satisfy the needs and preferences of most of the people who will interface with the product and to simplify the communication between product and user such as Goal-oriented design.
http://data.europa.eu/esco/skill/de2f0ce8-f8d6-48c5-a213-4d065251cecf,skill/competence,cross-sector,communicate by telephone,communicate through telephone;communicate by phone;interact using the telephone;use the telephone,,,"Liaise via telephone by making and answering calls in a timely, professional and polite manner."
http://data.europa.eu/esco/skill/de586dcf-d7e5-4340-bf5b-d59026f1b436,knowledge,sector-specific,penetration testing tool,I.C.U.MVS;COPS;CA-Examine;IP360 Vulnerability Management System;S10SCAN;metasploit;PanSec;Quickinspector;Nfsbug;NTellect;Pmutil;Chkpwd;GamaScan;SFProtect Mobile;Hobgoblin;VAM;SAM System Scanner;Trojan;Cisco Secure Scanner;Burpsuite;SFProtect Server;HackerShield;penetration testing software;SAM Internet Scanner;NMAP;output of a penetration test;PhoneSweep;NTCrack;webinspect,IP360 Vulnerability Management System;S10SCAN;PanSec;Quickinspector;Nfsbug;Pmutil;GamaScan;CA-Examine;Trojan;SFProtect Mobile;Chkpwd;Cisco Secure Scanner;SAM System Scanner;VAM;SFProtect Server;HackerShield;COPS;NTellect;I.C.U.MVS;Hobgoblin;PhoneSweep;NTCrack;NMAP;SAM Internet Scanner,,"The specialised ICT tools which test security weaknesses of the system for potentially unauthorised access to system information such as Metasploit, Burp suite and Webinspect."
http://data.europa.eu/esco/skill/de5c97d3-ad28-49e8-bc97-fa5c7521d6f2,skill/competence,sector-specific,establish connections with young people,build relationships with young people;foster connections with young people;build relationships with youth;establish connections with youth;cultivate relationships with young people,,,"Build positive, non-judgemental relationships with young people by being open, tolerant and non-judgemental."
http://data.europa.eu/esco/skill/de7b8c6c-9ed4-4776-924c-4265dd1d9cde,skill/competence,sector-specific,demonstrate products' features,demonstrating products' features;determine products' features;display products' features;demonstrate a products' features;demonstrating a products' features;establish products' features;show products' features,,,"Demonstrate how to use a product in a correct and safe manner, provide customers with information on the product's main features and benefits, explain operation, correct use and maintenance. Persuade potential customers to purchase items."
http://data.europa.eu/esco/skill/debb8d81-ed7f-447d-853a-5d107fda6fcf,skill/competence,cross-sector,provide customer follow-up services,providing customer follow-up services;provide a customer follow-up service;provide customer follow-up service;contribute customer follow-up services;arrange customer follow-up services;furnish customer follow-up services;administer customer follow-up services,,,"Register, follow-up, solve and respond to customer requests, complaints and after-sales services."
http://data.europa.eu/esco/skill/debef2fc-7af4-4bff-ac92-4d0317915a84,knowledge,cross-sector,electronic communication,electronic communications;electronic conversation;electronic information;electronic contact;electronic communicating;email services;Email;electronic mail services,Hotmail;Gmail,,"Data communication performed through digital means such as computers, telephone or e-mail."
http://data.europa.eu/esco/skill/dee6dd50-49fd-4df8-8691-380fe85f1380,knowledge,cross-sector,press law,press legislation;press standards;press regulations;press statues;press laws;press norms,,,The laws concerning the licensing of books and the freedom of expression in all products of the media.
http://data.europa.eu/esco/skill/def007fa-5fed-4a5f-91a2-b0d7e3db1be1,knowledge,sector-specific,COBOL,COBOL programming language;Cobol;COBOL applications;COBOL software,,,"The techniques and principles of software development, such as analysis, algorithms, coding, testing and compiling of programming paradigms in COBOL."
http://data.europa.eu/esco/skill/df0612db-366c-4ff5-b106-40b9e385195c,skill/competence,sector-specific,utilise decision support system,utilise ICT systems for decision making;use ICT systems for decision making;utilize ICT systems for decision making;employ decision support systems;utilize decision support system,,,Use the available ICT systems that can be used to support business or organisational decision making.
http://data.europa.eu/esco/skill/df11ab22-3c40-4dc8-ab0c-e9f41e62449e,skill/competence,sector-specific,edit photographs,edit photos and negatives;edit photos;editing photographs;use photo editing software,,,"Resize, enhance and retouche photographs, using airbrushing, editing software and other techniques."
http://data.europa.eu/esco/skill/df329d70-87b0-466b-a214-3431f36e2a5e,skill/competence,cross-sector,protect ICT devices,Cloudmark DesktopOne Pro;up-date online security measures;AVS Firewall;CleanMail Home;MailWasher Pro;Matrix Systems Access Control;Kingsoft Antivirus;Zone Alarm Firewall;Agnitum Outpost Firewall;Tyco Integrated Security Managed Access Control;Norton Security Deluxe;AddTech Controls;use anti-virus software;protect information and communication technologies devices;AVG Anti-Virus;IDenticard Systems PremiSys;keep ICT devices safe;implement SPAM-ware;implement private ICT user security measures;Honeywell Managed Access Control;set up passwords and private settings;protect personal data;McAfee AntiVirus;SPAMfighter;ADT Access Control;Bitdefender Antivirus;Kaspersky Anti-Virus;take care of ICT devices;protect ICT device;safeguard ICT devices;ESET NOD32 Antivirus,Cloudmark DesktopOne Pro;MailWasher Pro;Matrix Systems Access Control;Kingsoft Antivirus;Zone Alarm Firewall;AVS Firewall;Agnitum Outpost Firewall;Norton Security Deluxe;AddTech Controls;AVG Anti-Virus;IDenticard Systems PremiSys;implement SPAM-ware;Tyco Integrated Security Managed Access Control;Honeywell Managed Access Control;McAfee AntiVirus;SPAMfighter;Bitdefender Antivirus;CleanMail Home;ADT Access Control;Kaspersky Anti-Virus;ESET NOD32 Antivirus,,"Protect devices and digital content, and understand risks and threats in digital environments. Know about safety and security measures and have due regard to reliability and privacy. Make use of tools and methods which maximise security of ICT devices and information by controlling access, such as passwords, digital signatures, biometry, and protecting systems such as firewall, antivirus, spam filters."
http://data.europa.eu/esco/skill/df36cbb0-0d70-4091-9ec9-2222df6480dc,skill/competence,sector-specific,understand the conceptual dimension of a live performance,understand the concept dimension of a live performance;analyse concept of a live show;identify main concepts of a live performance;understand the conceptual dimension behind a live performance,,,"Identify the main ideas of a live performance work by analysing choreographic sequences and the emphasis placed on different components of the work. Detect references of a literary, visual, philosophical, or scientific nature."
http://data.europa.eu/esco/skill/df64a7cc-2e96-4304-95d3-56fe0ac2dd39,knowledge,cross-sector,design thinking,creative solutions;creative problem solving solutions,,,"The process used to identify creative solutions to problem solving, by putting the user at its core. The five stages approach-empathise, define, ideate, prototype and test-are meant to challenge assumptions and iterate solutions that are better suited to the needs of the user."
http://data.europa.eu/esco/skill/df996a98-202f-4a9b-b088-38c8db03ef1b,skill/competence,cross-sector,create content title,invent content title;find content title;come up with content title,,,"Come up with an appealing title that draws people's attention to the content of your article, story or publication."
http://data.europa.eu/esco/skill/dfa7be8d-a98d-4fa5-a759-86b6357f38cf,skill/competence,occupation-specific,check grant applications,audit grant applications;audit assistance or scholarship applications;test grant applications;test assistance or scholarship applications;investigate assistance or scholarship applications;assess grant applications;assess assistance or scholarship applications;investigate grant applications,,,"Observe grant applications from individuals, charities, community groups or university research departments in order to make sure that they meet the funding criteria."
http://data.europa.eu/esco/skill/dfb7f3ac-9bb3-49c3-82c9-5bef79453047,knowledge,cross-sector,participant observation,observation of participant;observation of participants;participant assessment;participant examination;participant study;participant evaluation,,,"Empirical research the purpose of which is to gain a intimate closeness with a given group of individuals and their principles, ideas, beliefs, and behaviours through an intensive interaction with a society in their cultural environment over a long period of time. This includes direct observation, interviews, participation in the group, etc."
http://data.europa.eu/esco/skill/dfb9cec6-3ae3-408a-9d57-c44361bf7aaf,skill/competence,sector-specific,provide multimedia content,develop multimedia content,,,"Develop multimedia materials such as screen shots, graphics, slide shows, animations and videos to be used as content integrated in a broader informational context."
http://data.europa.eu/esco/skill/dff7260b-0879-4d4a-98db-0866c64e08ec,knowledge,cross-sector,psychological concepts,psychological health protection concepts;psychological concept;psychological concepts of health protection and promotion;psychological health promotion concepts,,,The psychological concepts of health protection and health promotion.
http://data.europa.eu/esco/skill/dfff95c6-9758-4c04-a228-7eaa88dec6cd,skill/competence,sector-specific,design for organisational complexity,design cross-account authentication for complex organisations;implement cloud environment for complex organisations;design an access strategy for complex organisations;design cloud environment for complex organisations;design access strategies for complex organisations,,,"Determine cross-account authentication and access strategy for complex organizations (for example, an organization with varying compliance requirements, multiple business units, and varying scalability requirements). Design networks and multi-account cloud environments for complex organizations."
http://data.europa.eu/esco/skill/e0475631-c151-4413-829c-cb5c76b83271,skill/competence,sector-specific,measure sustainability of tourism activities,determine the sustainability of tourism activities;monitor the sustainability of tourism initiatives;evaluate the sustainability of tourism actions;examine the sustainability of tourism practices;assess sustainability of tourism activities,,,"Collect information, monitor and assess the impact of tourism on the environment, including on protected areas, on local cultural heritage and biodiversity, in an effort to reduce the carbon footprint of activities in the industry. It includes running surveys about visitors and measuring any compensation required for offsetting damages."
http://data.europa.eu/esco/skill/e126f782-b4e6-4f7d-8dca-8d2e6778559b,knowledge,cross-sector,credit control processes,measure control processes;analyse control processes;credit control processing;handle control processes;credit control process;refine control processes;a credit control process;convert control processes,,,The various techniques and procedures applied to ensure that credit is given to the suitable customers and that they pay on time.
http://data.europa.eu/esco/skill/e16a68b0-490f-4a1d-a9d1-afc08a21f1e7,skill/competence,sector-specific,provide health psychological concepts,provide a health psychological concept;develop concepts for psychological health issues;develop and implement health psychological concepts;provide a health psychology concept,,,"Develop, implement and evaluate health psychological concepts."
http://data.europa.eu/esco/skill/e1786b34-de65-46a7-8f53-b624140cd018,skill/competence,sector-specific,translate different types of texts,generate translations of texts;translating different types of texts;provide translations of different types of different types of texts;deliver translations of different types of texts,,,"Comprehend the nature of the type of text to be translated, for example commercial and industrial documentation, personal documents, journalism, novels, creative writing, certificates, government documentation, and scientific texts."
http://data.europa.eu/esco/skill/e18a6a3c-4f26-4141-8c72-4b4f01d77914,skill/competence,sector-specific,apply context specific clinical competences,use context specific clinical competences;apply context-specific clinical competences;apply professional assessment of clients;apply a context specific clinical competence;utilize context-specific clinical competences;utilise context-specific clinical competences,,,"Apply professional and evidence based assessment, goal setting, delivery of intervention and evaluation of clients, taking into account the developmental and contextual history of the clients, within one`s own scope of practice."
http://data.europa.eu/esco/skill/e1964543-0312-4deb-8cba-aa07f3fb0904,skill/competence,sector-specific,monitor political campaigns,oversee party political campaigns;manage political campaigns;manage party political campaigns;oversee political campaigns;supervise political campaigns;supervise party political campaigns;moderate political campaigns;moderate party political campaigns,,,"Monitor the methods applied to conduct a political campaign to ensure all the regulations are adhered to, such as the regulations concerning campaign financing, promotional methods, and other campaign procedures."
http://data.europa.eu/esco/skill/e1dedd64-96dc-4ddc-834c-e1b1d5948f0a,skill/competence,occupation-specific,create theatre workbooks,create theater workbooks;create stage workbooks;draw out theatre workbooks;prepare stage workbooks;prepare theatre workbooks;draw out stage workbooks,,,Create a stage workbook for the director and the actors and work extensively with the director prior to the first rehearsal.
http://data.europa.eu/esco/skill/e1e94871-b7d2-4492-a205-75ea078f9951,skill/competence,cross-sector,build international relations,initiate international relations;initiate multi national relations;formulate multi national relations;create multi national relations;institute international relations;institute multi national relations;formulate international relations;create international relations,,,Build positive communication dynamics with organisations from different countries in order to build a cooperative relationship and optimise information exchange.
http://data.europa.eu/esco/skill/e1f09038-b493-4771-ae29-a2d3e7ea013a,skill/competence,cross-sector,document interviews,write down interviews;register interviews;documenting interviews;document interview;record interviews,,,"Record, write, and capture answers and information collected during interviews for processing and analysis using shorthand or technical equipment."
http://data.europa.eu/esco/skill/e1f5c539-7c93-49ee-917d-a24e0d887686,skill/competence,cross-sector,control of expenses,controlling expenses;supervise expenses;expenses controls;administer expenses;control expenses;oversee expenses,,,"Monitor and maintain effective cost controls, in regards to efficiencies, waste, overtime and staffing. Assessing excesses and strives for efficiency and productivity."
http://data.europa.eu/esco/skill/e207163b-7963-4c3e-9494-7a4bb000211b,skill/competence,cross-sector,estimate duration of work,time estimation of work,,,Produce accurate calculations on time necessary to fulfil future technical tasks based on past and present information and observations or plan the estimated duration of individual tasks in a given project.
http://data.europa.eu/esco/skill/e2088cd0-b174-468a-adc0-921efdadb337,knowledge,cross-sector,sign language,Valencian Sign Language;Yugoslav Sign Language;Lithuanian Sign Language;signing languages;Swedish Sign Language;Finland-Swedish Sign Language;Czech Sign Language;Ukrainian Sign Language;Croatian Sign Language;Turkish Sign Language;Macedonian Sign Language;Portuguese Sign Language;Latvian Sign Language;Estonian Sign Language;Flemish Sign Language;Azerbaijani Sign Language;Cypriot Sign Language;Finnish Sign Language;Norwegian Sign Language;Swiss-Italian Sign Language;Icelandic Sign Language;German Sign Language;Irish Sign Language;Slovakian Sign Language;Slovenian Sign Language;Spanish Sign Language;Bulgarian Sign Language;Maltese Sign Language;Swiss-French Sign Language;Russian Sign Language;Walloon Sign Language;Dutch Sign Language;French Sign Language;Armenian Sign Language;Austrian Sign Language;Catalan Sign Language;Romanian Sign Language;Polish Sign Language;signing language;Georgian Sign Language;Kosovar Sign Language;British Sign Language;Italian Sign Language;makaton;BSL;Greek Sign Language;sign languages;Swiss-German Sign Language;Danish Sign Language;Albanian Sign Language;Northern Ireland Sign Language;Hungarian Sign Language,,,"A system of communication using visual gestures and signs, used by hearing impaired individuals."
http://data.europa.eu/esco/skill/e2103a1d-4a84-47a9-b4f7-774787573449,knowledge,cross-sector,copyright legislation,copyrighting legislation;laws protecting rights of original authors,,,"Legislation describing the protection of the rights of original authors over their work, and how others can use it."
http://data.europa.eu/esco/skill/e23c32a2-eff1-4d77-b2b0-724a3a600a95,skill/competence,sector-specific,refer social service users,refer a social service user;refer social services users;send social service users to other health professionals;make referrals to other health professionals,,,"Make referrals to other professionals and other organisations, based on the social service users' requirements and needs."
http://data.europa.eu/esco/skill/e258707b-7676-4e9b-9c36-20c38018b349,knowledge,sector-specific,publishing market,publishing industry;publishing field;publishing sector;publishing markets,,,The trends in the publishing market and the type of books that are are appealing to a certain audience.
http://data.europa.eu/esco/skill/e2bc4d45-e630-41a4-af4e-3d1eb9e14c64,skill/competence,occupation-specific,discuss the end point of therapeutic intervention,identify possible end point of therapeutic intervention;discuss the end point of therapeutic interventions;discuss end point of therapeutic interventions;conclude therapeutic intervention,,,Identify a possible end point of therapeutic interventions with the patient in accordance with their original goals.
http://data.europa.eu/esco/skill/e2e15494-65b9-4af5-8b86-53fb51e7e022,skill/competence,cross-sector,manage accounts,administer accounts;maintain financial records;oversee financial records;oversee accounts;maintain accounts;administer financial records,,,"Manage the accounts and financial activities of an organisation, supervising that all the documents are correctly maintained, that all the information and calculations are correct, and that proper decisions are being made."
http://data.europa.eu/esco/skill/e2e5d534-bf89-466b-a2a7-ea1b1f26222d,skill/competence,sector-specific,determine child welfare,perform child welfare inspections;perform child welfare investigations;perform child welfare examinations;implement child welfare investigations;perform child well-being investigations;operate child welfare investigations;determine child position;evaluate child placement;investigate child well-being;ascertain child placement;assess child placement;investigate child welfare;decide about child placement;accomplish child welfare investigations;determine child placement in foster care;perform child well-being investigation;decide about child placement in foster care;perform child welfare observation;determine child placement;assess child location in foster care;determine child location,,,Evaluate whether the child needs to be taken out of his home situation and assess child`s placement in foster care. Make home visits to assess allegations of child abuse or neglect.
http://data.europa.eu/esco/skill/e2fb1ee4-fbf9-4690-b677-3e6ff7cfdc48,skill/competence,occupation-specific,test ICT queries,check ICT query performance;check ICT query output,,,Assess that developed queries return and execute correct actions and data.
http://data.europa.eu/esco/skill/e345cf05-bc6b-43a6-aca3-2f9c1ec0e772,skill/competence,cross-sector,maintain register of shareholders,maintain shareholders register;keep up register of shareholders;keep register of shareholders updated;oversee register of shareholders;maintain registers of shareholders;maintaining register of shareholders,,,Keep a register of shareholders and monitoring changes in share ownership of the company.
http://data.europa.eu/esco/skill/e38cbdd2-cd6c-451a-a9bd-9bc6355dafe8,skill/competence,cross-sector,inform on government funding,government funding informing;informing about government funding;advising on government funding;government funding advising;inform about government funding;advising about government funding;advise about government funding;advise on government funding;informing on government funding,,,Give information to customers related to the grants and financing programmes attributed by the government for small and large scale projects in various fields such as the promotion of renewable energies.
http://data.europa.eu/esco/skill/e39e5950-6f9a-489c-9dae-3e42694801fe,knowledge,occupation-specific,conditions for the professional practice of psychotherapy,conditions for professional practice of psychotherapy;conditions for professional psychotherapy practice;institutional and legal prerequisites for professional psychotherapy practice;regulations for the professional practice of psychotherapy,,,"The institutional, legal and psychosocial practices and regulations related to the practice of psychotherapy."
http://data.europa.eu/esco/skill/e3c7bd87-edc1-4d9a-a3d5-36415de1aac6,skill/competence,sector-specific,offer financial services,offer banking services;offer economic services,,,"Provide a broad range of financial services to clients such as assistance with financial products, financial planning, insurances, money and investment management."
http://data.europa.eu/esco/skill/e3eb64db-bc0b-4cc0-bd31-5feb94b2ef50,skill/competence,cross-sector,track changes in text editing,tracking changes in text editing;track changes when editing text;underscore changes in text editing;highlight changes in text editing;keep track of changes in text editing,,,"Track changes such as grammar and spelling corrections, element additions, and other modifications when editing (digital) texts."
http://data.europa.eu/esco/skill/e3ef4981-2cba-4b34-b273-728c3a33d04f,skill/competence,cross-sector,apply intercultural teaching strategies,applying intercultural teaching strategies;apply intercultural teaching strategy;employ intercultural teaching strategies;use intercultural teaching strategies;applies intercultural teaching strategies;implement intercultural teaching strategies,,,"Ensure that the content, methods, materials and the general learning experience is inclusive for all students and takes into account the expectations and experiences of learners from diverse cultural backgrounds. Explore individual and social stereotypes and develop cross-cultural teaching strategies."
http://data.europa.eu/esco/skill/e437eba1-3e22-41f2-8703-741e94785cba,knowledge,cross-sector,human resource management,human resource administration;HR management;human resources management;HR;human resource control;HRM;human resource supervision,,,The function in an organisation concerned with the recruitment of employees and the optimisation of employee performance.
http://data.europa.eu/esco/skill/e45507ff-c1e2-4e0c-92fb-b6c0e6cb6245,knowledge,sector-specific,photovoltaic systems,photovoltaics;PV systems,,,"Systems that convert a renewable source as the sun into electrical energy. Based in the energy conversion chain, photovoltaic systems could be divided into three types: grid direct PV systems, grid-interaction systems, and off grid PV systems."
http://data.europa.eu/esco/skill/e465a154-93f7-4973-9ce1-31659fe16dd2,knowledge,sector-specific,principles of artificial intelligence,artificial intelligence in process;principles of AI,,,"The artificial intelligence theories, applied principles, architectures and systems, such as intelligent agents, multi-agent systems, expert systems, rule-based systems, neural networks, ontologies and cognition theories."
http://data.europa.eu/esco/skill/e49978bc-1c11-4d8e-a04f-1d7f023aee9b,skill/competence,sector-specific,review translation works,edit translation works;reviewing translation work;check translation works;supervise translation works;assess translation works;review translation work;evaluate translation works;reviewing translation works,,,Read thoroughly translated works in order to ensure accuracy and achievement of the purpose.
http://data.europa.eu/esco/skill/e49c4d19-dea6-42a1-bde2-30d69dc0ca24,skill/competence,sector-specific,profile people,profiling people;categorize people based on traits or tendencies;characterize people based on traits or tendencies,,,"Create a profile of someone, by outlining this person's characteristics, personality, skills and motives, often by the use of information obtained from an interview or questionnaire."
http://data.europa.eu/esco/skill/e4c205f6-55ba-4bed-9c5d-2032058300c0,knowledge,cross-sector,financial jurisdiction,financial control;financial purview;financial authority;financial jurisdictions;financial oversight;finance jurisdiction,,,"Financial rules and procedures applicable to a certain location, whose regulatory bodies decide on its jurisdiction."
http://data.europa.eu/esco/skill/e4c5a9f8-72f8-4282-aefa-0fa924cb3db6,skill/competence,sector-specific,inform on the risks of substance and alcohol abuse,inform on risks of abusive substance and alcohol consumption;inform on risks of substance and alcohol abuse;inform on risks related to substance and alcohol abuse;educate on risks of substance and alcohol abuse,,,Provide information in the community about the risks and dangers of substance and alcohol abuse.
http://data.europa.eu/esco/skill/e50189e9-ec1a-4155-b187-8d99620f42fa,skill/competence,cross-sector,negotiate lawyer's fee,negotiating lawyer's fee;negotiate lawyer's fees;broker lawyer's fee;negotiate lawyers' fee;come to an agreement on lawyer's fee;negotiate lawyer fee;thrash out lawyer's fee,,,"Negotiate compensation for legal services in or out of court, such as hourly or flat-rate fees, with clients."
http://data.europa.eu/esco/skill/e50e10e0-33df-4045-9cc1-8f09e09ec81a,skill/competence,sector-specific,conduct background research for plays,research and develop plays;conduct artistic and literary research for plays;conduct research for plays;research background information for play development;conduct historical research for plays;research for play development,,,Research historical backgrounds and artistic concepts of plays.
http://data.europa.eu/esco/skill/e517f098-dce4-4ecd-9371-499936c0f947,skill/competence,sector-specific,promote recreation activities,encourage recreational programmes;encourage recreation activities;advocate recreation activities;boost recreation activities;boost recreational programmes;stimulate recreation activities;stimulate recreational programmes;advocate recreational programmes,,,"Promote the implementation of recreation programs in a community, as well as recreation services provided by an organisation or institution."
http://data.europa.eu/esco/skill/e541c69c-ea80-4b17-87cb-4001d0b9d303,skill/competence,cross-sector,assess environmental impact,assess environmental risks;assessing of environmental impact;assess environmental impact and risks;environmental impact assessment;carry out environmental impact assessments;assessment of environmental impact;assess environmental impacts;assessing environmental impact,,,Monitor environmental impacts and carry out assessments in order to identify and to reduce the organisation's environmental risks while taking costs into account.
http://data.europa.eu/esco/skill/e54dc9c5-0f7f-4503-9776-efff47902602,skill/competence,sector-specific,use techniques to increase patients' motivation,use technique to increase patients' motivation;encourage patients' motivation;apply techniques to increase patient's motivation;use motivation-increase techniques;motivate patients,,,"Encourage the patient`s motivation to change and promote the belief that therapy can help, using techniques and treatment engagement procedures for this purpose."
http://data.europa.eu/esco/skill/e54ff029-1ce9-447d-a5b2-eb7283a23e6e,skill/competence,cross-sector,train employees,instruct employees;upskill employees;train an employee;training employees;teach employees,,,Lead and guide employees through a process in which they are taught the necessary skills for the perspective job. Organise activities aimed at introducing the work and systems or improving the performance of individuals and groups in organisational settings.
http://data.europa.eu/esco/skill/e55e230e-c308-426d-a536-06176db2a651,skill/competence,sector-specific,organise social work packages,arrange social work packages;organize social work package;create social work packages;organise social work package;create a package of social support services,,,"Create a package of social support services according to the service user`s needs and in line with specified standards, regulations and timescales."
http://data.europa.eu/esco/skill/e5609f89-0daf-40bb-bd6b-94f5d7498131,knowledge,sector-specific,ICT market,ICT market trends,,,"The processes, stakeholders and the dynamics of the chain of goods and services in the ICT market sector."
http://data.europa.eu/esco/skill/e5635e02-2d34-4a8c-b8ca-556d45e9b20e,skill/competence,cross-sector,identify potential markets for companies,notice potential markets for companies;find potential markets for companies;identify potential markets;identify potential market for companies;identifying potential market for companies;locate potential markets for companies,,,Observe and analyse market research findings in order to determine promising and profitable markets. Consider the firm's specific advantage and match it with markets where such value proposition is missing.
http://data.europa.eu/esco/skill/e574a386-c16a-4807-9f98-17932b6dcc17,skill/competence,occupation-specific,identify electoral violations,find ballot irregularities;search for electoral violations;find electoral violations;search for ballot irregularities,,,"Determine electoral violations such as fraud, manipulation of voting results and the use of violence."
http://data.europa.eu/esco/skill/e5b5053e-0ef6-4c4e-a3f2-42f955f4322c,skill/competence,sector-specific,implement a firewall,installing a network security firewall;install a network security firewall;implementing network firewall;install a firewall;implementing a firewall;firewall implementing;implement network firewall;network firewall implementing;installing a firewall,,,"Download, install and update a network security system designed to prevent unauthorized access to a private network."
http://data.europa.eu/esco/skill/e5beeff8-7c98-490a-ae2c-16fbb6a87305,skill/competence,sector-specific,manage keys for data protection,manage data protection keys,,,"Select appropriate authentication and authorization mechanisms. Design, implement and troubleshoot key management and use. Design and implement a data encryption solution for data at rest and data in transit."
http://data.europa.eu/esco/skill/e6b8f934-7f35-4dc6-9a64-f6c43acdc00b,knowledge,sector-specific,software components suppliers,suppliers of software components,,,The suppliers who can deliver the required software components.
http://data.europa.eu/esco/skill/e6ee5bb8-12b9-4e60-8baf-102d0c4f1da5,knowledge,cross-sector,semantics,linguistic meaning studies;the study of linguistic meaning,,,"The branch of linguistics that studies meaning; it analyses of words, phrases, signs, and symbols and the relation between them."
http://data.europa.eu/esco/skill/e70e248e-9fed-4e22-8fb1-87567441ce0c,skill/competence,cross-sector,use dictionaries,employ dictionaries;using dictionaries;utilise dictionaries;consult dictionaries;use dictionary,,,"Use glossaries and dictionaries to search for the meaning, the spelling, and synonyms of words."
http://data.europa.eu/esco/skill/e71c6cee-7247-49f4-829a-141c880ae938,skill/competence,sector-specific,advice on security risk management,offer suggestions on security risk management;advising on security risk management;advise on security risks;make recommendations about security risk management;advise on management of security risks,,,"Provide advice on security risk management policies and prevention strategies and their implementation, being aware of the different kinds of security risks a specific organisation faces."
http://data.europa.eu/esco/skill/e7219848-a27a-4bf4-8775-d367707be7c9,knowledge,sector-specific,sales strategies,strategies for sales;sales scenarios;sales plans;sales policies;sales blueprints;a sales strategy;sales strategy,,,The principles concerning customer behaviour and target markets with the aim of promotion and sales of a product or a service.
http://data.europa.eu/esco/skill/e74f4f21-8d45-412c-b5c3-652e6167ee32,knowledge,cross-sector,content development processes,content production techniques;content production processes,,,"The specialised techniques used to design, write, compile, edit and organise digital content, such as text, graphics and videos for publishing purposes."
http://data.europa.eu/esco/skill/e76dd90d-91c4-49c0-bfd0-dfa2c4c90c81,skill/competence,sector-specific,interpret electronic design specifications,analyse electronic product design specifications;understand electronic product design specifications;understand electronic design specifications;interpret electronic product design specifications;analyse electronic design specifications,,,Analyse and understand detailed electronic design specifications.
http://data.europa.eu/esco/skill/e7b9d173-32ba-452d-a7df-f15f0e05903c,skill/competence,occupation-specific,draft the rules of the mediation service,enforce the rules of the mediation service;establish the rules of the mediation service;draft mediation service rules;drafting the rules of the mediation service;draft the rules of the mediation services,,,"Communicate and enforce the rules of mediation for an adequate provision of the service such as taking turns to speak, avoiding interruptions, and having a cooperative attitude."
http://data.europa.eu/esco/skill/e8171178-9a60-40a6-ad3b-510e10cfebad,skill/competence,cross-sector,render 3D images,convert 3D wire frame models into 2D images;employ specialised tools to render 3D images;use 3D non-photorealistic effects to render 3D images;use 3D photorealistic effects to render 3D images;use computer tools to render 3D images,,,Use specialised tools to convert 3D wire frame models into 2D images with 3D photorealistic effects or non-photorealistic rendering on a computer.
http://data.europa.eu/esco/skill/e83d8e27-542c-41d2-859e-bea412a217f4,skill/competence,cross-sector,reinforce positive behaviour,stress encouraging behaviour;support encouraging behaviour;support positive behaviour;bolster encouraging behaviour;boost positive behaviour;reinforce positive behavior;boost encouraging behaviour;bolster positive behaviour;stress positive behaviour,,,"Reinforce positive behaviour in people during rehabilitation and counseling activities, to ensure that the person takes the necessary actions for positive results in a positive manner, so that they remain encouraged to continue their efforts and reach goals."
http://data.europa.eu/esco/skill/e83ec793-3fbc-42e0-9729-d4bd92d454b3,skill/competence,sector-specific,draw up professional texts,draw up pro texts;author professional texts;compose and publish professional texts;drawing up professional texts;create professional texts,,,"Compose and publish professional articles, internal documents, and instructional texts."
http://data.europa.eu/esco/skill/e843973c-23dd-416a-8a9c-9e89512542fb,knowledge,cross-sector,logistics,transport;inbound logistics knowledge;outbound logistics knowledge;logistic;in-house logistics knowledge,,,"The management of resources such as materials, time, and information to control the flow of products between the point of origin and the point of use. This includes the production, packaging, storing and transportation of goods."
http://data.europa.eu/esco/skill/e8828961-9e8e-471f-bd24-0673a7e844ef,skill/competence,cross-sector,communicate with social service users,deal with social service users' needs;communicate with social services users;communicate with users of social services;give information to social service users;pass on information to social service users;communicate with users of social service;talk to social service users,,,"Use verbal, non-verbal, written, and electronic communication. Pay attention to the specific social service users' needs, characteristics, abilities, preferences, age, developmental stage, and culture."
http://data.europa.eu/esco/skill/e8b89eb6-51e8-4c3a-babb-88b2e110376b,knowledge,sector-specific,Pascal (computer programming),Pascal,,,"The techniques and principles of software development, such as analysis, algorithms, coding, testing and compiling of programming paradigms in Pascal."
http://data.europa.eu/esco/skill/e8db863d-9e4c-481e-922f-b5c1d73befa4,skill/competence,sector-specific,study play productions,analyse play productions;studying play productions;read up on play productions;research play productions;study play production;study plays,,,Research how a play has been interpreted in other productions.
http://data.europa.eu/esco/skill/e8ef317f-c880-4c7a-929f-e08053f976bb,skill/competence,cross-sector,develop strategies for accessibility,create a plan of action for accessibility;develop accessibility strategies;develop a strategy for accessibility;implement a scheme to enable accessibility,,,Create strategies for a business to enable optimum accessibility for all clients.
http://data.europa.eu/esco/skill/e8f602f8-b98b-4071-b088-c65e016cdf98,knowledge,cross-sector,media planning,media plans;media management,,,"The process of selecting the best media to reach marketing and advertising strategy objectives in order to promote a client's product or service. This process encompasses research on target audiences, frequency of advertisements, budgets and media platforms."
http://data.europa.eu/esco/skill/e8f80ec5-c423-4eb2-9f0f-805d22f844ae,knowledge,sector-specific,incidents and accidents recording,types of incidents and accidents reporting;typology of incidents and accidents reporting;recording of incidents and accidents;types of incidents and accidents recording;methods of incidents and accidents reporting;techniques for incidents and accidents recording;reporting of incidents and accidents;methods of incidents and accidents recording;techniques for incidents and accidents reporting;typology of incidents and accidents recording,,,The methods to report and record incidents and accidents in the workplace.
http://data.europa.eu/esco/skill/e9030465-13c5-46d2-bdae-c2c1a9dbec86,skill/competence,cross-sector,attach accounting certificates to accounting transactions,attaching accounting certificates to accounting transactions;attach certificates to accounting transactions;affix accounting certificates to accounting transactions;attach accounting certificate to accounting transactions,,,"Collate and link documents such as invoices, contracts, and payment certificates in order to back up the transactions made in the accounting of the company."
http://data.europa.eu/esco/skill/e90c83be-ccb7-4752-af5e-7f58cd0ac399,skill/competence,sector-specific,facilitate the healing process related to sexual assault,facilitate the healing processes related to sexual assaults;facilitate the healing process related to sexual assaults;support the healing processes related to sexual assaults;support healing of individuals who have experienced sexual assault;support the healing process related to sexual assault,,,"Intervene to support and facilitate the healing and growth of individuals who have experienced sexual assault by allowing them to recognise their memories and pain, identifying their influence on behaviour and learning to integrate them in their lives."
http://data.europa.eu/esco/skill/e92f4673-1dec-41ec-b6ec-36fef226359c,skill/competence,cross-sector,provide financial product information,provide economic information;provide banking information;provide fiscal information;provide budgeting information;give financial information,,,"Give the customer or client information about financial products, the financial market, insurances, loans or other types of financial data."
http://data.europa.eu/esco/skill/e95058a6-e139-42e7-a470-72038a606649,skill/competence,cross-sector,assess financial viability,assess whether finances are viabile;assess viability of finances;determine financial viability;evaluate financial viability;assessing financial viability;estimate financial viability,,,"Revise and analyse financial information and requirements of projects such as their budget appraisal, expected turnover, and risk assessment for determining the benefits and costs of the project. Assess if the agreement or project will redeem its investment, and whether the potential profit is worth the financial risk."
http://data.europa.eu/esco/skill/e9575f7f-053a-439e-8074-f93df3334e92,knowledge,cross-sector,data ethics,principles of data ethics,,,"The subfield of ethics that assess whether data practices are considerable ethical. It assesses processes such as collecting, analysing and disseminating structured and unstructured data that might negatively impact the society."
http://data.europa.eu/esco/skill/e97c0d89-2f81-4840-8602-e668a949482f,knowledge,cross-sector,social justice,development and principles of social justice;development and principles of human rights;human rights,,,The development and principles of human rights and social justice and the way they should be applied on a case by case basis.
http://data.europa.eu/esco/skill/e9c8c216-3190-4581-a0a4-002d5ae7d31e,skill/competence,sector-specific,maintain a non-emotional involvement,stay non-attached to patients;stay non-attached to clients;maintain an involvement that is non-emotional,,,Keep a broader perspective and stay non-attached to the emotions and feelings expressed by the client during counselling sessions.
http://data.europa.eu/esco/skill/e9d6ebab-13ad-45ce-a955-fc3f1e56add8,skill/competence,sector-specific,plan measures to safeguard natural protected areas,safeguard natural areas;preserve natural protected areas,,,"Plan protection measures for natural areas that are protected by law, to reduce the negative impact of tourism or natural hazards on the designated areas. This includes activities such as controlling the use of land and natural resources and monitoring the flow of visitors."
http://data.europa.eu/esco/skill/e9d8829d-5835-4100-a541-5c28b860cfc6,skill/competence,sector-specific,provide clinical psychological expert opinions,act as an expert witness psychologist;provide clinical psychological expert evidence;provide psychological expert opinions;offer expert psychological opinions;provide psychological expert evidence,,,"Provide clinical psychological expert opinions and reports regarding the performance, personality traits, behaviours and mental disorders."
http://data.europa.eu/esco/skill/e9e08a59-f697-434c-a955-39623650be9d,skill/competence,sector-specific,assess healthcare users' risk for harm,evaluate healthcare users' potential for harm;assess healthcare user's risk for harm;assess healthcare-users' risk for harm;evaluate health care users' risk for harm;assess health care users' risk for harm;evaluate healthcare users' risk for harm,,,"Evaluate if healthcare users might potentially be a threat themselves or others, intervening to minimise the risk and implement prevention methods."
http://data.europa.eu/esco/skill/e9ea388a-5e61-451b-aac9-f9080def9374,skill/competence,sector-specific,work with an artistic team,cooperate with artistic team;work with artistic teams;working with artistic team;collaborate with artistic team;team up with artistic team,,,"Work closely with directors, fellow actors and playwrights to find the ideal interpretation to a role."
http://data.europa.eu/esco/skill/ea28ce13-e620-4191-95c3-3e0f0f867834,knowledge,sector-specific,psychological healthcare services,inpatient and outpatient psychological healthcare services;psychological services in health care;psychological health care service;psychological health care services;characteristics of psychological healthcare services,,,The characteristics of the psychological healthcare services in the inpatient and outpatient sector.
http://data.europa.eu/esco/skill/ea357ba5-3d11-441f-841c-7d85ff11dd9e,knowledge,occupation-specific,psychological measures in working with other health care professionals,psychological appraisal in working with other health care professionals;psychological measures in collaborating with other health care professionals;psychological measures in collaborating with other health care professional;psychological assessment in working with other health care professionals;psychological measures in collaborating with other health care specialists;psychological measures in interacting with other health care specialists,,,The various psychological measures considering medical aspects in terms of the collaboration with other health care professionals.
http://data.europa.eu/esco/skill/ea412de3-9d7a-4943-8d8c-c6d3c7495d0e,skill/competence,sector-specific,execute integration testing,test interface between software components,,,"Perform testing of system or software components grouped in multiple ways to evaluate their ability to interconnect, their interface and their ability to provide global functionality."
http://data.europa.eu/esco/skill/ea451251-71ab-4f89-8c0d-53344ef7004f,skill/competence,cross-sector,provide legal advice,arrange judicial advice;contribute legal advice;arrange legal advice;contribute judicial advice;furnish judicial advice;give legal advice;furnish legal advice;give judicial advice,,,"Provide advice to clients in order to ensure that their actions are compliant with the law, as well as most beneficial for their situation and specific case, such as providing information, documentation, or advice on the course of action for a client should they want to take legal action or legal action is taken against them."
http://data.europa.eu/esco/skill/ea6c0bf5-fe69-4ffa-a1b4-398f46a67c95,skill/competence,sector-specific,write to a deadline,write to deadline;writing to deadlines;complete writing by the deadline;meet writing deadline,,,"Schedule and respect tight deadlines, especially for theatre, screen and radio projects."
http://data.europa.eu/esco/skill/eaa7af7e-0a6f-4383-9d19-05dec9abed36,skill/competence,sector-specific,counsel on end-of-life care,advise on end-of-life-care;counsel on end-of-life options;counsel on end of life care;counsel on EoLC,,,"Advise elderly patients and their families on end-of-life care such as assisted ventilation, artificial feeding and other ethical issues."
http://data.europa.eu/esco/skill/eaa9727c-df1e-407a-85d3-48cc71508bc2,skill/competence,cross-sector,prepare trial accounting balances,calculate trial accounting balances;prepare accounting balances for trials;prepare trial balances;make trial accounting balances ready;prepare trial accounting balance;preparing trial accounting balances;formulate trial accounting balances,,,Ensure that all transactions are recorded in the books of the company and totalise all the debits and the credits of the accounts to find out balance in the accounts.
http://data.europa.eu/esco/skill/eacac7e2-4e88-4bd3-9797-1dd1922cd10a,skill/competence,sector-specific,support individuals to adjust to physical disability,support individuals to adjust to limitation on physical functioning;support individual to accustom to physical disability;assist individuals to adjust to physical disability;support patients to adjust to physical disability;assist individual to adjust to physical disability;help individuals to adjust to physical disability;support individuals to accustom to physical disability;support patient to adjust to physical disability,,,Assist individuals to adjust to the implications of physical disability and to understand the new responsibilities and level of dependency.
http://data.europa.eu/esco/skill/ead14c9a-9a19-4119-8303-5f5c78761c24,skill/competence,occupation-specific,provide health counselling,provide healthy lifestyle counselling;provide health counseling;offer health counselling;counsel on health;provide health coaching;provide health training,,,"Provide health counselling, training and coaching to people of all ages, groups and organisations."
http://data.europa.eu/esco/skill/eade4171-3d57-4fb2-9518-44d5a1da4ff5,skill/competence,cross-sector,build trust,build a trusting relationship;build a culture of trust;nurture trusted relationships;create trust;foster trust and confidence;build credibility;inspire trust and confidence,,,"Express intentions and behaviour in a coherent and transparent manner, inviting reciprocity and establishing the grounds for a trusting and reliable connection between people and teams."
http://data.europa.eu/esco/skill/eaece6b2-97f1-49df-b6b9-1691fb3bf797,skill/competence,cross-sector,analyse legal enforceability,examine enforceability;study enforceability;evaluate enforceability;investigate enforceability;analysing enforceability;analyze enforceability,,,"Examine the client's present situation, ideas and wishes under a legal perspective to assess their legal justification or enforceability."
http://data.europa.eu/esco/skill/eb0e5615-1575-4a86-a1a2-7d39595033c5,knowledge,sector-specific,ABAP,ABAP Programming Techniques;ABAP software development;ABAP programming techniques;ABAP software techniques,,,"The techniques and principles of software development, such as analysis, algorithms, coding, testing and compiling of programming paradigms in ABAP."
http://data.europa.eu/esco/skill/eb2ae1c7-ba57-4695-8f29-9dd41c26e01e,skill/competence,cross-sector,develop online sales business plan,produce online sales business plan;develop online sales business plans;evaluate online sales business plan;develop an online sales business plan;launch online sales business plan;establish online sales business plan;developing online sales business plan,,,"Gather relevant information and write a well-structured document providing the trajectory of a business project, adapted to an online environment."
http://data.europa.eu/esco/skill/eb3aa8c1-fb14-47b4-a352-b7975abd2480,skill/competence,sector-specific,replicate customer software issues,simulate customer software problems;analyse customer software problems;replicate customer software problems;simulate customer software issues;analyse customer software issues,,,Use specialised tools to replicate and analyse the conditions that caused the set of software states or outputs reported by the customer in order to provide adequate solutions.
http://data.europa.eu/esco/skill/eb4653ca-8fbc-4bc0-ac00-018c03c3301c,skill/competence,occupation-specific,create a rhyme scheme structure,establish a rhyme scheme structure;write a rhyme scheme structure;make a rhyme scheme structure;creating a rhyme scheme structure;set a rhyme scheme structure;create rhyme scheme structures,,,Create and develop a rhyme scheme for a song in order to write lyrics according to that scheme.
http://data.europa.eu/esco/skill/eb8babfb-ab91-4937-a032-6a79f82e9b7f,skill/competence,cross-sector,analyse financial risk,analyse business risk;analyze financial risk;analyse monetary risk;analyse economic risk,,,"Identify and analyse risks that could impact an organisation or individual financially, such as credit and market risks, and propose solutions to cover against those risks."
http://data.europa.eu/esco/skill/eb90961b-18c6-4468-acf9-111f5ff2f1f8,skill/competence,occupation-specific,manage humanitarian aid,provide humanitarian aid;supervise humanitarian aid;oversee humanitarian aid;supervise charitable and philanthropic aid;provide charitable and philanthropic aid;oversee charitable and philanthropic aid;regulate humanitarian aid;regulate charitable and philanthropic aid,,,Plan and provide assistance and help in order to respond to humanitarian crises.
http://data.europa.eu/esco/skill/eb9f8a48-4be4-434b-be9d-293ff5c07f97,skill/competence,sector-specific,refer healthcare users,recommend healthcare users to other healthcare practitioners;advert healthcare users to other healthcare practitioners;connect healthcare users to other healthcare practitioners;link healthcare users to other healthcare practitioners;refer patients to other professionals;refer healthcare users to other healthcare workers;refer healthcare users to other professionals;carry out patient referrals;make patient referrals,,,"Make referrals to other professionals, based on the healthcare user's requirements and needs, especially when recognising that additional healthcare diagnostics or interventions are required."
http://data.europa.eu/esco/skill/eba85523-6ad2-4cd9-9b27-a0b6a39b8cfa,skill/competence,sector-specific,work in multidisciplinary health teams,work in multidisciplinary health-teams;cooperate with multidisciplinary health teams;work in multi-disciplinary health teams;work in multidisciplinary health team;participate in multidisciplinary health care provision,,,"Participate in the delivery of multidisciplinary health care, and understand the rules and competences of other healthcare related professions."
http://data.europa.eu/esco/skill/ebaff640-cdf2-4917-a2d2-f4b3fa9109db,skill/competence,occupation-specific,conduct psychotherapy risk assessments,conduct a risk assessment in psychotherapy;assess the risks of patients receiving psychotherapy;execute psychotherapy risk analyses;analyse the risks of psychotherapy patients;perform a risk assessment in psychotherapy;carry out psychotherapy risk assessments;assess psychotherapy patient risks;perform psychotherapy risk assessments;carry out a risk assessment in psychotherapy;undertake psychotherapy patient risk assessment activities,,,"Conduct risk assessment procedures, making use of any tools or guidelines. Recognise language used by the patient that might imply harm to self or others asking direct questions if required. Facilitate the process of getting the patient to discuss any thoughts of suicide, and quantify the likelihood of these being put to practice.'."
http://data.europa.eu/esco/skill/ec0bbf39-0edd-4015-a2c3-82ad563ce3a8,skill/competence,cross-sector,draft corporate emails,draft corporation emails;drafting corporate emails;compose corporate emails;write corporate emails;draft corporate email,,,"Prepare, compile, and write mails with the adequate information and an appropriate language to make internal or external communications."
http://data.europa.eu/esco/skill/ec85cc63-4e24-4631-bf92-8789db2605c0,skill/competence,sector-specific,maintain database security,keep database security,,,Master a wide variety of information security controls in order to pursue maximal database protection.
http://data.europa.eu/esco/skill/ec8a9c7f-1d84-4c8a-82c4-d4afe2874483,skill/competence,cross-sector,advise on foreign affairs policies,advise foreign affairs policies;provide foreign affairs policies solutions;suggest foreign affairs policies;recommend foreign affairs policies;develop foreign affairs policies solutions;develop foreign affairs policies recommendations;produce foreign affairs policies suggestions;produce foreign affairs policies advice,,,Advise governments or other public organisations on the development and implementation of foreign affairs policies.
http://data.europa.eu/esco/skill/ecc18804-a466-40d9-98b4-fba5cd67dd4b,knowledge,cross-sector,accounting,bookkeeping,,,The documentation and processing of data regarding financial activities.
http://data.europa.eu/esco/skill/ecd368bc-6383-4a03-9b61-46e0a94750f7,skill/competence,sector-specific,instruct on energy saving technologies,educate on energy saving technologies;educate on energy efficient technologies;instruct on energy efficient technologies,,,"Instruct the facility manager or similar figures on monitoring parameters, to guarantee that the system achieves the designed energy saving goals."
http://data.europa.eu/esco/skill/ecd3a74e-6060-4510-8c4a-b6400a8ef299,skill/competence,cross-sector,organise projects to fill education needs,organises projects to fill education needs;organise project to fill education needs;organize projects to fill education needs;arrange projects to fill education needs;manage projects to fill education needs;organising projects to fill education needs;plan projects to fill education needs,,,"Fill education gaps by organising projects and activities that help people to grow academically, socially or emotionally."
http://data.europa.eu/esco/skill/ed0718f6-5823-4c74-9749-2936c9c06203,skill/competence,cross-sector,develop audit plan,implement audit plans;design audit plans;specify audit plans;draft audit plans,,,"Define all organisational tasks (time, place and order) and develop a checklist concerning the topics to be audited."
http://data.europa.eu/esco/skill/ed183385-b82e-46c5-83d0-dfdd2625d2ff,skill/competence,cross-sector,manage brand assets,regulate brand assets;maintain brand assets;oversee brand assets;supervise brand assets;manage brand asset;manage a brand asset;managing brand assets,,,Process for managing brands as assets in order to maximise their value.
http://data.europa.eu/esco/skill/ed1fbdc3-1071-423c-9bb4-e3288ca6d1fe,knowledge,sector-specific,hardware components suppliers,hardware suppliers,,,The suppliers who can deliver the required hardware components.
http://data.europa.eu/esco/skill/ed392b45-1087-44a7-89a9-d514224639ff,skill/competence,cross-sector,conduct mobile marketing,organise mobile marketing;conduct cell phone marketing;mobile marketing conducting;manage mobile marketing;undertake mobile marketing;carry out mobile marketing;conducting mobile marketing;conduct mobile marketing campaign,,,Conduct mobile marketing using a mobile device e.g. tablet or smartphone. Gather personalised information and transfer it to customers in order to promote services or goods.
http://data.europa.eu/esco/skill/ed39edd3-44d0-4a16-9796-bfb99f92baf3,knowledge,sector-specific,ICT performance analysis methods,performance analysis techniques,,,"The methods used to analyse software, ICT system and network performance which provide guidance to root causes of issues within information systems. The methods can analyse resource bottlenecks, application times, wait latencies and benchmarking results."
http://data.europa.eu/esco/skill/ed3f3dba-3a35-4ed5-b113-67f4d10ef4c8,knowledge,cross-sector,scientific research methodology,research methodology;methods of research;scientific methods;process of scientific research;theoretical methodology in scientific research,,,"The theoretical methodology used in scientific research involving doing background research, constructing an hypothesis, testing it, analysing data and concluding the results."
http://data.europa.eu/esco/skill/ed57378a-2b27-4d80-8701-124e559cf17d,skill/competence,cross-sector,liaise with educational staff,liaises with educational staff;mediate with educational staff;coordinate with educational staff;liaising with educational staff;communicate with educational staff,,,"Communicate with the school staff such as teachers, teaching assistants, academic advisors, and the principal on issues relating to students' well-being. In the context of a university, liaise with the technical and research staff to discuss research projects and courses-related matters."
http://data.europa.eu/esco/skill/ed7b7841-4df9-4936-9415-f6067e1f3344,skill/competence,occupation-specific,plan evaluation,define agreements for evaluation;plan evaluation methodology;define plan for evaluation;plan evaluation methods;plan work parameters for evaluation,,,"Define work parameters, plans and agreements for the evaluation."
http://data.europa.eu/esco/skill/ed8de897-adbe-4f0e-b4d2-534953e64c72,skill/competence,sector-specific,integrate system components,setup system;assemble system,,,Select and use integration techniques and tools to plan and implement integration of hardware and software modules and components in a system.
http://data.europa.eu/esco/skill/eda8a126-08bf-4fb1-8442-fa9febabb75f,knowledge,cross-sector,psychological theories,development of psychological theory;psychological theory;historical development of psychological theories;development of psychological theories;historical development of psychological theory,,,"The historical development of counselling and psychological theories, as well as the perspectives, applications, and interviewing and counselling strategies."
http://data.europa.eu/esco/skill/edebd83d-35f6-4ed5-a940-6c203d178c01,knowledge,cross-sector,data science,data science process;science of data,,,The field of study that deals with big amount of data using AI techniques such as machine learning algorithms to predict patterns and obtain useful information to make business decisions.
http://data.europa.eu/esco/skill/edf081e4-d2dc-4a60-8c49-7b7e45b5ebe3,skill/competence,sector-specific,create risk maps,generate risk maps;design risk maps;develop risk maps,,,"Use data visualisation tools in order to communicate the specific financial risks, their nature and impact for an organisation."
http://data.europa.eu/esco/skill/edf5a26c-8a71-4683-99b1-a8f567a603e2,skill/competence,cross-sector,maintain the trust of service users,keep trust of the service users;establish trust of the patient;maintain trust of service users;establish trust and confidence of the patient;maintain trust of service user;keep trust of a service user,,,"Establish and maintain the trust and confidence of the client, communicating in an appropriate, open, accurate and straightforward way and being honest and reliable."
http://data.europa.eu/esco/skill/edff6d20-660d-4d33-b412-9a5b664a14be,knowledge,cross-sector,curriculum objectives,curriculum aims;curriculum goals;curriculum targets;curriculum objective;curricula objectives,,,The goals identified in curricula and defined learning outcomes.
http://data.europa.eu/esco/skill/ee02393d-27dd-438a-8879-b8088ce45e79,knowledge,occupation-specific,ICT environmental policies,ICT environmental guidelines,,,"The international and organisational policies which deal with the assessment of the environmental impact of innovations and developments in the field of ICT, as well as with methods for reducing negative impact and applying ICT innovations to aid the environment."
http://data.europa.eu/esco/skill/ee062700-f7ef-4c2f-b6e0-c3438cc40299,skill/competence,sector-specific,advocate for healthcare users' needs,promote health care user's needs;advocate for patient and family needs;advocate for health care users' needs;promote healthcare users' needs;promote patient and family needs;advocate for a health care user's needs;advocate for a health care user's need,,,"Promote patient and family needs in different settings such as inpatient, outpatient, at home, and in the community."
http://data.europa.eu/esco/skill/ee21af25-7dff-47eb-9863-b5b944105a06,skill/competence,cross-sector,update language skills,maintain language skills;language skill updating;renew language skills;improve language skills,,,Research or practice language skills to stay current with language changes in order to best translate or interpret.
http://data.europa.eu/esco/skill/ee3b1553-2dc5-434b-8dcf-4ae3a40b3a48,skill/competence,sector-specific,verify formal ICT specifications,verify formal IT specifications,,,"Check capabilities, correctness and efficiency of intended algorithm or system to match certain formal specifications."
http://data.europa.eu/esco/skill/ee3c1d54-f46a-43c7-a0f9-0ba3648164d0,skill/competence,sector-specific,design enterprise architecture,design business architecture,,,"Analyse the business structure and provide a logical organisation of business processes and information infrastructure. Apply principles and practices which help organisations to realise their strategies, respond to disruptions and achieve their goals."
http://data.europa.eu/esco/skill/ee46e1d3-a52c-4113-aab9-38dbc907085d,knowledge,sector-specific,distributed ledger technologies consensus protocols,consensus protocols of distributed ledger technologies,,,"The knowledge of essential blockchain consensus protocols including Proof-of-Work (PoW), Proof-of-Stake (PoS), Delegated Proof-of-Stake (DPoS), Practical Byzantine Fault Tolerance (pBFT)."
http://data.europa.eu/esco/skill/ee4a78d4-af84-42df-8ca0-039c0999e87c,skill/competence,sector-specific,consider social impact of actions on service users,consider social impact of actions on a service user;consider the social impact of actions on the service users;keep in mind the impact of certain actions on social service users' well being,,,"Act according to the political, social and cultural contexts of social service users, considering the impact of certain actions on their social well being."
http://data.europa.eu/esco/skill/ee7f90cc-922e-4da7-a7ae-83c2688fed10,skill/competence,cross-sector,align efforts towards business development,align efforts towards business growth;align effort towards business development;aligning efforts towards business development;align business development efforts;coordinate efforts towards business development,,,"Synchronise the efforts, plans, strategies, and actions carried out in departments of companies towards the growth of business and its turnover. Keep business development as the ultimate outcome of any effort of the company."
http://data.europa.eu/esco/skill/ee8fee1a-75c1-43fb-b08d-779929f99249,skill/competence,cross-sector,apply control process statistical methods,apply a control process statistical methodology;apply control process statistical methodology;apply control processing statistical method;utilise control process statistical methods;administer control process statistical methods;employ control process statistical methods;implement control process statistical methods,,,Apply statistical methods from Design of Experiments (DOE) and Statistical Process Control (SPC) in order to control manufacturing processes.
http://data.europa.eu/esco/skill/eed2447e-13a2-4583-9066-cdb38d90c808,skill/competence,occupation-specific,monitor elections,audit ballots;oversee elections;supervise ballots;audit elections;oversee ballots;supervise elections,,,Monitor the proceedings on the day of elections to ensure that the voting process and the counting process occur according to regulations.
http://data.europa.eu/esco/skill/ef069fe6-305b-4452-8f7d-0c572e98effc,knowledge,sector-specific,mobile marketing,mobile devices marketing;wireless marketing;cell phone marketing;product promotion via mobile devices,,,"The study of marketing which uses mobile devices as a communication channel. This approach can provide potential customers with personalised information (using location or time context) which promotes products, services or ideas."
http://data.europa.eu/esco/skill/ef3b0fe7-236f-4910-994a-5cf8f126cb9d,knowledge,occupation-specific,types of evaluation,methods of evaluation;varieties of evaluation;evaluation types,,,"The specificity and intended use of various types of evaluations, such as impact evaluation, process evaluation, performance evaluation, thematic evaluation, etc."
http://data.europa.eu/esco/skill/ef64005d-75bc-4597-8ed6-717edec5e55e,skill/competence,cross-sector,enhance website visibility,website marketing,,,"Promote the website to users, business partners and search engines. Optimise the website exposure to search engines, send out emails, determine pricing and policies and conduct marketing actions."
http://data.europa.eu/esco/skill/efa7a6e9-3018-4125-8ac5-5b5d513bcba7,knowledge,cross-sector,education administration,education administrations;education management;education oversight;education supervision,,,"The processes related to the administrative areas of an education institution, its director, employees, and students."
http://data.europa.eu/esco/skill/efaef6b2-1435-436f-94b6-ead3bcf0db9c,skill/competence,occupation-specific,provide strategies of differential diagnosis,provide procedure of differential diagnosis;accord strategies of differential diagnosis;provide method of differential diagnosis;apply methods of differential diagnosis;offer strategies of differential diagnosis;accord strategy of differential diagnosis;provide methods of differential diagnosis;supply strategy of differential diagnosis;provide procedures of differential diagnosis,,,Use various methods to identify the most approapriate diagnosis among conditions with similar symptoms.
http://data.europa.eu/esco/skill/efafc59d-a2bc-4f10-b681-edd0053f3de7,skill/competence,sector-specific,decide upon a psychotherapeutic approach,adopt a psychotherapeutic approach;make informed choice on psychotherapeutic approach;consider a psychotherapeutic approach;decide on a psychotherapeutic approach;choose a psychotherapeutic approach;decide on type of psychotherapeutic intervention,,,"Make an informed choice about which type of psychotherapeutic intervention to apply when working with patients, according to their needs."
http://data.europa.eu/esco/skill/efb523d0-c998-440d-8639-cd14ba841c4c,knowledge,cross-sector,public law,public decrees;civic legislation;public regulations;civic statutes;civic decrees;public statutes;public legislation;civic regulations,,,"The part of law which governs relationships between individuals and the government, and the relationships between individuals which concern society directly."
http://data.europa.eu/esco/skill/efe9be37-2433-4b58-95f4-283f2c048104,skill/competence,cross-sector,advise on participation in financial markets,advise on legal compliance of financial market participation;give recommendations on legal compliance for participation in financial markets;advise on legal compliance for participation in financial market;advise on legal compliance for participation in financial markets;counsel on legal compliance for participation in financial markets;offer suggestions on legal compliance for participation in financial markets;advising on legal compliance for participation in financial markets,,,"Consult and provide guidance on the legal changes the company has to undergo in order to participate in the financial market such as writing dividend policies, defining the ownership and structure of the company, and the compliance with the standards set by organisms regulating the market the company is entering to."
http://data.europa.eu/esco/skill/eff1bb34-b454-4482-8c29-65f820619f3c,knowledge,sector-specific,insourcing strategy,insourcing planning strategy,,This knowledge excludes crowdsourcing and outsourcing.,"The high level planning for managing and optimising business processes internally, usually in order to maintain control of critical aspects of work."
http://data.europa.eu/esco/skill/f0153530-9ff3-4fe6-8f9e-012d06ac5b89,skill/competence,cross-sector,ensure law application,secure legal submission;provide law application;establish law legal submission;establish law application;assure legal submission;assure law application;secure law application;provide legal submission,,,"Ensure the laws are followed, and where they are broken, that the correct measures are taken to ensure compliance to the law and law enforcement."
http://data.europa.eu/esco/skill/f0163b63-6794-4eb7-b17b-f91d11b2602d,skill/competence,sector-specific,implement cryptographic constructs,develop cryptographic constructs,,,"Implement cryptographic constructs such as hash functions, symmetric-key algorithms, and asymmetric-key algorithms, in the context of specific applications."
http://data.europa.eu/esco/skill/f0393af3-bcd9-41af-a36e-0cfb83b60081,skill/competence,sector-specific,manage standard enterprise resource planning system,oversee standard enterprise resource planning system;managing standard enterprise resource planning system;maintain standard enterprise resource planning system;manage standard enterprise resource planning systems;supervise standard enterprise resource planning system;standard enterprise resource planning system management;regulate standard enterprise resource planning system,,,"Collect, manage and interpret data relevant for companies related to shipping, payment, inventory, resources and manufacturing using specific business management software. Such software as Microsoft Dynamics​, SAP ERP, Oracle ERP."
http://data.europa.eu/esco/skill/f049d050-12da-4e40-813a-2b5eb6df6b51,knowledge,sector-specific,Internet of Things,Information appliances;IoT;smart devices;Pervasive systems;Ubiquitous computing,,,"The general principles, categories, requirements, limitations and vulnerabilities of smart connected devices (most of them with intended internet connectivity)."
http://data.europa.eu/esco/skill/f0529a12-48bc-4176-949b-5b43aee207bd,skill/competence,sector-specific,develop non-formal educational activities,design non-formal education activities;create non-formal educational activities;design non-formal educational initiatives;develop non-formal educational initiatives;formulate non-formal educational initiatives,,,"Develop non-formal education activities targeted to the needs and aspirations of young people. These activities take place outside of the formal learning system. The learning is intentional but voluntary and takes place in diverse environments. The activity and courses could be run by professional learning facilitators, such as but not limited to youth leaders, trainers, youth information workers."
http://data.europa.eu/esco/skill/f055364f-26ea-455e-a393-b575c149c7e4,skill/competence,sector-specific,guide jury activities,oversee juror activities;manage jury activities;direct juror activities;supervise juror activities;oversee jury activities;supervise jury activities;manage juror activities;direct jury activities,,,"Guide the activities of a jury during a court hearing and in the decision-making process to ensure they act in an impartial manner and that they heard all the evidence, arguments and witness accounts relevalt to the trial so that they can make the best decision, on which the judge may base a sentence."
http://data.europa.eu/esco/skill/f058bf62-70d1-4f5e-be2a-8b26fac24a96,skill/competence,cross-sector,design graphics,apply graphic design techniques;create graphic material,,This includes computer graphic design.,Apply a variety of visual techniques in order to design graphic material. Combine graphical elements to communicate concepts and ideas.
http://data.europa.eu/esco/skill/f0699875-51da-48d2-bc92-54b0749baef1,skill/competence,cross-sector,develop course outline,write course outline;develops course outline;generate course outline;create course outline;developing course outline,,,Research and establish an outline of the course to be taught and calculate a time frame for the instructional plan in accordance with school regulations and curriculum objectives.
http://data.europa.eu/esco/skill/f077719c-82ff-4035-9426-47c5eb554454,skill/competence,cross-sector,manage medium term objectives,managed medium term objectives;administration of medium term business objectives;manage objectives of medium term;oversee medium term objectives,,,Monitor medium term schedules with budget estimations and reconciliation on a quarterly basis.
http://data.europa.eu/esco/skill/f0866297-90ef-41ba-93e7-ddea0ef2193b,skill/competence,cross-sector,organise information services,manage information provision;administer information services;control information service delivery;coordinate information services;arrange information provision,,,"Plan, organise and evaluate information activities and services. Those include searching for information relevant to the target group, compiling easily understandable information material and finding various ways to disseminate the information through different channels used by the target group."
http://data.europa.eu/esco/skill/f08e2bd6-0366-4948-a670-1f03f130126f,skill/competence,cross-sector,create new concepts,create new inventions;imagine new concepts;create abstract ideas;invent new concepts;create new ideas,,,Come up with new concepts.
http://data.europa.eu/esco/skill/f09e70cb-5d8c-4c57-b027-a45127c0bf92,skill/competence,sector-specific,secure sensitive customer's information,maintain sensitive customer's information;look after sensitive customer's information;secure a sensitive customer's information;securing sensitive customer's information;keep safe sensitive customer's information;protect sensitive customer's information;securing a sensitive customer's information,,,Select and apply security measures and regulations related to sensitive customer information with the aim of protecting their privacy.
http://data.europa.eu/esco/skill/f0a1db01-ffbd-4366-8120-add9bd134ffd,skill/competence,cross-sector,supervise advocacy work,supervising advocacy work;direct advocacy work;oversee advocacy work;supervise work for advocacy;manage advocacy work,,,"Manage the aim to influence political, economic and social decisions. Make sure ethics and policies are followed."
http://data.europa.eu/esco/skill/f0a84d52-91fd-45ec-9fe9-e363d9318b9e,skill/competence,sector-specific,have emotional intelligence,own emotional intelligence;recognize other people's emotion;obtain emotional intelligence;recognize other people's emotions;possess emotional intelligence,,,"Recognize ones own and other people`s emotions, distinguish correctly between them and observing how they can influence one`s environment and social interaction and what can be done about it."
http://data.europa.eu/esco/skill/f0b45409-42ca-42bc-a701-041e594d0657,skill/competence,cross-sector,ensure gender equality in the workplace,deliver gender equality strategies;monitor gender equality indicators;monitor gender equality practices,,,"Deliver a fair and transparent strategy focussed on maintaining equality with regard to matters of promotion, pay, training opportunities, flexible working and family support. Adopt gender equality objectives and monitor and evaluate the implementation of gender equality practices in the workplace."
http://data.europa.eu/esco/skill/f0c94e76-dead-475b-bde7-99d873bd2b7b,knowledge,cross-sector,security of assets legislation,assets legislation security;security of asset legislation;security of holdings legislation;security of holdings rules;security of holdings laws,,,"The current relevant legislation, regulations and codes of practice in the field of protecting private and public assets."
http://data.europa.eu/esco/skill/f0de4973-0a70-4644-8fd4-3a97080476f4,knowledge,sector-specific,DevOps,DevOps development;DevOps based software development;DevOps methodology,,,The DevOps development approach is a methodology to design software systems and applications focused on the collaboration and between software programmers and other ICT professionals and automation.
http://data.europa.eu/esco/skill/f0f5bb34-71df-4715-9c9e-03567b76ec8f,skill/competence,sector-specific,create website wireframe,develop website wireframe;set up website wireframe,,,"Develop an image or set of images that display the functional elements of a website or page, typically used for planning a website's functionality and structure."
http://data.europa.eu/esco/skill/f0fc8821-3b60-487d-9905-6228842ba259,skill/competence,occupation-specific,create definitions,make definitions;establish definitions;create definition;write definitions;draft definitions;creating definitions,,,Create clear definitions for words and concepts. Make sure they convey the exact meaning of the words.
http://data.europa.eu/esco/skill/f12e0891-dbcf-4225-9574-a619f39ec0c3,skill/competence,sector-specific,check stories,probe stories;check story;inquire into stories;investigate stories;checking stories;look into stories,,,"Seek out and investigate stories via your contacts, press releases and other media."
http://data.europa.eu/esco/skill/f143bbc9-cc9d-4629-87d5-4d747838ddb3,knowledge,sector-specific,strategies for handling cases of sexual assault,strategies for dealing with sexual assault;strategies for handling cases of rape;strategies for handling cases of sexual violation;strategies for handling cases of sexual molestation;strategies for handling cases of forcible intercourse,,,"The range of strategies and approaches utilised in the identification, termination, and prevention of instances of sexual assault. This incudes understanding of the methods and procedures used to recognise instances of sexual assault, the legal implications, and possible intervention and rehabilitation activities. Sexual assault includes all kinds of practice of forcing a person into sexual acts against their will or without their consent, as well as cases when children and minors are involved in sexual activities."
http://data.europa.eu/esco/skill/f14ff4b7-be1e-4b55-b39b-520005f8a97e,skill/competence,cross-sector,liaise with managers,work with managers;liaising with managers;liaise with a manager;cooperate with managers;collaborate with managers;work together with managers,,,"Liaise with managers of other departments ensuring effective service and communication, i.e. sales, planning, purchasing, trading, distribution and technical."
http://data.europa.eu/esco/skill/f155b8be-f4f9-4236-b22a-a875ca6a3293,skill/competence,sector-specific,promote sport activities in public health,promote activities of sport in public health;promote sporting activities in public health;promote sport awareness in public health;create sport awareness in public health,,,"Support the delivery of sport and physical activity to promote general health and wellbeing, decrease risk factors for disease and prevent chronic disease and disability."
http://data.europa.eu/esco/skill/f1621a21-ea45-4ee0-b738-5a5ca3882184,skill/competence,sector-specific,monitor title procedures,monitor property right transfers;monitor property rights;monitor property right procedures;monitor property title transfers,,,"Monitor the bundle of rights of a property and investigate all the parties involved in the current procedure, such as the transfer of a deed in the transfer of ownership of a property or the provision of all the documents serving as evidence of title, to ensure that all documentation and procedures occur according to legislation and contractual agreements."
http://data.europa.eu/esco/skill/f1b5800e-b763-4740-9586-3fef30568e81,skill/competence,cross-sector,analyse production processes for improvement,analyse production processes for improvements;analyse the production process for improvement;analyse a production processes for improvement;investigate production processes for improvement;test production processes for improvement;analyze production processes for improvement;search production processes for improvement;scrutinise production processes for improvement,,,Analyse production processes leading toward improvement. Analyse in order to reduce production losses and overall manufacturing costs.
http://data.europa.eu/esco/skill/f1bc8d78-3310-4a91-aec7-a20df9146dd2,knowledge,sector-specific,disorders affecting self-awareness,diseases affecting self-perception;disorders of self-awareness;anosognosia,,,The consciousness process related to various medical disorders and illnesses and its manifestation and treatment options.
http://data.europa.eu/esco/skill/f1ec7f2b-8b4f-4fbf-86e2-5ba5928fd030,skill/competence,sector-specific,perform bilateral interpretation,carry out bilateral interpretation;performing bilateral interpretation;perform bilateral interpretations;conduct bilateral interpretation;engage in bilateral interpretation,,,"Understand and interpret oral statements in both directions of a language pair, while maintaining the speaker’s communicative intent."
http://data.europa.eu/esco/skill/f1f5093b-0b26-4d59-984b-0531c6ccf205,skill/competence,occupation-specific,define evaluation objectives and scope,specify evaluation goals and scope;define evaluation scope;plan evaluation goals and scope,,,"Clarify the purpose and scope of the evaluation, frame its questions and boundaries."
http://data.europa.eu/esco/skill/f1f5eb7f-1776-456b-83a4-f3e06df2da5a,skill/competence,cross-sector,apply territory planning,administer territory planning;applying territory planning;implement territory planning;employ territory planning;applying territorial planning;utilise territory planning;apply territorial planning,,,"Plan the most cost-effective coverage of a sales territory with the available sales resources. Take into account prospect numbers, density, and buying patterns."
http://data.europa.eu/esco/skill/f206e732-110c-47ce-a53f-f00c9d97c90d,knowledge,occupation-specific,talent management strategies,talent management,,,"The ways right talents are selected for a company and their growth paths are optimized in line with company objectives. They aim towards best recruiting and retaining talented employees, improving their skills, and incentivising them to achieve high performance."
http://data.europa.eu/esco/skill/f241fbf8-08a2-4c05-b9c1-3438d3e648dd,skill/competence,cross-sector,revise drafts made by managers,review drafts made by managers;assess drafts made by managers;revise draft made by managers;revise manager's drafts;revising drafts made by managers;modify drafts made by managers;revise drafts made by manager,,,"Revise drafts made by managers in order to check completeness, accuracy, and formatting."
http://data.europa.eu/esco/skill/f28617ad-afdd-4041-814c-216153a38998,skill/competence,sector-specific,analyse software specifications,assess software specifications;examine software requirements;assess software systems;evaluate software design specification;analyse software or system specifications,,,"Assess the specifications of a software product or system to be developed by identifying functional and non-functional requirements, constraints and possible sets of use cases which illustrate interactions between the software and its users."
http://data.europa.eu/esco/skill/f28c3e9b-8666-48d4-a5e4-542ac193879b,skill/competence,cross-sector,advise on social security benefits,instruct on welfare benefits;help with on welfare benefits;welfare benefits recommendation;instruct on social security benefits;social security benefits recommendation;help with on social security benefits,,,"Advise citizens on government-regulated benefits they are eligible for, such as unemployment benefits, family benefits, and other social security benefits."
http://data.europa.eu/esco/skill/f298831b-9eb5-4d26-b4e4-7efd04f3cf57,skill/competence,occupation-specific,monitor bond market,monitor debt securities;monitor bond exchange;audit bond market,,,Observe and analyse the bond or debt market and its trends on a daily basis to gather up-to-date information in order to develop investment strategies.
http://data.europa.eu/esco/skill/f2a34d6b-131a-4b8f-a110-898b9c91d18f,skill/competence,cross-sector,forecast economic trends,analyse economic trends;economic trend forecasts;predict economic trends;forecasting of economic trends;economic trend forecasting;project economic trends,,,Gather and analyse economic data in order to predict economic trends and events.
http://data.europa.eu/esco/skill/f2c63b7a-ed6c-4890-9f8c-7685d172624c,skill/competence,sector-specific,implement corporate governance,establish corporate governance;develop corporate governance structure;execute corporate governance;set up corporate governance structures;maintain corporate governance procedures,,,"Apply a set of principles and mechanisms by which an organisation is managed and directed, set procedures of information, control flow and decision making, distribute rights and responsibilities among departments and individuals, set corporate objectives and monitor and evaluate actions and results."
http://data.europa.eu/esco/skill/f2d57f41-43b4-4f5b-8100-3df5c21eda50,skill/competence,cross-sector,process data,data processing;analyse data;processing of data;handle data;measure data;convert data;processing data;refine data,,,"Enter information into a data storage and data retrieval system via processes such as scanning, manual keying or electronic data transfer in order to process large amounts of data."
http://data.europa.eu/esco/skill/f2d63656-169c-4110-99fe-33914f902466,knowledge,cross-sector,child protection,child protection policies;child-protection;child protective services;child protection legislation;protection of children,,,Framework of legislation and practice meant to prevent and protect children from abuse and harm.
http://data.europa.eu/esco/skill/f2f2cd3b-6afd-482e-80af-5823250ef0b8,skill/competence,sector-specific,cooperate at inter-professional level,work together with people in other fields of social work;cooperate at interprofessional levels;cooperate at inter-organisational level;cooperate at inter-organizational level;cooperate at interprofessional level,,,Cooperate with people in other sectors in relation to social service work.
http://data.europa.eu/esco/skill/f37d9f67-2e79-4958-8307-1ce9d6dcc8bd,skill/competence,cross-sector,apply customer engagement strategy,employ customer engagement strategy;customer engagement strategy application;applying customer engagement strategies;implement customer engagement strategy;utilise customer engagement strategy;administer customer engagement strategy;applying a customer engagement strategy,,,Engage customers with a company or a brand by employing several methods such as humanisation of the brand and social media usage. The initiative for engagement can come either from the consumer or the company and the medium of engagement can be online as well as offline.
http://data.europa.eu/esco/skill/f39a5dcd-1b8b-4eff-a021-a96196fd71eb,skill/competence,sector-specific,follow the news,keep track of the news;following the news;stay up to date with the news;follow news;keeping up with the news;keep abreast of the news;keep up with the news,,,"Follow current events in politics, economics, social communities, cultural sectors, internationally, and in sports."
http://data.europa.eu/esco/skill/f3c5fae0-c0e3-4410-bc09-62bd82d4cecc,skill/competence,cross-sector,support employability of people with disabilities,assist people with disabilities in the work environment;integrate people with disabilities in the workplace;promote employment of people with disabilities,,,Ensure employment opportunities for people with disabilities by making appropriate adjustments to accommodate within reason in line with national legislation and policies on accessibility. Ensure their full integration into the work environment by promoting a culture of acceptance within the organisation and fighting potential stereotypes and prejudices.
http://data.europa.eu/esco/skill/f3cc52e3-a96c-4549-b841-6e41a846fa99,skill/competence,cross-sector,report on environmental issues,reporting on environmental issues;publish environmental reports;publishing environmental reports;environmental reports compiling;compile environmental reports;reporting on issues in the environment;environmental issues reporting;environmental reports publishing;compiling environmental reports;report on issues in the environment,,,"Compile environmental reports and communicate on issues. Inform the public or any interested parties in a given context on relevant recent developments in the environment, forecasts on the future of the environment, and any problems and possible solutions."
http://data.europa.eu/esco/skill/f3e4337a-201e-4199-b32d-9d58b77527db,skill/competence,sector-specific,reach out to diverse youth,establish connections with diverse youth groups;engage with diverse youth communities;connect with multicultural youth groups,,,"Target and reach out to young people from different racial, social and economic backgrounds."
http://data.europa.eu/esco/skill/f414dc08-35bd-4bc7-846d-88a3844d057c,knowledge,cross-sector,trendwatching,trendwatch;trend-watching;trend monitoring;studying trends to predict future trends,,,The practice of understanding the world and its ever-changing nature. The observation of different phenomena in the world in order to predict and foresee the evolution of things in the world.
http://data.europa.eu/esco/skill/f41f8ff8-b3c6-4f83-9e17-bfa857a01c94,skill/competence,sector-specific,examine legislative drafts,criticise legislative drafts;assess legislative drafts;comment drafts;analyse legislative drafts,,,Observe and examine the drafts made by other legislative drafters in order to enhance quality control and to improve their drafting knowlege and skills.
http://data.europa.eu/esco/skill/f43ee9cc-7284-406f-b23f-3eedb0581141,skill/competence,cross-sector,identify clients' needs,diagnose users' needs;diagnose clients' needs;establish clients' needs;determine clients' needs;classify clients' needs;classify users' needs;determine users' needs;establish users' needs,,,Identify the areas in which the client may require aid and investigate the possibilities for meeting those needs.
http://data.europa.eu/esco/skill/f453b1a6-c7db-4d9d-9ba3-47c45159bfe3,skill/competence,cross-sector,ensure products meet regulatory requirements,certify products meet regulatory requirements;ensuring products meet regulatory requirements;make sure products meet regulatory requirements;ensure product meet regulatory requirements;ensure products meet regulatory requirement;guarantee products meet regulatory requirements,,,"Study, implement, and monitor the integrity and compliance of products with the required regulatory aspects by law. Advise on applying and abiding by regulations on the product and manufacturing regulations."
http://data.europa.eu/esco/skill/f47a1998-0beb-43be-9f46-380aa4d183da,knowledge,sector-specific,Jenkins (tools for software configuration management),Jenkins Continuous Integration server;Jenkins;Jenkins CI,,,"The tool Jenkins is a software program to perform configuration identification, control, status accounting and audit of software during its development and maintenance."
http://data.europa.eu/esco/skill/f4801e7a-c448-4fe8-b9d7-2d30666e04ce,skill/competence,sector-specific,analyse the training market,analyze the training market;test the educational market;search the educational market;scrutinise the training market;scrutinise the educational market;test the training market;search the training market;investigate the training market;investigate the educational market,,,"Analyse the market in the training industry in terms of its attractiveness taking market growth rate, trends, size and other elements into account."
http://data.europa.eu/esco/skill/f4a85869-1855-45d5-a43c-7ee8cd451996,skill/competence,sector-specific,perform ICT security testing,prepare and apply security test plans,,,"Execute types of security testing, such as network penetration testing, wireless testing, code reviews, wireless and/or firewall assessments in accordance with industry-accepted methods and protocols to identify and analyse potential vulnerabilities."
http://data.europa.eu/esco/skill/f4cd7802-123a-4bd5-9bfa-bf915a04e969,knowledge,cross-sector,public offering,offering of securities of a company to the public;public offerings,,,"The elements comprised in public offerings of companies in the stock market such as determining the initial public offering (IPO), the type of security, and the timing to launch it in the market."
http://data.europa.eu/esco/skill/f4d3a8ff-2db1-4015-aa28-d4564afef3fd,skill/competence,sector-specific,keep records on sales,save records on sales;keeping records on sales;retain records on sales;store records on sales;keep a record on sales;hold records on sales;keeping a records on sales,,,"Keep records of the activities of the sales of products and services, tracking which products and services were sold when and maintaining customer records, in order to facilitate improvements in the sales department."
http://data.europa.eu/esco/skill/f5019d58-1f9a-4c1d-9a68-6ed7b8ec3eca,skill/competence,cross-sector,study human societies,anthropological studies;anthropology;human societies studies;the study of human societies,,,"Gather and analyse data in order to examine how humans respond to change, how power systems come into place, how cultural movements arise, etc."
http://data.europa.eu/esco/skill/f524f72e-d3d0-4691-9c57-d19756d8b847,skill/competence,cross-sector,support migrants to integrate in the receiving country,assist migrants in their integration process in the receiving country;support a migrant to integrate in their receiving country;help migrants in their integration process in the host country;support migrants to integrate in their receiving country,,,"Assist and offer support to migrants with their integration in the receiving society, both from an administrative and social point of view."
http://data.europa.eu/esco/skill/f5369f2f-e52b-43d8-8d31-79a6c11188d8,digital competence,not specified,digital content creation,content-creation with ICT program;content created by ICT software;ICT software content-creation;content-creation with ICT softwares;content creation with ICT software,,,"Create and edit new content (from word processing to images and video); integrate and re-elaborate previous knowledge and content; produce creative expressions, media outputs and programming; deal with and apply intellectual property rights and licences."
http://data.europa.eu/esco/skill/f5652e8e-7e25-4f3a-bd31-509c8406213f,skill/competence,cross-sector,supervise accounting operations,supervising accounting operations;oversee accounting operations;supervise account operations;manage accounting operations accounting operations;supervise accounting operation,,,"Coordinate, commission, and monitor operations in accounting departments in order to ensure the accurate record and eventual reporting of the financial operations of the company."
http://data.europa.eu/esco/skill/f5afbe94-c8e6-492d-9b9d-8349a417f92e,skill/competence,cross-sector,detect financial crime,identify financial crime;notice financial crime;detect financial crimes;detecting financial crime,,,"Examine, investigate, and notice possible financial crimes such as money laundering or tax evasion observable in financial reports and accounts of companies."
http://data.europa.eu/esco/skill/f5bf985b-ac78-4d23-881a-18a359234528,knowledge,sector-specific,corporate sustainability,corporate sustainability strategies,,,"A business practice to conduct long-term sustainable growth by seeking environmental, economic, and social strategies as its three main pillars."
http://data.europa.eu/esco/skill/f5c3bcbe-a8a5-43b5-9fbe-05d6458a04d7,skill/competence,sector-specific,recruit members,enlist participants;enlist members;take on participants;engage members;call up members;engage participants;take on members;call up participants,,,Carry out assessment and recruitment of members.
http://data.europa.eu/esco/skill/f5dd06b8-5d17-4932-9d03-957d0c4f5051,skill/competence,cross-sector,perform resource planning,create resource plans;lead the resource planning process;improve resource planning;conduct resource planning;manage resource schedules;build resource plan;develop resource plans;design resource planning;lead on resource planning,,,"Estimate the expected input in terms of time, human and financial resources necessary to achieve the project objectives."
http://data.europa.eu/esco/skill/f5eae448-0e52-4550-b982-9ff108c2ef55,skill/competence,sector-specific,advise on historical context,counsel on historical context;give recommendations on historical context;advising on historical context;offer suggestions on historical context,,,"Advise on the historical context of a production, including historical facts, and contemporary styles."
http://data.europa.eu/esco/skill/f5f5b244-6cea-4fbc-8a50-8f712791bc09,skill/competence,cross-sector,follow company standards,follow the company standards;follow a company standard;follow company codes;follow company rules;follow company measures;follow company requirements;following company standards,,,Lead and manage according to the organisation's code of conduct.
http://data.europa.eu/esco/skill/f5f72523-3e48-47ae-825b-fa49a33cd94b,knowledge,cross-sector,public housing legislation,public housing laws;council and social housing rules;council and social housing laws;public housing rules;public housing regulations;council and social housing regulations,,,"The regulations and legislation concerning the construction, maintenance and allocation of public housing facilities."
http://data.europa.eu/esco/skill/f60c9e52-95fc-4ca1-a73c-18a491153b63,skill/competence,cross-sector,make strategic business decisions,PPC;make strategic business choices;make tactical business decisions;pay per click,,,"Analyse business information and consult directors for decision making purposes in a varied array of aspects affecting the prospect, productivity and sustainable operation of a company. Consider the options and alternatives to a challenge and make sound rational decisions based on analysis and experience."
http://data.europa.eu/esco/skill/f672b7a0-698e-45f1-a102-51adeaf89200,skill/competence,sector-specific,develop efficiency plans for logistics operations,increase efficiency of logistics operations through efficiency planning;devise efficiency plans for logistical operations;develop efficiency plans for logistical operations;implement plans to increase efficiency of logistics operations;create efficiency plans for logistics operations;execute plans to increase efficiency of logistics operations;conduct planning activities to increase efficiency of logistics operations;devise efficiency plans for logistics operations;produce efficiency plans for logistical operations;produce efficiency plans for logistics operations;create efficiency plans for logistical operations;plan and implement actions to increase efficiency of logistics operations,,,Elaborate and implement plans in order to increase efficiency and reduce waste during logistics operations.
http://data.europa.eu/esco/skill/f6868852-9bf6-4899-a5d6-5f9532fb877d,skill/competence,occupation-specific,design component interfaces,design and implement component interfaces,,,Use methods and tools to design and program interfaces of software and system components.
http://data.europa.eu/esco/skill/f695332a-245a-4c6a-9eee-ed202928f99e,skill/competence,sector-specific,transcribe dialogues,transcribing dialogues;transcribe dialogue;transliterate dialogues;transcribe dialogs;write down dialogues,,,Transcribe dialogues accurately and quickly.
http://data.europa.eu/esco/skill/f698f8df-b473-40aa-a5c9-033cd892467a,skill/competence,cross-sector,keep up-to-date with regulations,keep up-to-date with ordinances;keep up-to-date with statutes;keep up-to-date with any regulations;keep up-to-date with laws;keep up-to-date with regulation;keep up-to-date with rules,,,Maintain up-to-date knowledge of current regulations and apply this knowledge in specific sectors.
http://data.europa.eu/esco/skill/f6a90f59-5a07-4088-b318-e486a42ca58c,knowledge,sector-specific,evidence-based approach in general practice,evidence-based approach in medical care;evidence-based approach in primary care;evidence-based medicine in general practice,,,"The general principles, methods and concepts of scientific research and the fundamentals of statistics in medical care. The scientific background of pathology and theories about the forming of hypotheses and problem-solving."
http://data.europa.eu/esco/skill/f6ac6241-adb2-4ce2-b35f-09832cbb11ea,knowledge,cross-sector,empirical analysis,empirical data analysis,,,The evidence-based method that is used to analyse and interpret information with the aim of drawing conclusions about a specific issue.
http://data.europa.eu/esco/skill/f6d294f4-db62-4fc5-a7b8-778e5071c112,skill/competence,cross-sector,carry out forum moderation,carry out moderation of forums;moderate forum;perform moderation of forums;act as a forum moderator;perform moderation of online forums;carry out moderation of online forums;moderate online forums;undertake forum moderation;moderate forum activity;moderate online forum activity;perform forum moderation,,,"Supervise communication activity on a web forum and other discussion platforms by assessing if the content adheres to forum regulations, enforcing rules of conduct, and ensuring the forum remains free of illegal material and conflict."
http://data.europa.eu/esco/skill/f6d5f009-b188-45ef-98e0-18d700744892,knowledge,sector-specific,strategies for handling cases of elder abuse,procedures to prevent the mistreatment of older adults;strategies for dealing with cases of elder abuse;approaches to handling cases of elder abuse;approaches to addressing cases of elder abuse;operational procedures in cases of elder abuse;intervention proceudres in cases of elder abuse;approaches to dealing with elder abuse;methods of dealing with the mistreatment of older adults;interventions in cases of elder abuse;strategies for addressing elder abuse;methods of handling the mistreatment of older adults,,,"The range of strategies and approaches utilised in the identification, termination, and prevention of instances of elder abuse. This incudes understanding of the methods and procedures used to recognise instances of elder abuse, the legal implications of abusive behaviour; and possible intervention and rehabilitation activities."
http://data.europa.eu/esco/skill/f6ed6d0b-cb2d-4a73-9707-97fdf4288d3c,skill/competence,sector-specific,assess health services within the community,evaluate health services in the communities;value health services within the community;evaluate health services within the community;estimate health services within the communities;evaluate health care within the community;prove efficiency of health services within the community;prove effectiveness of health services within the community,,,Assess the effectiveness and efficiency of health services for the community with a view to its improvement.
http://data.europa.eu/esco/skill/f715be1d-5fc4-49d3-82a5-0b8090d12849,skill/competence,cross-sector,synthesise information,synthesise complex information;summarise information;interpret complex information;critically summarise information;write synthesis essays,,,"Critically read, interpret, and summarise new and complex information from diverse sources."
http://data.europa.eu/esco/skill/f73ed9e8-65c6-450d-9f19-8f3f8266689c,skill/competence,cross-sector,design questionnaires,produce questionnaires;designing questionnaires;create questionnaires;make questionnaires;design questionnaire,,,Study the objectives of the research and imprint those aims into the design and development of questionnaires.
http://data.europa.eu/esco/skill/f7464f30-662b-4177-85a0-3df9693e9e58,knowledge,cross-sector,first aid,emergency assistance;first aid techniques;emergency care;first aid treatment,,,"The emergency treatment given to a sick or injured person in the case of circulatory and/or respiratory failure, unconsciousness, wounds, bleeding, shock or poisoning."
http://data.europa.eu/esco/skill/f75b740c-b36c-495e-bc67-efe347bbc6b5,knowledge,sector-specific,company policies,company policy;employer's policies;policies of a company;corporation's policies,,,The set of rules that govern the activity of a company.
http://data.europa.eu/esco/skill/f780a6ad-b01e-4c35-9746-af8fc0c5ad06,skill/competence,sector-specific,apply crisis management,handle crisis management;undertake crisis management;utilise crisis management;undertake disaster management;administer disaster management;utilise disaster management;administer crisis management;handle disaster management;apply emergency and crisis management,,,Take control over plans and strategies in critical circumstances showing empathy and understanding to achieve resolution.
http://data.europa.eu/esco/skill/f78d5c04-a440-4068-90c2-fab03409a911,skill/competence,cross-sector,manage government policy implementation,supervise government policy execution;oversee government policy implementation;regulate government policy implementation;monitor government policy implementation;regulate government policy execution;administer government policy implementation;administer government policy execution;oversee government policy execution;supervise government policy implementation,,,Manage the operations of the implementation of new government policies or changes in existing policies on a national or regional level as well as the staff involved in the implementation procedure.
http://data.europa.eu/esco/skill/f7940b22-764a-43f0-9642-f60f5897109b,skill/competence,cross-sector,counsel students,counsels students;counselling students;advise students;support students;counsel student;assist students,,,"Provide assistance to students with educational, career-related or personal issues such as course selection, school adjustment en social integration, career exploration and planning, and family problems."
http://data.europa.eu/esco/skill/f79e4715-5776-485c-ab7d-631c9b8d70ad,skill/competence,cross-sector,manage contract disputes,manage disputes in contracts;manage contract dispute;resolve disputes deriving from contracts;contractual dispute resolution,,,Monitor issues that arise between the parties involved in a contract and provide solutions in order to avoid lawsuits.
http://data.europa.eu/esco/skill/f7b071bf-4882-4cfc-ae0a-7e0e0ab94c61,skill/competence,cross-sector,conduct research across disciplines,work across disciplines;work across functional boundaries;conduct interdisciplinary research;use research findings across disciplines;use research findings across functional boundaries,,,Work and use research findings and data across disciplinary and/or functional boundaries.
http://data.europa.eu/esco/skill/f7b5d916-52f0-4865-b6a6-e1a3b711cb5e,skill/competence,cross-sector,implement strategic planning,implementing a strategic plan;utilise strategic planning;introduce strategic planning;implementing strategic planning;strategic planning implementation;execute strategic planning;administer strategic planning,,,Take action on the goals and procedures defined at a strategic level in order to mobilise resources and pursue the established strategies.
http://data.europa.eu/esco/skill/f7e051fc-8f7b-45b3-8911-8ffb9b951f4a,knowledge,sector-specific,blockchain consensus mechanisms,proof of stake;delegated proof of stake;POS;blockchain consensus protocols;CaaS;POW;distributed ledger consensus protocols;proof of authority;proof of work;consensus building mechanisms;consensus as a service;dPOS,,,The different mechanisms and their characteristics that ensure a transaction is propagated correctly in the distributed ledger.
http://data.europa.eu/esco/skill/f7e2eb04-3e50-4561-bce1-7e51a1fec308,skill/competence,sector-specific,define software architecture,define programme architecture;define application architecture,,,"Create and document the structure of software products including components, coupling and interfaces. Ensure feasibility, functionality and compatibility with existing platforms."
http://data.europa.eu/esco/skill/f7e7ccb6-fadc-4c35-935d-e1040be40dfe,skill/competence,cross-sector,handle financial transactions,handle finance transactions;process financial transactions;deal with money handling,,,"Administer currencies, financial exchange activities, deposits as well as company and voucher payments. Prepare and manage guest accounts and take payments by cash, credit card and debit card."
http://data.europa.eu/esco/skill/f8156f6b-5e03-455c-a764-098cfcb64475,skill/competence,occupation-specific,analyse health damaging behaviours,perform analyses of behaviours harmful to health;evaluate lifestyle behaviours damaging to health;analyze health damaging behaviors;carry out assessments of lifestyle behaviours harmful to health;analyse behaviours damaging to health;assess health damaging behaviours;evaluate health damaging behaviours;analyse lifestyle behaviours damaging to health;make assessments of health damaging behaviours;conduct evaluations of behaviours damaging to health;conduct health damaging behaviour analyses,,,"Examine behaviours that may be damaging to an individual's health, such as smoking, drug abuse, or poor diet. Use psychological theories and interventions for primary prevention and health related behavioural change."
http://data.europa.eu/esco/skill/f8413360-6114-40de-a276-c59b764b9913,knowledge,cross-sector,renewable energy,water power technology;solar power technology;technologies for renewable energy;renewable energy systems and technologies;renewable energy technologies;technology for renewable energy;biomass fuel technology;wind power technology;renewable energy technology;biofuel energy technology.,,,"The different types of energy sources which cannot be depleted, such as wind, solar, water, biomass, and biofuel energy. The different technologies used to implement these types of energy to an increasing degree, such as wind turbines, hydroelectric dams, photovoltaics, and concentrated solar power."
http://data.europa.eu/esco/skill/f84a433f-34f1-4083-b0a3-24802623509c,knowledge,sector-specific,web services,web services systems,,,XML-based information systems that allows for direct interactions between applications through Internet. It is a set of protocols for transferring data between applications and systems.
http://data.europa.eu/esco/skill/f85bb847-febe-4853-9dbf-7d25424e5921,knowledge,cross-sector,civil process order,civil measure order;civil refinement order;civil analysis order;civil handling order,,,The legal procedures and standards that courts follow in civil lawsuits.
http://data.europa.eu/esco/skill/f88cb903-83a2-44a3-98a8-e72180ec37a9,skill/competence,sector-specific,plan research process,outline research process;plan research schedule;organise research schedule;organise research process;define research methodologies,,,Outline the research methodologies and schedule in order to ensure that the research can be thoroughly and efficiently executed and that the objectives can be met in a timely manner.
http://data.europa.eu/esco/skill/f8bf9a84-d60b-4edc-bfa0-b0ece9bf8954,skill/competence,occupation-specific,create documented procedures,establishment of documented procedures;creating of documented procedures;establishing of documented procedures;documented procedures establishment;creating documented procedures;establish documented procedures;establishing documented procedures;creation of documented procedures;documented procedures creation,,,Create and document procedures and metadata definitions.
http://data.europa.eu/esco/skill/f8cb12e3-12ad-4260-81ac-e8b4a0c745cc,skill/competence,cross-sector,research human behaviour,evaluate human behaviour;human behaviour research;examine human behaviour;study human behaviour;researching human behaviour;analyse human behaviour;research human behavior,,,"Analyse, study, and explain human behaviour, uncover the reasons why individuals and groups behave as they do, and look for patterns in order to predict future behaviour."
http://data.europa.eu/esco/skill/f8d30e1d-baa7-4d35-b9f4-df7e1650396e,skill/competence,sector-specific,perform background research on writing subject,do background research on writing subject;perform writing subject background research;conduct background research on writing subject;perform background research on writing subjects;performing background research on writing subject,,,Run thorough background research on writing subject; desk-based research as well as site visits and interviews.
http://data.europa.eu/esco/skill/f8e7c608-a92d-4b61-b84f-e2453b0aa4a4,skill/competence,cross-sector,follow up online user requests,conduct activities to address online user feedback;assess feedback from online users and implement activities to meet their requests;address online user requests;address requests of online users;follow up website user requests;implement activities to address online user feedback;conduct activities to meet requests of website users;follow up requests of website users;conduct activities to meet requests of online users;follow up requests of online users,,,Take feedback from online visitors and take actions that address their requests according to their specific needs.
http://data.europa.eu/esco/skill/f8f1f725-0105-41fa-9887-4df9e7a7af1e,skill/competence,sector-specific,manage email hosting service,maintain a private e-mail service platform,,,"Oversee the day-to-day running of a private email platform by maintaining and refining provided services, such as spam and virus protection, blocking advertisement, website redesigns and search engine optimisation."
http://data.europa.eu/esco/skill/f90d4810-8bac-4e5e-b870-3e35a4138ff7,skill/competence,sector-specific,accept own accountability,accept accountability;be accountable within one's own scope of practice;recognise own accountability;be aware of one's own accountability,,,Accept accountability for one`s own professional activities and recognise the limits of one`s own scope of practice and competencies.
http://data.europa.eu/esco/skill/f914df1a-c9fd-47ab-b1ec-bc7c6f572640,skill/competence,cross-sector,influence policy makers on social service issues,communicate with policy makers on social service issues;influence policymakers on social service issues;influence policy-makers on social service issues;influence social service policy makers;advise policy makers on social service issues;provide advice to policy makers on social service issues;influence social service policymakers,,,Inform and advise policy makers by explaining and interpreting the needs of the citizens to enhance social service programs and policies.
http://data.europa.eu/esco/skill/f929c89e-c363-4132-a918-e021d57b307c,knowledge,cross-sector,supply chain management,management of a supply chain;supply chain managing;manage a supply chain;supply chain administration;supply chain supervision;supply chain regulation;supply chain oversight,,,"The flow of goods in the supply chain, movement and storage of raw materials, work-in-process inventory, and finished goods from point of origin to point of consumption."
http://data.europa.eu/esco/skill/f9670490-8aa4-4540-b121-d440a8294aab,skill/competence,occupation-specific,develop data processing applications,build data processing applications;design data processing applications;design data processing software;develop data processing software;create data processing applications,,,Create a customised software for processing data by selecting and using the appropriate computer programming language in order for an ICT system to produce demanded output based on expected input.
http://data.europa.eu/esco/skill/f975091a-e5a5-4472-ac17-11680e53e98f,skill/competence,cross-sector,seek innovation in current practices,innovate;seek an innovative current practice;identify innovation;seek innovative current practices,,,"Search for improvements and present innovative solutions, creativity and alternative thinking to develop new technologies, methods or ideas for and answers to work-related problems."
http://data.europa.eu/esco/skill/f9a6f35b-01a7-40c9-8b61-b6ee46f97272,knowledge,sector-specific,operating systems,OS architecture;AS400;WIN/NT;Novell;VMS,MacOS;Android;Ubuntu;Linux;IOS;Windows,,"The features, restrictions, architectures and other characteristics of operating systems such Linux, Windows, MacOS, etc."
http://data.europa.eu/esco/skill/f9e788df-d68a-4f92-92c7-80e135fc35ff,knowledge,cross-sector,ICT networking hardware,ICT networking devices;computer networking devices,,,"The ICT network equipment or computer networking devices, such as UPS systems, electrical systems, networking facilities and structured cabling systems."
http://data.europa.eu/esco/skill/f9f258e3-4728-4107-9e08-293d5d2ef65e,knowledge,cross-sector,psychiatry,diagnosis and treatment methods for mental disorders and illnesses;treatment of mental diseases,,,Psychiatry is a medical specialty mentioned in the EU Directive 2005/36/EC.
http://data.europa.eu/esco/skill/f9faf3a5-1b4a-43c2-be0e-ad389c8a8685,skill/competence,sector-specific,promote psycho-social education,increase awareness of psycho-social issues;supply education in psycho-social issues;implement pyscho-social education activities;advocate psycho-social education;advocate education in psycho-social issues;provide education in psycho-social issues;deliver psycho-social education activities;provide psycho-social education;raise awareness and knowledge on psycho-social issues;perform awareness raising activities for psychosocial issues;promote education in pyscho-social issues,,,"Explain mental health issues in simple and understandable ways, helping de-pathologise and de-stigmatise common mental health stereotypes and condemning prejudicial or discriminatory behaviours, systems, institutions, practices, and attitudes that are clearly separatist, abusive or harmful to people's mental health or their social inclusion."
http://data.europa.eu/esco/skill/fa01d9a8-34ee-497f-a8ac-27726695a14d,skill/competence,cross-sector,advise customers on motor vehicles,help customers on motor vehicles;suggest customers on motor vehicles;advise a customer on motor vehicles;instruct customers on motor vehicles;support customers on motor vehicles;advising customers on motor vehicles;advise a customer about a motor vehicle,,,"Provide customer advice on motor vehicles, and possible options and accessories; communicate clearly and politely."
http://data.europa.eu/esco/skill/fa3567c8-a7c1-40de-bac0-a4f5a85b9f1a,skill/competence,sector-specific,develop contingency plans for emergencies,produce plans for procedures to be taken in an emergency;produce action plans for emergency situations;produce emergency action plans;develop emergency contingency plans;outline procedures to taken in the event of an emergency;compose emergency contingency plans;create contingency plans for emergencies;compose contingency plans for emergencies;create emergency contingency plans;develop contingency plans for use in emergencies;outline actions to be taken in the event of an emergency,,,"Compose procedures outlining specific actions to be taken in the event of an emergency, taking into account all the risks and dangers that could be involved, ensuring that the plans comply with safety legislation and represent the safest course of action."
http://data.europa.eu/esco/skill/fa465db3-56e8-4b5d-a781-e2a313a4ed2d,skill/competence,cross-sector,conduct qualitative research,apply qualitative research methods,,,"Gather relevant information by applying systematic methods, such as interviews, focus groups, text analysis, observations and case studies."
http://data.europa.eu/esco/skill/fa642fc3-5cc5-41cf-8926-6617a8b976a7,skill/competence,cross-sector,promote the participation of citizens in scientific and research activities,encourage civic engagement in research;engage public in research;engage citizens in scientific and research activities;foster public involvement in scientific research;promote citizens participation in research,,,"Engage citizens in scientific and research activities and promote their contribution in terms of knowledge, time or resources invested."
http://data.europa.eu/esco/skill/fa68995c-305b-4962-96e7-70782fc385f8,skill/competence,cross-sector,perform political negotiation,implement political arbitration;implement political negotiation;undertake political negotiation;complete political negotiation;undertake political arbitration;complete political arbitration,,,"Perform debate and argumentative dialogue in a political context, using negotiation techniques specific to political contexts in order to obtain the desired goal, ensure compromise, and maintain cooperative relations."
http://data.europa.eu/esco/skill/fae1463c-9f5c-4b4f-96be-c461703bca8c,skill/competence,sector-specific,inform customers on energy consumption fees,give information on energy consumption fees;giving information on energy consumption fees;customer informing on energy consumption fees;energy consumption fee information giving;energy consumption fees information giving;customer informing about energy consumption fees;informing customers on energy consumption fees,,,"Inform potential customers of an energy retailer on the monthly fees charged for their energy supply services, and any additional charges."
http://data.europa.eu/esco/skill/fae27053-8924-4bfd-b565-c9fe502044c9,knowledge,sector-specific,system design,system architecture design,,,"The process of defining the architecture for different components and modules of a system, as well as the relevant data, for satisfying specific requirements."
http://data.europa.eu/esco/skill/fae7e545-5114-43cc-8e83-178e2549ecb9,knowledge,sector-specific,building information modelling,BIM;Building Information Modelling;bim,,,"A software platform for integrated design, modelling, planning, and collaboration, which provides a digital representation of a building's characteristics in its whole lifecycle."
http://data.europa.eu/esco/skill/faf208ae-d4a4-43b4-bb82-846b7348b740,skill/competence,cross-sector,manage information sources,organise information workflows,,,Identify relevant internal and external information sources and providers. Organise the information workflow and define information deliverables.
http://data.europa.eu/esco/skill/faf8943c-72ff-4736-a587-25508695d6f0,skill/competence,cross-sector,maintain financial records,oversee financial records;maintain financial record;keep financial records;maintaining financial records;update financial records,,,Keep track of and finalise all formal documents representing the financial transactions of a business or project.
http://data.europa.eu/esco/skill/fafe0b9d-dbd9-46bd-b770-26299539ce66,knowledge,sector-specific,ICT process quality models,Quality maturity models;CMMI (Capability Maturity Model Integrated);software process quality;CMM,,,"The quality models for ICT services which address the maturity of the processes, the adoption of recommended practices and their definition and institutionalisation that allow the organisation to reliably and sustainably produce required outcomes. It includes models in a lot of ICT areas."
http://data.europa.eu/esco/skill/fb221711-05c3-4196-ba72-813ed5bd040e,skill/competence,cross-sector,lead the brand strategic planning process,administer the brand strategic planning process;direct the brand strategic planning process;control the brand strategic planning process;lead a brand strategic planning process;determine the brand strategic planning process;leading the brand strategic planning process;lead brand strategic planning processes,,,Manage the strategic planning process of the brand as well as provide innovation and progress in the strategy planning methodologies and improvements for consumer communication in order to base innovation and strategies on consumer insights and needs.
http://data.europa.eu/esco/skill/fb3bc9b5-2297-4bba-85b1-60f696a92db8,knowledge,sector-specific,characteristics of services,characteristics of a service;qualities of services;characteristic of a service;components of services;aspects of services;attributes of services;service characteristics,,,"The characteristics of a service that might include having acquired information about its application, function, features, use and support requirements."
http://data.europa.eu/esco/skill/fb7aee4d-f6c6-4a87-8e9d-8e542b3771f8,knowledge,sector-specific,software metrics,software measurement metrics,,,The metrics that measure a characteristic of the software system in order to determine the development of the software and evaluate it.
http://data.europa.eu/esco/skill/fbafa41f-cd05-4109-a649-8b44d306d779,skill/competence,sector-specific,create data models,manage data models,,,"Use specific techniques and methodologies to analyse the data requirements of an organisation's business processes in order to create models for these data, such as conceptual, logical and physical models. These models have a specific structure and format."
http://data.europa.eu/esco/skill/fbbcb9ab-4b95-4e57-a756-30d08b7da7a5,skill/competence,sector-specific,maintain ICT system,monitor and optimise system performance;apply system monitoring techniques,,,Select and apply system and network monitoring techniques. Identify and fix operational problems. Ensure that system's capabilities and efficiency match company specifications.
http://data.europa.eu/esco/skill/fbca4e43-3816-44cf-81a5-d7b5ae320c00,skill/competence,occupation-specific,guide staff,support staff;inform staff;support co-workers;direct staff;help staff;inform co-workers;help co-workers;direct co-workers,,,Lead and manage team in order to keep them informed about a variety of rules and regulations regarding to grants.
http://data.europa.eu/esco/skill/fbdfc3bf-56a0-4454-a17d-2f513fe57b53,skill/competence,cross-sector,manage stress in the work place,manage stress in organization;deal with stress in an organization;handle stress in organizations;cope with stress in organisation;cope with pressure in the work place;manage stress in an organisation;handle stressful situations in an organisation;manage stress in organisations,,,"Cope with sources of stress and cross-pressure in one's own professional life, such as occupational, managerial, institutional and personal stress, and help others do the same so as to promote the well-being of your colleagues and avoid burn-out."
http://data.europa.eu/esco/skill/fbe6232a-e2b2-4830-a5e6-ed6415f01e85,skill/competence,cross-sector,analyse community needs,respond to community needs;identify community needs;analyse needs of community;find out community needs;analyze community needs;research community needs;allocate resources according to community needs,,,"Identify and respond to specific social problems in a community, delineating the extent of the problem and outline the level of resources required to address it and identifying the existing community assets and resources that are available to address the problem."
http://data.europa.eu/esco/skill/fc153ec6-1320-4f13-9158-ebde86c5303e,skill/competence,occupation-specific,liaise with logistics management teams,increase service efficiency by collaborating with logistics management teams;liaise with logistics management teams to optimise service levels;increase service efficiency by liaising with logistics management teams;increase service efficiency by communicating with logistics management teams;confer with logistics management teams;facilitate service optimisation through communication with logistics management teams;communicate with logistics management teams to optimise service levels;collaborate with logistics management;collaborate with logistics management teams to optimise service levels;communicate with logistics management teams;facilitate service optimisation through collaboration with logistics management teams,,,Communicate with logistics management in order to optimise service levels; optimise the supply chain while keeping expenditures at a minimum.
http://data.europa.eu/esco/skill/fc1eae96-01cb-4d97-b594-d5040913675e,skill/competence,sector-specific,maintain parts inventory,manage parts inventory;control parts inventory;maintain parts inventories;maintain a parts inventory;maintaining a parts inventory;sustain parts inventory;preserve parts inventory,,,Maintain stock levels in accordance with organisation procedures and policies; estimate upcoming supply needs.
http://data.europa.eu/esco/skill/fc2f1d4f-a46f-471e-a618-cbd4d0496a53,skill/competence,sector-specific,implement ICT recovery system,disaster recovery;recover ICT system,,,"Create, manage and implement ICT system recovery plan in case of crisis in order to retrieve information and reacquire use of the system."
http://data.europa.eu/esco/skill/fc3cdc2c-7b79-4b5c-a4b0-f3b996fef849,skill/competence,sector-specific,attend meetings,attend committees and conventions;turn up at gatherings;frequent meetings;appear at gatherings;take part in gatherings;appear at meetings;take part in meetings;frequent gatherings;turn up at meetings,,,"Deal with committees, conventions and meetings in order to follow up strategies, conclude bilateral or multilateral agreements, and facilitate enforcement of such agreements."
http://data.europa.eu/esco/skill/fc4fcb4b-993f-4f2c-b158-c2171ec18ed8,skill/competence,cross-sector,draw design sketches,create design sketches,,,Create rough pictures to assist in creating and communicating design concepts.
http://data.europa.eu/esco/skill/fc54bd7f-0c03-4fdd-af8c-5eb4021e716d,skill/competence,cross-sector,identify with the company's goals,identify with the company's mission;identify with the company's vision and goals;make the company's goals one's own;understand and pursue the company's goals,,,Act for the benefit of the company and for the achievement of its targets.
http://data.europa.eu/esco/skill/fc94266b-322d-4f1d-87a0-03f999e72344,knowledge,sector-specific,blockchain mining principles,principles of mining in blockchain,,,"Essential blockchain and cryptocurrency mining types and principles include ASIC mining, GPU mining, CPU mining, Cloud mining, and Mining pools."
http://data.europa.eu/esco/skill/fcbb3a90-cdde-49ff-9ecc-8e2c0a6dfca2,skill/competence,sector-specific,collect cyber defence data,collect cyber defence intelligence;gather cyber defence intelligence;gather cyber defence data;collect data for cyber defence through online trade records;collect data for cyber defence through DNS request logs,,,"Collect data for cyber defence using various data collection tools. Data may be gathered from a number of internal or external sources such as online trade records, DNS request logs, email servers' logs, digital communications packet capturing, deep web resources, etc."
http://data.europa.eu/esco/skill/fcbc6daf-8207-4f9e-aadb-5bbcb3f3ccc2,skill/competence,sector-specific,analyse the comments of selected audiences,evaluate the comments of select audiences;analyze the comments of select audiences;analyse select audiences comments;review the comments of select audiences;examine the comments of select audiences;survey the comments of select audiences;analyse the comments of select audience,,,"Identify and summarise recurring and distinctive elements in comments from selected, trusted audiences."
http://data.europa.eu/esco/skill/fcd02121-ae3e-4d20-92ee-e2e368658a45,knowledge,cross-sector,insurance market,coverage market;insurance markets,,,"The trends and major driving factors in the insurance market, insurance methodologies and practices, and the identification of the major stakeholders in the insurance sector."
http://data.europa.eu/esco/skill/fcd7dbd4-095d-448d-b605-89e8ac6a3d92,skill/competence,cross-sector,coach clients,manage clients;supervise clients;coaching client;coaching clients;prepare clients,,,Actively help clients to improve their strengths and confidence. Propose courses and workshops or coach them yourself.
http://data.europa.eu/esco/skill/fce3268c-c944-4a5f-8b9c-034a72d5df13,knowledge,cross-sector,types of insurance,insurance typology;categories of insurance types;types of insurance products;insurance types;insurance categories,,,"The various types of risk or loss transfer policies that exist and their characteristics, such as health insurance, car insurance or life insurance."
http://data.europa.eu/esco/skill/fcfe276a-ee17-490b-b179-3ceba754eba7,skill/competence,sector-specific,provide health psychological analysis,advise organisations on health psychological issues;offer health psychological analysis;advise organizations on health psychological matters;offer health psychological analyses;provide health psychological analyses,,,"Advise organizations and institutions in regard to health conditions, measures of health promotion, health care and rehabilitation by providing them with health psychological analysis."
http://data.europa.eu/esco/skill/fd05efb9-5449-4134-af11-84b532a46d61,skill/competence,cross-sector,provide community development services,provide community development service;provide community-based social services;provide services to specific groups in communities,,,"Provide community based social services to specific groups, individuals or families by assessing their needs, collaborating with appropriate organisations and authorities and facilitating seminars and group workshops that improve their well-being in the local area."
http://data.europa.eu/esco/skill/fd33c66c-70c4-40e6-b87c-5495bd3bf26e,skill/competence,sector-specific,design user interface,design user interface specifications;design user interfaces,,,"Create software or device components which enable interaction between humans and systems or machines, using appropriate techniques, languages and tools so as to streamline interaction while using the system or machine."
http://data.europa.eu/esco/skill/fd446407-b08e-49da-b8e3-7e7c79618c3f,skill/competence,cross-sector,conduct public presentations,giving presentations to the public;give presentations to the public;conducting presentations to the public;conduct presentations to the public;public presentations conducting;give public presentations;conducting public presentations;public presentations giving;giving public presentations,,,"Speak in public and interact with those present. Prepare notices, plans, charts, and other information to support the presentation."
http://data.europa.eu/esco/skill/fd6aa2f5-b061-4ba2-a047-23d35d77f9cf,skill/competence,sector-specific,manage production changeovers,manage changeovers in production;supervise production changeovers;ensure successful changeovers to meet production schedule;plan and implement production changeovers and related activities;oversee production changeovers;ensure execution of efficient production changeovers;oversee changeovers in production;implement effective changeovers to meet production schedule,,,"Plan and oversee changeovers and related activities on a timely basis, in order to successfully execute the required production schedule."
http://data.europa.eu/esco/skill/fd6d2981-3d4a-4ce2-9741-cfc98c5b74bd,skill/competence,sector-specific,implement data warehousing techniques,implement data warehousing solutions,,,"Apply models and tools such as online analytical processing (OLAP) and Online transaction processing (OLTP), to integrate structured or unstructured data from sources, in order to create a central depository of historical and current data."
http://data.europa.eu/esco/skill/fd843a67-4662-4682-9c7e-b4d794eaff12,skill/competence,cross-sector,prepare market research reports,prepare reports from market research;create market research reports;get market research reports ready;write up market research reports;prepare market research report;preparing market research reports,,,"Report on the outcomes of the market research, main observations and outcomes, and notes helpful for analysing the information."
http://data.europa.eu/esco/skill/fd88851f-4d1d-4de8-aee1-4464c3012969,skill/competence,cross-sector,provide career counselling,make career counselling available;offer career counselling;discuss career possibilities with students;providing career counselling;discuss career possibilities with beneficiaries;supply career counselling;provides career counselling;provide career counseling,,,"Advise beneficiaries on future career options through counselling and, potentially, through career testing and evaluation."
http://data.europa.eu/esco/skill/fd8c0029-9dc7-4b54-845b-ed30c61ba0f8,skill/competence,cross-sector,translate language concepts,translate language precepts;translate language concept;translate language ideas;translating language concepts;translate language notions,,,"Translate one language into another language. Match words and expressions with their corresponding brothers in other languages, while making sure that the message and nuances of the original text are preserved."
http://data.europa.eu/esco/skill/fda917eb-0d6a-4371-8c93-2a10bf950966,skill/competence,sector-specific,manage ICT semantic integration,coordinate ICT semantic integration;oversee ICT semantic integration;handle ICT semantic integration;manage ICT semantic database integration;manage ICT semantic integration processes,,,"Oversee integration of public or internal databases and other data, by using semantic technologies to produce structured semantic output."
http://data.europa.eu/esco/skill/fdb44237-c0b0-4924-9439-911332e0d884,skill/competence,sector-specific,build helping relationship with social service users,build professional relationship with social service users;build a helping relationship with service users;develop a collaborative relationship with social service users;build cooperative relationship with social service users;build helping relationship with service user;build helping relationships with service users;establish and maintain cooperative relationships in social work,,,"Develop a collaborative helping relationship, addressing any ruptures or strains in the relationship, fostering bonding and gaining service users` trust and cooperation through empathic listening, caring, warmth and authenticity."
http://data.europa.eu/esco/skill/fddc5d4f-0dfe-42fb-a1c0-3ad827db2216,skill/competence,cross-sector,tackle issues that block academic progress,solve issues blocking academic progress;tackle an issue which blocks academic progress;tackle an issue that blocks academic progress;tackle issues which block academic progress;provide counseling for issues blocking academic progress;provide counselling for issues blocking academic progress,,,"Address the issues that can block a pupil`s school progress, such as social, psychological, emotional or physical difficulties, through counselling and intervention methods."
http://data.europa.eu/esco/skill/fde186df-c9c4-49f5-b2a5-d66adc7c43a5,skill/competence,cross-sector,negotiate buying conditions,negotiating a buying condition;discuss buying conditions;improve buying conditions;negotiating buying conditions;negotiate buying condition;agree buying conditions;determine buying conditions,,,"Negotiate terms such as price, quantity, quality, and delivery terms with vendors and suppliers in order to ensure the most beneficial buying conditions."
http://data.europa.eu/esco/skill/fe1c2b32-7fe9-4668-affa-07ff658a68cf,skill/competence,sector-specific,identify ICT security risks,identify ICT security risks and threats;model ICT threats,,,"Apply methods and techniques to identify potential security threats, security breaches and risk factors using ICT tools for surveying ICT systems, analysing risks, vulnerabilities and threats and evaluating contingency plans."
http://data.europa.eu/esco/skill/fe1ec582-d63b-466c-9149-e7fc4fe93e22,knowledge,sector-specific,supplier management,management of suppliers;supplier management and optimisation;management of key suppliers;supplier research and selection,,,"The methods and techniques to ensure that external services and configuration items, which are necessary for the service delivery, are available as requested and as agreed at the service level."
http://data.europa.eu/esco/skill/fe29e658-7cad-4b70-a169-10a240ec0bef,skill/competence,sector-specific,work in a logistics team,work with a logistics team;work as one part of a logistics team;act collectively with a logistics team to achieve work goals;work as part of a logistics team;perform work activities within a logistics team;work within a logistics team;undertake work activities as part of a logistics team;conduct work activities within a logistics team;collaborate with members of a logistics team to achieve work goals,,,"Ability to work confidently within a logistics team, with each member of the team fulfilling a role designed to increase the efficiency of the whole."
http://data.europa.eu/esco/skill/fe30a4b0-1a99-4fc7-afff-b162b8c834ba,knowledge,cross-sector,communication principles,communication principle;communication theories;principles of communication;communication ideals,,,"The set of commonly shared principles in regards with communication such as active listening, establish rapport, adjusting the register, and respecting the intervention of others."
http://data.europa.eu/esco/skill/fe39d4db-4cb5-4299-bb9f-896c8fd6ab13,skill/competence,cross-sector,perform market research,complete market research;performing market research;implement market research;market research performance;undertake market research,,,"Gather, assess and represent data about target market and customers in order to facilitate strategic development and feasibility studies. Identify market trends."
http://data.europa.eu/esco/skill/feb330a2-791e-460d-9e58-83559081fcc8,skill/competence,occupation-specific,advise on humanitarian aid,contribute humanitarian advice;give human welfare advice;furnish human welfare advice;provide humanitarian advice;furnish humanitarian advice;arrange humanitarian advice;arrange human welfare advice;give humanitarian advice;contribute human welfare advice,,,"Advise on policies, programs and methods that promote humanitarian action to save lives and ensure human dignity during and after humanitarian crises."
http://data.europa.eu/esco/skill/fecf8a0d-62c4-4e71-9b03-0f4fc2ad7bf5,knowledge,sector-specific,data models,data modelling,,,"The techniques and existing systems used for structuring data elements and showing relationships between them, as well as methods for interpreting the data structures and relationships."
http://data.europa.eu/esco/skill/fef96bad-e623-42cd-b961-d1adf39db8b9,knowledge,sector-specific,media and information literacy,digital literacy;digital information literacy;digital media literacy;literacy of digital media aspects;media content literacy,,,"The ability to access media, to understand and critically evaluate different aspects of the media and media content and to create communications in a variety of contexts. It involves a range of cognitive, emotional, and social competencies that include the use of text, tools and technologies, the skills of critical thinking and analysis, the practice of messaging composition and creativity and the ability to engage in reflection and ethical thinking."
http://data.europa.eu/esco/skill/ff258a7e-b2ba-414a-9878-2380ecf89de0,skill/competence,cross-sector,interpret pedigree charts,analyse pedigree chart;examine pedigree chart;analyse pedigree charts;assay pedigree chart;examine pedigree charts;interpret pedigree diagram;assay pedigree charts;interpret pedigree diagrams;construct and interpret pedigree charts,,,Construct and interpret diagrams that show the occurrence and appearance of a particular gene and its ancestors from one generation to the next.
http://data.europa.eu/esco/skill/ff599c4c-f7bc-44fc-b75f-eea4b7178692,knowledge,sector-specific,management systems standards,management systems principles,,,The standards that improve the performance of an organisation by outlining activities that helps to achieve goals and objectives. They also help to create an organisational culture that provides ground for continuous self-evaluation and improvement of the business operations.
http://data.europa.eu/esco/skill/ff64e9fc-36dd-4035-872a-83aa41dc1ad9,skill/competence,cross-sector,communicate with a non-scientific audience,engage in public awareness of research;communicate scientific results to the public;support public understanding of science findings;communicate publicly about scientific findings,,,"Communicate about scientific findings to a non-scientific audience, including the general public. Tailor the communication of scientific concepts, debates, findings to the audience, using a variety of methods for different target groups, including visual presentations."
http://data.europa.eu/esco/skill/ff862044-d49e-4417-bf65-1ae2c0a47e5a,skill/competence,cross-sector,analyse work-related written reports,analyse job-related written reports;evaluate work-related written reports;conduct analysis of written reports;conduct analysis of the content of job-related written reports;assess work-related written reports;conduct analysis of content of work-related written reports;assess job-related written reports;conduct analysis of written reports and apply findings to work operations;evaluate job-related written reports;analyze work-related written reports;conduct analysis of the content of written reports,,,"Read and comprehend job-related reports, analyse the content of reports and apply findings to daily work operations."
http://data.europa.eu/esco/skill/ff8bd17c-77e9-4d4e-929a-a0cf86f3ed34,knowledge,cross-sector,surveillance methods,surveillance processes;scrutiny processes;scrutiny approaches;surveillance approaches;surveillance arrangements: surveillance mechanisms;scrutiny arrangements: scrutiny mechanisms,,,Surveillance methods used in the gathering of information and intelligence for investigation purposes.
http://data.europa.eu/esco/skill/ffc7b5ae-1bae-42eb-b9dd-c9044fea7105,knowledge,cross-sector,dependency on drugs,substance dependency;dependency on a drug;dependency on substances;drug dependency;alcohol and drug dependency,,,"Dependency on substances such as alcohol, prescribed medication or cocaine and their impact on the brain and human body."
http://data.europa.eu/esco/skill/ffddfc7c-a9dd-449f-9e96-882dc447c8b6,knowledge,sector-specific,Scala,Scala Programming Language,,,"The techniques and principles of software development, such as analysis, algorithms, coding, testing and compiling of programming paradigms in Scala."
http://data.europa.eu/esco/skill/fff0e2cd-d0bd-4b02-9daf-158b79d9688a,knowledge,sector-specific,natural language processing,NLP,,,The technologies which enable ICT devices to understand and interact with users through human language.
